Workbook

Sheet PRECIOS ACUM
B1: PRECIOS ESTIMADOS DE ENERGIA y POTENCIA x MERCADO
B2: Incluye CVP y estimación de renta marginal en base a datos operativos
B3: Incluye estimación de costos variables y fijos de la generación asignada | Q3: 45962
B4: No incluye costos de servicios adicionales ni de transporte en AT/DT | Q4: 45992
B5: No incluye contratos MATE - MATP a ser transaccionados | F5: =+IF(MONTH(D7)=MONTH(MAX('Mono SPOT MAT'!G19:G1048576)),"Análisis hasta:","") -> Análisis hasta: | G5: =+IF(MONTH(D7)=MONTH(MAX('Mono SPOT MAT'!G19:G1048576)),MAX('Mono SPOT MAT'!G19:G1048576),"") -> 46195 | Q5: 46023
B6: Datos provisorios a confirmar con la salida del DTE | F6: Días del mes: | G6: =+EDATE(D7,1)-D7 -> 30 | Q6: 46054
B7: VALORES ACUMULADO MES | D7: 46174 | Q7: 46082
B8: Mercado asociado a Grandes Usuarios y demanda | F8: Mercado asociado a demanda estacionalizada | Q8: 46113
B9: estacionalizada no cubierta por la generación asignada | F9: (Res/NO Res) cubierta por la generación asignada | Q9: 46143
D10: MERCADO SPOT | H10: MERCADO ASIGNADA | Q10: 46174
A11: =+A10+1 -> 1 | B11: POT MEDIA | C11: MW med | D11: =+VLOOKUP($D$7,'Fisico SPOT MAT'!$G$7:$M$16,7,FALSE) -> 6350.6732 | F11: POT MEDIA | G11: MW med | H11: =+VLOOKUP($D$7,'Fisico ASIG'!$E$8:$W$16,10,FALSE) -> 9215.3935
A12: =+A11+1 -> 2 | B12: CMg | C12: usd/MWh | D12: =+VLOOKUP($D$7,Precios!$D$6:$N$14,2,FALSE) -> 204.28822
A13: =+A12+1 -> 3 | B13: ENERGIA | C13: usd/MWh | D13: =+VLOOKUP($D$7,Precios!$D$6:$N$14,3,FALSE) -> 156.78839 | F13: ENERGIA | G13: usd/MWh | H13: =+VLOOKUP($D$7,Precios!$D$6:$N$14,6,FALSE) -> 80.427532
A14: =+A13+1 -> 4 | B14: POTENCIA | C14: usd/MWhrp | D14: =+VLOOKUP($D$7,Precios!$D$6:$N$14,4,FALSE) -> 17.6 | F14: POTENCIA | G14: usd/MWhrp | H14: =+VLOOKUP($D$7,Precios!$D$6:$N$14,7,FALSE) -> 17.6
A15: =+A14+1 -> 5 | B15: MONO E + P para FC | C15: usd/MWh | D15: =+VLOOKUP($D$7,Precios!$D$6:$AC$14,18,FALSE) -> 167.95362 | F15: MONO ASIG | G15: usd/MWh | H15: =+VLOOKUP($D$7,Precios!$D$6:$N$14,5,FALSE) -> 95.202871
B16: Servicios | C16: usd/MWh | F16: =+B16 -> Servicios | G16: usd/MWh
B17: Transporte | C17: usd/MWh | F17: =+B17 -> Transporte | G17: usd/MWh
B18: MONO E + P para FC | C18: usd/MWh | D18: =+D15+D16+D17 -> 167.95362 | F18: MONO ASIG | G18: usd/MWh | H18: =+H15+H16+H17 -> 95.202871
F20: Mercado a término de Energía
F21: Generación Térmica asociada al MAT
D22: TÉRMICO SPOT | H22: TÉRMICO MATE
B23: POT MEDIA | C23: MW med | D23: =+VLOOKUP($D$7,'Fisico SPOT MAT'!$G$7:$Z$16,2,FALSE) -> 5811.3069 | F23: POT MEDIA | G23: MW med | H23: =+VLOOKUP($D$7,'Fisico SPOT MAT'!$G$7:$Z$16,14,FALSE) -> 700
B24: ENERGIA | C24: usd/MWh | D24: =+VLOOKUP($D$7,'Mono SPOT MAT'!$G$7:$M$15,2,FALSE) -> 161.3501 | F24: ENERGIA | G24: usd/MWh | H24: =+VLOOKUP($D$7,Precios!$D$6:$N$14,8,FALSE) -> 75
B25: POTENCIA | C25: usd/MWhrp | D25: =+VLOOKUP($D$7,Precios!$D$6:$N$14,4,FALSE) -> 17.6 | F25: POTENCIA | G25: usd/MWhrp | H25: =+IF(H23=0,0,VLOOKUP($D$7,Precios!$D$6:$N$14,7,FALSE)) -> 17.6
B26: MONO E + P para FC | C26: usd/MWh | D26: =+VLOOKUP($D$7,Precios!$D$6:$AC$14,19,FALSE) -> 172.51533 | F26: MONO MAT | G26: usd/MWh | H26: =+IF(H23=0,0,+D26-D24+H24) -> 86.165235
A30: =+A21+1 -> 1 | B30: Potencia Media de generación spot en el período | E30: =+E21+1 -> 1 | F30: Potencia Media de generación asignada en el período
A31: =+A30+1 -> 2 | B31: Costo Marginal Medio
A32: =+A31+1 -> 3 | B32: Precio de la Energía en el Mercado Spot | E32: 3 | F32: Precio de la Energía mensual para el Mercado de Asignada
A33: =+A32+1 -> 4 | B33: Precio de la Potencia en el Mercado Spot | E33: =+E32+1 -> 4 | F33: Precio de la Potencia para el Mercado de Asignada
A34: =+A33+1 -> 5 | B34: Valor monómico simulado Mercado Spot para FC y HRP | E34: 5 | F34: Monómico de Costo de la Generación Asignada

Sheet Precios
B1: PRECIOS ESTIMADOS DE ENERGIA y POTENCIA x MERCADO
B2: Incluye CVP y estimación de renta marginal en base a datos operativos
B3: Incluye estimación de costos variables y fijos de la generación asignada
B5: VALORES ECONOMICOS - ACUMULADO MES | E5: usd/MWh | F5: usd/MWh | G5: usd/MWhrp | H5: usd/MWh | I5: usd/MWh | J5: usd/MWhrp | K5: usd/MWh | T5: usd/MWh | U5: usd/MWh | X5: usd/MWh
C6: Cant días: | D6: MES | E6: CMg | F6: ENER SPOT | G6: POT SPOT | H6: MONO ASIG | I6: ENER ASIG | J6: POT ASIG | K6: TÉRMICO MATE | N6: POT SPOT | P6: HRP | Q6: HMES | R6: Factor Potencia | S6: FC SPOT | T6: POT SPOT | U6: MONO SPOT | V6: TÉRMICO SPOT | W6: FC Asignado | X6: POT asig
C7: =+EDATE(D7,1)-D7 -> 30 | D7: 45962 | E7: =AVERAGEIFS($E$20:$E$1048576,$B$20:$B$1048576,D7) -> 32.334184 | F7: =+SUMPRODUCT(F51:F80,'Fisico SPOT MAT'!M51:M80)/SUM('Fisico SPOT MAT'!M51:M80) -> 35.782032 | G7: =+SUMPRODUCT(G51:G80,'Fisico SPOT MAT'!S51:S80)/SUM('Fisico SPOT MAT'!S51:S80) -> 14.4 | H7: =+SUMPRODUCT(H51:H80,'Fisico SPOT MAT'!$P$51:$P$80)/SUM('Fisico SPOT MAT'!$P$51:$P$80) -> 62.201004 | I7: =+SUMPRODUCT(I51:I80,'Fisico SPOT MAT'!$P$51:$P$80)/SUM('Fisico SPOT MAT'!$P$51:$P$80) -> 47.78583 | J7: =+SUMPRODUCT(J51:J80,'Fisico SPOT MAT'!$Y$51:$Y$80)/SUM('Fisico SPOT MAT'!$Y$51:$Y$80) -> 14.4 | N7: =AVERAGEIFS($N$20:$N$1048576,$B$20:$B$1048576,D7) -> 11.53116 | P7: ='Fisico SPOT MAT'!E8 -> 348 | Q7: =+C7*24 -> 720 | R7: =AVERAGEIFS(R$19:R$1048576,$B$19:$B$1048576,$D7) -> 0.9 | S7: 0.75 | T7: =+G7*P7/Q7/S7 -> 9.28 | U7: =+T7+F7 -> 45.062032 | V7: =+T7+'Mono SPOT MAT'!H8 -> 47.062843 | W7: 0.52 | X7: =+J7*P7/Q7/W7 -> 13.384615
C8: =+EDATE(D8,1)-D8 -> 31 | D8: 45992 | E8: =AVERAGEIFS($E$20:$E$1048576,$B$20:$B$1048576,D8) -> 40.553132 | F8: =+SUMPRODUCT(F81:F111,'Fisico SPOT MAT'!M81:M111)/SUM('Fisico SPOT MAT'!M81:M111) -> 40.399389 | G8: =+SUMPRODUCT(G81:G111,'Fisico SPOT MAT'!S81:S111)/SUM('Fisico SPOT MAT'!S81:S111) -> 17.6 | H8: =+SUMPRODUCT(H81:H111,'Fisico SPOT MAT'!$P$81:$P$111)/SUM('Fisico SPOT MAT'!$P$81:$P$111) -> 63.804977 | I8: =+SUMPRODUCT(I81:I111,'Fisico SPOT MAT'!$P$81:$P$111)/SUM('Fisico SPOT MAT'!$P$81:$P$111) -> 46.335994 | J8: =+SUMPRODUCT(J81:J111,'Fisico SPOT MAT'!$Y$81:$Y$111)/SUM('Fisico SPOT MAT'!$Y$81:$Y$111) -> 17.6 | N8: =AVERAGEIFS($N$20:$N$1048576,$B$20:$B$1048576,D8) -> 15.772536 | P8: ='Fisico SPOT MAT'!E9 -> 384 | Q8: =+C8*24 -> 744 | R8: =AVERAGEIFS(R$19:R$1048576,$B$19:$B$1048576,$D8) -> 1.1 | S8: 0.75 | T8: =+G8*P8/Q8/S8 -> 12.111828 | U8: =+T8+F8 -> 52.511217 | V8: =+T8+'Mono SPOT MAT'!H9 -> 54.271807 | W8: 0.52 | X8: =+J8*P8/Q8/W8 -> 17.468983
C9: =+EDATE(D9,1)-D9 -> 31 | D9: 46023 | E9: =AVERAGEIFS($E$20:$E$1048576,$B$20:$B$1048576,D9) -> 55.612597 | F9: =+SUMPRODUCT(F112:F142,'Fisico SPOT MAT'!M112:M142)/SUM('Fisico SPOT MAT'!M112:M142) -> 42.573442 | G9: =+SUMPRODUCT(G112:G142,'Fisico SPOT MAT'!S112:S142)/SUM('Fisico SPOT MAT'!S112:S142) -> 17.6 | H9: =+SUMPRODUCT(H112:H142,'Fisico SPOT MAT'!$P$112:$P$142)/SUM('Fisico SPOT MAT'!$P$112:$P$142) -> 65.972923 | I9: =+SUMPRODUCT(I112:I142,'Fisico SPOT MAT'!$P$112:$P$142)/SUM('Fisico SPOT MAT'!$P$112:$P$142) -> 48.412956 | J9: =+SUMPRODUCT(J112:J142,'Fisico SPOT MAT'!$Y$112:$Y$142)/SUM('Fisico SPOT MAT'!$Y$112:$Y$142) -> 17.6 | N9: =AVERAGEIFS($N$20:$N$1048576,$B$20:$B$1048576,D9) -> 15.674033 | P9: ='Fisico SPOT MAT'!E10 -> 386 | Q9: =+C9*24 -> 744 | R9: =AVERAGEIFS(R$19:R$1048576,$B$19:$B$1048576,$D9) -> 1.1 | S9: 0.75 | T9: =+G9*P9/Q9/S9 -> 12.17491 | U9: =+T9+F9 -> 54.748353 | V9: =+T9+'Mono SPOT MAT'!H10 -> 56.984422 | W9: 0.52 | X9: =+J9*P9/Q9/W9 -> 17.559967
C10: =+EDATE(D10,1)-D10 -> 28 | D10: 46054 | E10: =AVERAGEIFS($E$20:$E$1048576,$B$20:$B$1048576,D10) -> 52.514713 | F10: =+SUMPRODUCT(F143:F170,'Fisico SPOT MAT'!M143:M170)/SUM('Fisico SPOT MAT'!M143:M170) -> 42.909911 | G10: =+SUMPRODUCT(G143:G170,'Fisico SPOT MAT'!S143:S170)/SUM('Fisico SPOT MAT'!S143:S170) -> 17.6 | H10: =+SUMPRODUCT(H143:H170,'Fisico ASIG'!$N$143:$N$170)/SUM('Fisico ASIG'!$N$143:$N$170) -> 73.131269 | I10: =+SUMPRODUCT(I143:I170,'Fisico ASIG'!$N$143:$N$170)/SUM('Fisico ASIG'!$N$143:$N$170) -> 56.208193 | J10: =+SUMPRODUCT(J143:J170,'Fisico ASIG'!$W$143:$W$170)/SUM('Fisico ASIG'!$W$143:$W$170) -> 17.6 | N10: =AVERAGEIFS($N$20:$N$1048576,$B$20:$B$1048576,D10) -> 15.854857 | P10: ='Fisico SPOT MAT'!E11 -> 336 | Q10: =+C10*24 -> 672 | R10: =AVERAGEIFS(R$19:R$1048576,$B$19:$B$1048576,$D10) -> 1.1 | S10: 0.75 | T10: =+G10*P10/Q10/S10 -> 11.733333 | U10: =+T10+F10 -> 54.643244 | V10: =+T10+'Mono SPOT MAT'!H11 -> 57.10384 | W10: 0.52 | X10: =+J10*P10/Q10/W10 -> 16.923077
C11: =+EDATE(D11,1)-D11 -> 31 | D11: 46082 | E11: =AVERAGEIFS($E$20:$E$1048576,$B$20:$B$1048576,D11) -> 62.286214 | F11: =+SUMPRODUCT(F171:F201,'Fisico SPOT MAT'!M171:M201)/SUM('Fisico SPOT MAT'!M171:M201) -> 45.274491 | G11: =+SUMPRODUCT(G171:G201,'Fisico SPOT MAT'!S171:S201)/SUM('Fisico SPOT MAT'!S171:S201) -> 14.4 | H11: =+SUMPRODUCT(H171:H201,'Fisico ASIG'!$N$171:$N$201)/SUM('Fisico ASIG'!$N$171:$N$201) -> 71.173352 | I11: =+SUMPRODUCT(I171:I201,'Fisico ASIG'!$N$171:$N$201)/SUM('Fisico ASIG'!$N$171:$N$201) -> 58.680851 | J11: =+SUMPRODUCT(J171:J201,'Fisico ASIG'!W$171:W$201)/SUM('Fisico ASIG'!W$171:W$201) -> 14.4 | N11: =AVERAGEIFS($N$20:$N$1048576,$B$20:$B$1048576,D11) -> 15.212011 | P11: ='Fisico SPOT MAT'!E12 -> 374 | Q11: =+C11*24 -> 744 | R11: =AVERAGEIFS(R$19:R$1048576,$B$19:$B$1048576,$D11) -> 0.9 | S11: 0.82756876 | T11: =+G11*P11/Q11/S11 -> 8.7469586 | U11: =+T11+F11 -> 54.021449 | V11: =+T11+'Mono SPOT MAT'!H12 -> 55.751221 | W11: 0.5794444 | X11: =+J11*P11/Q11/W11 -> 12.492501
C12: =+'Mono SPOT MAT'!F13 -> 30 | D12: 46113 | E12: =AVERAGEIFS($E$20:$E$1048576,$B$20:$B$1048576,D12) -> 86.168556 | F12: =+SUMPRODUCT(F202:F231,'Fisico SPOT MAT'!M202:M231)/SUM('Fisico SPOT MAT'!M202:M231) -> 50.818294 | G12: =+SUMPRODUCT(G202:G231,'Fisico SPOT MAT'!S202:S231)/SUM('Fisico SPOT MAT'!S202:S231) -> 14.4 | H12: =+SUMPRODUCT(H202:H231,'Fisico ASIG'!$N$202:$N$231)/SUM('Fisico ASIG'!$N$202:$N$231) -> 72.749403 | I12: =+SUMPRODUCT(I202:I231,'Fisico ASIG'!$N$202:$N$231)/SUM('Fisico ASIG'!$N$202:$N$231) -> 60.683829 | J12: =+SUMPRODUCT(J202:J231,'Fisico ASIG'!W$202:W$231)/SUM('Fisico ASIG'!W$202:W$231) -> 14.4 | N12: =AVERAGEIFS($N$20:$N$1048576,$B$20:$B$1048576,D12) -> 15.093951 | P12: 368 | Q12: =30*24 -> 720 | R12: =AVERAGEIFS(R$19:R$1048576,$B$19:$B$1048576,$D12) -> 0.9 | S12: 0.82756876 | T12: =+G12*P12/Q12/S12 -> 8.8935208 | U12: =+T12+F12 -> 59.711815 | V12: =+T12+'Mono SPOT MAT'!H13 -> 63.092365 | W12: 0.61 | X12: =+J12*P12/Q12/W12 -> 12.065574
C13: =+'Mono SPOT MAT'!F14 -> 31 | D13: 46143 | E13: =AVERAGEIFS($E$20:$E$1048576,$B$20:$B$1048576,D13) -> 188.32262 | F13: =+SUMPRODUCT(F232:F262,'Fisico SPOT MAT'!M232:M262)/SUM('Fisico SPOT MAT'!M232:M262) -> 115.34849 | G13: =+SUMPRODUCT(G232:G262,'Fisico SPOT MAT'!S232:S262)/SUM('Fisico SPOT MAT'!S232:S262) -> 14.4 | H13: =+SUMPRODUCT(H232:H262,'Fisico ASIG'!$N$232:$N$262)/SUM('Fisico ASIG'!$N$232:$N$262) -> 85.536663 | I13: =+SUMPRODUCT(I232:I262,'Fisico ASIG'!$N$232:$N$262)/SUM('Fisico ASIG'!$N$232:$N$262) -> 73.471089 | J13: =+SUMPRODUCT(J232:J262,'Fisico ASIG'!W$232:W$262)/SUM('Fisico ASIG'!W$232:W$262) -> 14.4 | K13: =+SUMPRODUCT(K232:K262,'Fisico SPOT MAT'!T232:T262)/SUM('Fisico SPOT MAT'!T232:T262) -> 75 | N13: =AVERAGEIFS($N$20:$N$1048576,$B$20:$B$1048576,D13) -> 15.324438 | P13: 362 | Q13: =31*24 -> 744 | R13: =AVERAGEIFS(R$19:R$1048576,$B$19:$B$1048576,$D13) -> 0.9 | S13: 0.82756876 | T13: =+G13*P13/Q13/S13 -> 8.4663075 | U13: =+T13+F13 -> 123.81479 | V13: =+T13+'Mono SPOT MAT'!H14 -> 122.59214 | W13: 0.61 | X13: =+J13*P13/Q13/W13 -> 11.485986
B14: =+'Mono SPOT MAT'!E15 -> días en análisis: | C14: =+'Mono SPOT MAT'!F15 -> 22 | D14: 46174 | E14: =AVERAGEIFS($E$20:$E$1048576,$B$20:$B$1048576,D14) -> 204.28822 | F14: =+SUMPRODUCT(F263:F284,'Fisico SPOT MAT'!M263:M284)/SUM('Fisico SPOT MAT'!M263:M284) -> 156.78839 | G14: =+SUMPRODUCT(G263:G284,'Fisico SPOT MAT'!N263:N284)/SUM('Fisico SPOT MAT'!N263:N284) -> 17.6 | H14: =+SUMPRODUCT(H263:H284,'Fisico SPOT MAT'!O263:O284)/SUM('Fisico SPOT MAT'!O263:O284) -> 95.202871 | I14: =+SUMPRODUCT(I263:I284,'Fisico SPOT MAT'!P263:P284)/SUM('Fisico SPOT MAT'!P263:P284) -> 80.427532 | J14: =+SUMPRODUCT(J263:J284,'Fisico SPOT MAT'!Q263:Q284)/SUM('Fisico SPOT MAT'!Q263:Q284) -> 17.6 | K14: =+SUMPRODUCT(K263:K284,'Fisico SPOT MAT'!T263:T284)/SUM('Fisico SPOT MAT'!T263:T284) -> 75 | N14: =AVERAGEIFS($N$20:$N$1048576,$B$20:$B$1048576,D14) -> 15.728859 | P14: 378 | Q14: =30*24 -> 720 | R14: =AVERAGEIFS(R$19:R$1048576,$B$19:$B$1048576,$D14) -> 1.1 | S14: 0.82756876 | T14: =+G14*P14/Q14/S14 -> 11.165235 | U14: =+T14+F14 -> 167.95362 | V14: =+T14+'Mono SPOT MAT'!H15 -> 172.51533 | W14: 0.61 | X14: =+J14*P14/Q14/W14 -> 15.147541
B17: VALORES FISICOS - PASO DIARIO
E18: usd/MWh | F18: usd/MWh | G18: usd/MWhrp | H18: usd/MWh | I18: usd/MWh | J18: usd/MWhrp | K18: usd/MWh
A19: AÑO | B19: MES | C19: TIPO dia | D19: DIA | E19: CMg | F19: ENER SPOT | G19: POT SPOT | H19: MONO ASIG | I19: ENER ASIG | J19: POT ASIG | K19: ENER TERM MAT | N19: POT SPOT | R19: Factor Potencia | Y19: =$D19 -> DIA | Z19: =+E19 -> CMg | AA19: CVP | AB19: RMA
A20: =YEAR(D20) -> 2025 | B20: =DATE(A20,MONTH(D20),1) -> 45931 | C20: mié. | D20: 45931 | E20: 24.854148 | F20: =+'Mono SPOT MAT'!M20/'Fisico SPOT MAT'!M20/24 -> 29.684186 | G20: =16*R20 -> 14.4 | H20: =+'Mono ASIG'!AA20 -> 61.946815 | I20: =+H20-J20*380/730/0.52 -> 47.531641 | J20: =16*R20 -> 14.4 | K20: =+'Mono SPOT MAT'!T20 -> 0 | N20: =+'Mono SPOT MAT'!S20/'Fisico SPOT MAT'!S20/'Fisico SPOT MAT'!E20 -> 11.3809 | R20: 0.9
A21: =YEAR(D21) -> 2025 | B21: =DATE(A21,MONTH(D21),1) -> 45931 | C21: jue. | D21: =+ D20+1 -> 45932 | E21: 27.983237 | F21: =+'Mono SPOT MAT'!M21/'Fisico SPOT MAT'!M21/24 -> 30.044257 | G21: =16*R21 -> 14.4 | H21: =+'Mono ASIG'!AA21 -> 60.116829 | I21: =+H21-J21*380/730/0.52 -> 45.701655 | J21: =16*R21 -> 14.4 | K21: =+'Mono SPOT MAT'!T21 -> 0 | N21: =+'Mono SPOT MAT'!S21/'Fisico SPOT MAT'!S21/'Fisico SPOT MAT'!E21 -> 11.407825 | R21: 0.9
A22: =YEAR(D22) -> 2025 | B22: =DATE(A22,MONTH(D22),1) -> 45931 | C22: vie. | D22: =+ D21+1 -> 45933 | E22: 27.892877 | F22: =+'Mono SPOT MAT'!M22/'Fisico SPOT MAT'!M22/24 -> 30.691543 | G22: =16*R22 -> 14.4 | H22: =+'Mono ASIG'!AA22 -> 58.649 | I22: =+H22-J22*380/730/0.52 -> 44.233826 | J22: =16*R22 -> 14.4 | K22: =+'Mono SPOT MAT'!T22 -> 0 | N22: =+'Mono SPOT MAT'!S22/'Fisico SPOT MAT'!S22/'Fisico SPOT MAT'!E22 -> 11.413798 | R22: 0.9
A23: =YEAR(D23) -> 2025 | B23: =DATE(A23,MONTH(D23),1) -> 45931 | C23: sáb. | D23: =+ D22+1 -> 45934 | E23: 31.530274 | F23: =+'Mono SPOT MAT'!M23/'Fisico SPOT MAT'!M23/24 -> 32.022819 | G23: =16*R23 -> 14.4 | H23: =+'Mono ASIG'!AA23 -> 61.22392 | I23: =+H23-J23*380/730/0.52 -> 46.808746 | J23: =16*R23 -> 14.4 | K23: =+'Mono SPOT MAT'!T23 -> 0 | N23: =+'Mono SPOT MAT'!S23/'Fisico SPOT MAT'!S23/'Fisico SPOT MAT'!E23 -> 11.377526 | R23: 0.9
A24: =YEAR(D24) -> 2025 | B24: =DATE(A24,MONTH(D24),1) -> 45931 | C24: dom. | D24: =+ D23+1 -> 45935 | E24: 28.785433 | F24: =+'Mono SPOT MAT'!M24/'Fisico SPOT MAT'!M24/24 -> 31.941739 | G24: =16*R24 -> 14.4 | H24: =+'Mono ASIG'!AA24 -> 63.180646 | I24: =+H24-J24*380/730/0.52 -> 48.765472 | J24: =16*R24 -> 14.4 | K24: =+'Mono SPOT MAT'!T24 -> 0 | N24: =+'Mono SPOT MAT'!S24/'Fisico SPOT MAT'!S24/'Fisico SPOT MAT'!E24 -> 11.37484 | R24: 0.9
A25: =YEAR(D25) -> 2025 | B25: =DATE(A25,MONTH(D25),1) -> 45931 | C25: lun. | D25: =+ D24+1 -> 45936 | E25: 31.612932 | F25: =+'Mono SPOT MAT'!M25/'Fisico SPOT MAT'!M25/24 -> 30.996048 | G25: =16*R25 -> 14.4 | H25: =+'Mono ASIG'!AA25 -> 61.080366 | I25: =+H25-J25*380/730/0.52 -> 46.665192 | J25: =16*R25 -> 14.4 | K25: =+'Mono SPOT MAT'!T25 -> 0 | N25: =+'Mono SPOT MAT'!S25/'Fisico SPOT MAT'!S25/'Fisico SPOT MAT'!E25 -> 11.380223 | R25: 0.9
A26: =YEAR(D26) -> 2025 | B26: =DATE(A26,MONTH(D26),1) -> 45931 | C26: mar. | D26: =+ D25+1 -> 45937 | E26: 31.570178 | F26: =+'Mono SPOT MAT'!M26/'Fisico SPOT MAT'!M26/24 -> 30.784964 | G26: =16*R26 -> 14.4 | H26: =+'Mono ASIG'!AA26 -> 63.155935 | I26: =+H26-J26*380/730/0.52 -> 48.740761 | J26: =16*R26 -> 14.4 | K26: =+'Mono SPOT MAT'!T26 -> 0 | N26: =+'Mono SPOT MAT'!S26/'Fisico SPOT MAT'!S26/'Fisico SPOT MAT'!E26 -> 11.376157 | R26: 0.9
A27: =YEAR(D27) -> 2025 | B27: =DATE(A27,MONTH(D27),1) -> 45931 | C27: mié. | D27: =+ D26+1 -> 45938 | E27: 27.96837 | F27: =+'Mono SPOT MAT'!M27/'Fisico SPOT MAT'!M27/24 -> 31.348177 | G27: =16*R27 -> 14.4 | H27: =+'Mono ASIG'!AA27 -> 65.376973 | I27: =+H27-J27*380/730/0.52 -> 50.961799 | J27: =16*R27 -> 14.4 | K27: =+'Mono SPOT MAT'!T27 -> 0 | N27: =+'Mono SPOT MAT'!S27/'Fisico SPOT MAT'!S27/'Fisico SPOT MAT'!E27 -> 11.379375 | R27: 0.9
A28: =YEAR(D28) -> 2025 | B28: =DATE(A28,MONTH(D28),1) -> 45931 | C28: jue. | D28: =+ D27+1 -> 45939 | E28: 29.918786 | F28: =+'Mono SPOT MAT'!M28/'Fisico SPOT MAT'!M28/24 -> 30.859801 | G28: =16*R28 -> 14.4 | H28: =+'Mono ASIG'!AA28 -> 63.346287 | I28: =+H28-J28*380/730/0.52 -> 48.931114 | J28: =16*R28 -> 14.4 | K28: =+'Mono SPOT MAT'!T28 -> 0 | N28: =+'Mono SPOT MAT'!S28/'Fisico SPOT MAT'!S28/'Fisico SPOT MAT'!E28 -> 11.37513 | R28: 0.9
A29: =YEAR(D29) -> 2025 | B29: =DATE(A29,MONTH(D29),1) -> 45931 | C29: vie. | D29: =+ D28+1 -> 45940 | E29: 28.943681 | F29: =+'Mono SPOT MAT'!M29/'Fisico SPOT MAT'!M29/24 -> 31.651831 | G29: =16*R29 -> 14.4 | H29: =+'Mono ASIG'!AA29 -> 63.163796 | I29: =+H29-J29*380/730/0.52 -> 48.748622 | J29: =16*R29 -> 14.4 | K29: =+'Mono SPOT MAT'!T29 -> 0 | N29: =+'Mono SPOT MAT'!S29/'Fisico SPOT MAT'!S29/'Fisico SPOT MAT'!E29 -> 11.374467 | R29: 0.9
A30: =YEAR(D30) -> 2025 | B30: =DATE(A30,MONTH(D30),1) -> 45931 | C30: sáb. | D30: =+ D29+1 -> 45941 | E30: 30.423262 | F30: =+'Mono SPOT MAT'!M30/'Fisico SPOT MAT'!M30/24 -> 31.926912 | G30: =16*R30 -> 14.4 | H30: =+'Mono ASIG'!AA30 -> 62.649776 | I30: =+H30-J30*380/730/0.52 -> 48.234602 | J30: =16*R30 -> 14.4 | K30: =+'Mono SPOT MAT'!T30 -> 0 | N30: =+'Mono SPOT MAT'!S30/'Fisico SPOT MAT'!S30/'Fisico SPOT MAT'!E30 -> 11.373415 | R30: 0.9
A31: =YEAR(D31) -> 2025 | B31: =DATE(A31,MONTH(D31),1) -> 45931 | C31: dom. | D31: =+ D30+1 -> 45942 | E31: 19.247504 | F31: =+'Mono SPOT MAT'!M31/'Fisico SPOT MAT'!M31/24 -> 32.592034 | G31: =16*R31 -> 14.4 | H31: =+'Mono ASIG'!AA31 -> 68.841525 | I31: =+H31-J31*380/730/0.52 -> 54.426351 | J31: =16*R31 -> 14.4 | K31: =+'Mono SPOT MAT'!T31 -> 0 | N31: =+'Mono SPOT MAT'!S31/'Fisico SPOT MAT'!S31/'Fisico SPOT MAT'!E31 -> 11.366155 | R31: 0.9
A32: =YEAR(D32) -> 2025 | B32: =DATE(A32,MONTH(D32),1) -> 45931 | C32: lun. | D32: =+ D31+1 -> 45943 | E32: 28.342066 | F32: =+'Mono SPOT MAT'!M32/'Fisico SPOT MAT'!M32/24 -> 31.780016 | G32: =16*R32 -> 14.4 | H32: =+'Mono ASIG'!AA32 -> 61.633753 | I32: =+H32-J32*380/730/0.52 -> 47.218579 | J32: =16*R32 -> 14.4 | K32: =+'Mono SPOT MAT'!T32 -> 0 | N32: =+'Mono SPOT MAT'!S32/'Fisico SPOT MAT'!S32/'Fisico SPOT MAT'!E32 -> 11.369995 | R32: 0.9
... A80: =YEAR(D80) -> 2025 | B80: =DATE(A80,MONTH(D80),1) -> 45962 | C80: dom | D80: =+ D79+1 -> 45991 | E80: 37.418409 | F80: =+'Mono SPOT MAT'!M80/'Fisico SPOT MAT'!M80/24 -> 35.166272 | G80: =16*R80 -> 14.4 | H80: =+'Mono ASIG'!AA80 -> 71.721664 | I80: =+H80-J80*380/730/0.52 -> 57.30649 | J80: =16*R80 -> 14.4 | K80: =+'Mono SPOT MAT'!T80 -> 0 | N80: =+'Mono SPOT MAT'!S80/'Fisico SPOT MAT'!S80/'Fisico SPOT MAT'!E80 -> 11.571719 | R80: 0.9
A81: =YEAR(D81) -> 2025 | B81: =DATE(A81,MONTH(D81),1) -> 45992 | C81: lun | D81: =+ D80+1 -> 45992 | E81: 47.852748 | F81: =+'Mono SPOT MAT'!M81/'Fisico SPOT MAT'!M81/24 -> 39.212751 | G81: =16*R81 -> 17.6 | H81: =+'Mono ASIG'!AA81 -> 64.022508 | I81: =+H81-J81*384/744/0.52 -> 46.553526 | J81: =16*R81 -> 17.6 | K81: =+'Mono SPOT MAT'!T81 -> 0 | N81: =+'Mono SPOT MAT'!S81/'Fisico SPOT MAT'!S81/'Fisico SPOT MAT'!E81 -> 15.791563 | R81: 1.1
A82: =YEAR(D82) -> 2025 | B82: =DATE(A82,MONTH(D82),1) -> 45992 | C82: mar | D82: =+ D81+1 -> 45993 | E82: 44.491079 | F82: =+'Mono SPOT MAT'!M82/'Fisico SPOT MAT'!M82/24 -> 38.655333 | G82: =16*R82 -> 17.6 | H82: =+'Mono ASIG'!AA82 -> 65.403461 | I82: =+H82-J82*384/744/0.52 -> 47.934479 | J82: =16*R82 -> 17.6 | K82: =+'Mono SPOT MAT'!T82 -> 0 | N82: =+'Mono SPOT MAT'!S82/'Fisico SPOT MAT'!S82/'Fisico SPOT MAT'!E82 -> 15.717185 | R82: 1.1
A83: =YEAR(D83) -> 2025 | B83: =DATE(A83,MONTH(D83),1) -> 45992 | C83: mié | D83: =+ D82+1 -> 45994 | E83: 49.450391 | F83: =+'Mono SPOT MAT'!M83/'Fisico SPOT MAT'!M83/24 -> 40.563123 | G83: =16*R83 -> 17.6 | H83: =+'Mono ASIG'!AA83 -> 60.136069 | I83: =+H83-J83*384/744/0.52 -> 42.667086 | J83: =16*R83 -> 17.6 | K83: =+'Mono SPOT MAT'!T83 -> 0 | N83: =+'Mono SPOT MAT'!S83/'Fisico SPOT MAT'!S83/'Fisico SPOT MAT'!E83 -> 15.603869 | R83: 1.1
A84: =YEAR(D84) -> 2025 | B84: =DATE(A84,MONTH(D84),1) -> 45992 | C84: jue | D84: =+ D83+1 -> 45995 | E84: 48.991631 | F84: =+'Mono SPOT MAT'!M84/'Fisico SPOT MAT'!M84/24 -> 41.329226 | G84: =16*R84 -> 17.6 | H84: =+'Mono ASIG'!AA84 -> 58.429944 | I84: =+H84-J84*384/744/0.52 -> 40.960961 | J84: =16*R84 -> 17.6 | K84: =+'Mono SPOT MAT'!T84 -> 0 | N84: =+'Mono SPOT MAT'!S84/'Fisico SPOT MAT'!S84/'Fisico SPOT MAT'!E84 -> 15.598166 | R84: 1.1
A85: =YEAR(D85) -> 2025 | B85: =DATE(A85,MONTH(D85),1) -> 45992 | C85: vie | D85: =+ D84+1 -> 45996 | E85: 46.55726 | F85: =+'Mono SPOT MAT'!M85/'Fisico SPOT MAT'!M85/24 -> 41.49849 | G85: =16*R85 -> 17.6 | H85: =+'Mono ASIG'!AA85 -> 57.10996 | I85: =+H85-J85*384/744/0.52 -> 39.640978 | J85: =16*R85 -> 17.6 | K85: =+'Mono SPOT MAT'!T85 -> 0 | N85: =+'Mono SPOT MAT'!S85/'Fisico SPOT MAT'!S85/'Fisico SPOT MAT'!E85 -> 15.745533 | R85: 1.1
A86: =YEAR(D86) -> 2025 | B86: =DATE(A86,MONTH(D86),1) -> 45992 | C86: sáb | D86: =+ D85+1 -> 45997 | E86: 59.777719 | F86: =+'Mono SPOT MAT'!M86/'Fisico SPOT MAT'!M86/24 -> 45.074175 | G86: =16*R86 -> 17.6 | H86: =+'Mono ASIG'!AA86 -> 61.338369 | I86: =+H86-J86*384/744/0.52 -> 43.869387 | J86: =16*R86 -> 17.6 | K86: =+'Mono SPOT MAT'!T86 -> 0 | N86: =+'Mono SPOT MAT'!S86/'Fisico SPOT MAT'!S86/'Fisico SPOT MAT'!E86 -> 15.666099 | R86: 1.1
A87: =YEAR(D87) -> 2025 | B87: =DATE(A87,MONTH(D87),1) -> 45992 | C87: dom | D87: =+ D86+1 -> 45998 | E87: 59.788687 | F87: =+'Mono SPOT MAT'!M87/'Fisico SPOT MAT'!M87/24 -> 44.279852 | G87: =16*R87 -> 17.6 | H87: =+'Mono ASIG'!AA87 -> 65.415919 | I87: =+H87-J87*384/744/0.52 -> 47.946937 | J87: =16*R87 -> 17.6 | K87: =+'Mono SPOT MAT'!T87 -> 0 | N87: =+'Mono SPOT MAT'!S87/'Fisico SPOT MAT'!S87/'Fisico SPOT MAT'!E87 -> 15.759381 | R87: 1.1
A88: =YEAR(D88) -> 2025 | B88: =DATE(A88,MONTH(D88),1) -> 45992 | C88: lun | D88: =+ D87+1 -> 45999 | E88: 33.099054 | F88: =+'Mono SPOT MAT'!M88/'Fisico SPOT MAT'!M88/24 -> 39.03201 | G88: =16*R88 -> 17.6 | H88: =+'Mono ASIG'!AA88 -> 69.521917 | I88: =+H88-J88*384/744/0.52 -> 52.052934 | J88: =16*R88 -> 17.6 | K88: =+'Mono SPOT MAT'!T88 -> 0 | N88: =+'Mono SPOT MAT'!S88/'Fisico SPOT MAT'!S88/'Fisico SPOT MAT'!E88 -> 15.821781 | R88: 1.1
A89: =YEAR(D89) -> 2025 | B89: =DATE(A89,MONTH(D89),1) -> 45992 | C89: mar | D89: =+ D88+1 -> 46000 | E89: 44.732648 | F89: =+'Mono SPOT MAT'!M89/'Fisico SPOT MAT'!M89/24 -> 39.734637 | G89: =16*R89 -> 17.6 | H89: =+'Mono ASIG'!AA89 -> 63.943977 | I89: =+H89-J89*384/744/0.52 -> 46.474994 | J89: =16*R89 -> 17.6 | K89: =+'Mono SPOT MAT'!T89 -> 0 | N89: =+'Mono SPOT MAT'!S89/'Fisico SPOT MAT'!S89/'Fisico SPOT MAT'!E89 -> 15.758849 | R89: 1.1
A90: =YEAR(D90) -> 2025 | B90: =DATE(A90,MONTH(D90),1) -> 45992 | C90: mié | D90: =+ D89+1 -> 46001 | E90: 42.887197 | F90: =+'Mono SPOT MAT'!M90/'Fisico SPOT MAT'!M90/24 -> 40.253765 | G90: =16*R90 -> 17.6 | H90: =+'Mono ASIG'!AA90 -> 59.940251 | I90: =+H90-J90*384/744/0.52 -> 42.471268 | J90: =16*R90 -> 17.6 | K90: =+'Mono SPOT MAT'!T90 -> 0 | N90: =+'Mono SPOT MAT'!S90/'Fisico SPOT MAT'!S90/'Fisico SPOT MAT'!E90 -> 15.797692 | R90: 1.1
A91: =YEAR(D91) -> 2025 | B91: =DATE(A91,MONTH(D91),1) -> 45992 | C91: jue | D91: =+ D90+1 -> 46002 | E91: 40.287078 | F91: =+'Mono SPOT MAT'!M91/'Fisico SPOT MAT'!M91/24 -> 39.64408 | G91: =16*R91 -> 17.6 | H91: =+'Mono ASIG'!AA91 -> 62.351925 | I91: =+H91-J91*384/744/0.52 -> 44.882943 | J91: =16*R91 -> 17.6 | K91: =+'Mono SPOT MAT'!T91 -> 0 | N91: =+'Mono SPOT MAT'!S91/'Fisico SPOT MAT'!S91/'Fisico SPOT MAT'!E91 -> 15.80086 | R91: 1.1
A92: =YEAR(D92) -> 2025 | B92: =DATE(A92,MONTH(D92),1) -> 45992 | C92: vie | D92: =+ D91+1 -> 46003 | E92: 42.528427 | F92: =+'Mono SPOT MAT'!M92/'Fisico SPOT MAT'!M92/24 -> 40.594159 | G92: =16*R92 -> 17.6 | H92: =+'Mono ASIG'!AA92 -> 63.615281 | I92: =+H92-J92*384/744/0.52 -> 46.146299 | J92: =16*R92 -> 17.6 | K92: =+'Mono SPOT MAT'!T92 -> 0 | N92: =+'Mono SPOT MAT'!S92/'Fisico SPOT MAT'!S92/'Fisico SPOT MAT'!E92 -> 15.796272 | R92: 1.1
... A101: =YEAR(D101) -> 2025 | B101: =DATE(A101,MONTH(D101),1) -> 45992 | C101: dom | D101: =+ D100+1 -> 46012 | E101: 37.462857 | F101: =+'Mono SPOT MAT'!M101/'Fisico SPOT MAT'!M101/24 -> 39.039134 | G101: =16*R101 -> 17.6 | H101: =+'Mono ASIG'!AA101 -> 69.787774 | I101: =+H101-J101*384/744/0.52 -> 52.318792 | J101: =16*R101 -> 17.6 | K101: =+'Mono SPOT MAT'!T101 -> 0 | N101: =+'Mono SPOT MAT'!S101/'Fisico SPOT MAT'!S101/'Fisico SPOT MAT'!E101 -> 15.755226 | R101: 1.1
A102: =YEAR(D102) -> 2025 | B102: =DATE(A102,MONTH(D102),1) -> 45992 | C102: lun | D102: 46013 | E102: 34.908333 | F102: =+'Mono SPOT MAT'!M102/'Fisico SPOT MAT'!M102/24 -> 38.472386 | G102: =16*R102 -> 17.6 | H102: =+'Mono ASIG'!AA102 -> 65.328749 | I102: =+H102-J102*384/744/0.52 -> 47.859766 | J102: =16*R102 -> 17.6 | K102: =+'Mono SPOT MAT'!T102 -> 0 | N102: =+'Mono SPOT MAT'!S102/'Fisico SPOT MAT'!S102/'Fisico SPOT MAT'!E102 -> 15.777341 | R102: 1.1
A103: =YEAR(D103) -> 2025 | B103: =DATE(A103,MONTH(D103),1) -> 45992 | C103: mar | D103: 46014 | E103: 39.053963 | F103: =+'Mono SPOT MAT'!M103/'Fisico SPOT MAT'!M103/24 -> 39.503472 | G103: =16*R103 -> 17.6 | H103: =+'Mono ASIG'!AA103 -> 60.802257 | I103: =+H103-J103*384/744/0.52 -> 43.333274 | J103: =16*R103 -> 17.6 | K103: =+'Mono SPOT MAT'!T103 -> 0 | N103: =+'Mono SPOT MAT'!S103/'Fisico SPOT MAT'!S103/'Fisico SPOT MAT'!E103 -> 15.795271 | R103: 1.1
A104: =YEAR(D104) -> 2025 | B104: =DATE(A104,MONTH(D104),1) -> 45992 | C104: mié | D104: 46015 | E104: 33.616898 | F104: =+'Mono SPOT MAT'!M104/'Fisico SPOT MAT'!M104/24 -> 39.37575 | G104: =16*R104 -> 17.6 | H104: =+'Mono ASIG'!AA104 -> 60.369524 | I104: =+H104-J104*384/744/0.52 -> 42.900541 | J104: =16*R104 -> 17.6 | K104: =+'Mono SPOT MAT'!T104 -> 0 | N104: =+'Mono SPOT MAT'!S104/'Fisico SPOT MAT'!S104/'Fisico SPOT MAT'!E104 -> 15.800721 | R104: 1.1
A105: =YEAR(D105) -> 2025 | B105: =DATE(A105,MONTH(D105),1) -> 45992 | C105: jue | D105: 46016 | E105: 17.542253 | F105: =+'Mono SPOT MAT'!M105/'Fisico SPOT MAT'!M105/24 -> 39.991515 | G105: =16*R105 -> 17.6 | H105: =+'Mono ASIG'!AA105 -> 67.776056 | I105: =+H105-J105*384/744/0.52 -> 50.307074 | J105: =16*R105 -> 17.6 | K105: =+'Mono SPOT MAT'!T105 -> 0 | N105: =+'Mono SPOT MAT'!S105/'Fisico SPOT MAT'!S105/'Fisico SPOT MAT'!E105 -> 15.823145 | R105: 1.1
A106: =YEAR(D106) -> 2025 | B106: =DATE(A106,MONTH(D106),1) -> 45992 | C106: vie | D106: 46017 | E106: 37.063625 | F106: =+'Mono SPOT MAT'!M106/'Fisico SPOT MAT'!M106/24 -> 38.44424 | G106: =16*R106 -> 17.6 | H106: =+'Mono ASIG'!AA106 -> 61.168835 | I106: =+H106-J106*384/744/0.52 -> 43.699853 | J106: =16*R106 -> 17.6 | K106: =+'Mono SPOT MAT'!T106 -> 0 | N106: =+'Mono SPOT MAT'!S106/'Fisico SPOT MAT'!S106/'Fisico SPOT MAT'!E106 -> 15.812135 | R106: 1.1
A107: =YEAR(D107) -> 2025 | B107: =DATE(A107,MONTH(D107),1) -> 45992 | C107: sáb | D107: 46018 | E107: 40.308242 | F107: =+'Mono SPOT MAT'!M107/'Fisico SPOT MAT'!M107/24 -> 38.133047 | G107: =16*R107 -> 17.6 | H107: =+'Mono ASIG'!AA107 -> 60.679224 | I107: =+H107-J107*384/744/0.52 -> 43.210241 | J107: =16*R107 -> 17.6 | K107: =+'Mono SPOT MAT'!T107 -> 0 | N107: =+'Mono SPOT MAT'!S107/'Fisico SPOT MAT'!S107/'Fisico SPOT MAT'!E107 -> 15.773487 | R107: 1.1
A108: =YEAR(D108) -> 2025 | B108: =DATE(A108,MONTH(D108),1) -> 45992 | C108: dom | D108: 46019 | E108: 32.1828 | F108: =+'Mono SPOT MAT'!M108/'Fisico SPOT MAT'!M108/24 -> 41.386755 | G108: =16*R108 -> 17.6 | H108: =+'Mono ASIG'!AA108 -> 67.390299 | I108: =+H108-J108*384/744/0.52 -> 49.921316 | J108: =16*R108 -> 17.6 | K108: =+'Mono SPOT MAT'!T108 -> 0 | N108: =+'Mono SPOT MAT'!S108/'Fisico SPOT MAT'!S108/'Fisico SPOT MAT'!E108 -> 15.784405 | R108: 1.1
A109: =YEAR(D109) -> 2025 | B109: =DATE(A109,MONTH(D109),1) -> 45992 | C109: lun | D109: =+D108+1 -> 46020 | E109: 48.711246 | F109: =+'Mono SPOT MAT'!M109/'Fisico SPOT MAT'!M109/24 -> 43.179977 | G109: =16*R109 -> 17.6 | H109: =+'Mono ASIG'!AA109 -> 66.639511 | I109: =+H109-J109*384/744/0.52 -> 49.170528 | J109: =16*R109 -> 17.6 | K109: =+'Mono SPOT MAT'!T109 -> 0 | N109: =+'Mono SPOT MAT'!S109/'Fisico SPOT MAT'!S109/'Fisico SPOT MAT'!E109 -> 15.736548 | R109: 1.1
A110: =YEAR(D110) -> 2025 | B110: =DATE(A110,MONTH(D110),1) -> 45992 | C110: mar | D110: =+D109+1 -> 46021 | E110: 55.088441 | F110: =+'Mono SPOT MAT'!M110/'Fisico SPOT MAT'!M110/24 -> 45.833905 | G110: =16*R110 -> 17.6 | H110: =+'Mono ASIG'!AA110 -> 63.025879 | I110: =+H110-J110*384/744/0.52 -> 45.556897 | J110: =16*R110 -> 17.6 | K110: =+'Mono SPOT MAT'!T110 -> 0 | N110: =+'Mono SPOT MAT'!S110/'Fisico SPOT MAT'!S110/'Fisico SPOT MAT'!E110 -> 15.677197 | R110: 1.1
A111: =YEAR(D111) -> 2025 | B111: =DATE(A111,MONTH(D111),1) -> 45992 | C111: mié | D111: =+D110+1 -> 46022 | E111: 42.938045 | F111: =+'Mono SPOT MAT'!M111/'Fisico SPOT MAT'!M111/24 -> 44.087568 | G111: =16*R111 -> 17.6 | H111: =+'Mono ASIG'!AA111 -> 58.57096 | I111: =+H111-J111*384/744/0.52 -> 41.101978 | J111: =16*R111 -> 17.6 | K111: =+'Mono SPOT MAT'!T111 -> 0 | N111: =+'Mono SPOT MAT'!S111/'Fisico SPOT MAT'!S111/'Fisico SPOT MAT'!E111 -> 15.607928 | R111: 1.1
A112: =YEAR(D112) -> 2026 | B112: =DATE(A112,MONTH(D112),1) -> 46023 | C112: jue | D112: =+D111+1 -> 46023 | E112: 34.517233 | F112: =+'Mono SPOT MAT'!M112/'Fisico SPOT MAT'!M112/24 -> 39.606391 | G112: =16*R112 -> 17.6 | H112: =+'Mono ASIG'!AA112 -> 64.068085 | I112: =+H112-J112*386/744/0.52 -> 46.508118 | J112: =16*R112 -> 17.6 | K112: =+'Mono SPOT MAT'!T112 -> 0 | N112: =+'Mono SPOT MAT'!S112/'Fisico SPOT MAT'!S112/'Fisico SPOT MAT'!E112 -> 15.779392 | R112: 1.1 | Y112: =$D112 -> 46023 | Z112: =+E112 -> 34.517233 | AA112: =+F112-AB112 -> 38.14846 | AB112: 1.4579313
A113: =YEAR(D113) -> 2026 | B113: =DATE(A113,MONTH(D113),1) -> 46023 | C113: vie | D113: =+D112+1 -> 46024 | E113: 35.878218 | F113: =+'Mono SPOT MAT'!M113/'Fisico SPOT MAT'!M113/24 -> 39.634232 | G113: =16*R113 -> 17.6 | H113: =+'Mono ASIG'!AA113 -> 62.876543 | I113: =+H113-J113*386/744/0.52 -> 45.316576 | J113: =16*R113 -> 17.6 | K113: =+'Mono SPOT MAT'!T113 -> 0 | N113: =+'Mono SPOT MAT'!S113/'Fisico SPOT MAT'!S113/'Fisico SPOT MAT'!E113 -> 15.799891 | R113: 1.1 | Y113: =$D113 -> 46024 | Z113: =+E113 -> 35.878218 | AA113: =+F113-AB113 -> 38.565699 | AB113: 1.0685324
A114: =YEAR(D114) -> 2026 | B114: =DATE(A114,MONTH(D114),1) -> 46023 | C114: sáb | D114: =+D113+1 -> 46025 | E114: 24.226801 | F114: =+'Mono SPOT MAT'!M114/'Fisico SPOT MAT'!M114/24 -> 38.103484 | G114: =16*R114 -> 17.6 | H114: =+'Mono ASIG'!AA114 -> 65.956512 | I114: =+H114-J114*386/744/0.52 -> 48.396545 | J114: =16*R114 -> 17.6 | K114: =+'Mono SPOT MAT'!T114 -> 0 | N114: =+'Mono SPOT MAT'!S114/'Fisico SPOT MAT'!S114/'Fisico SPOT MAT'!E114 -> 15.815076 | R114: 1.1 | Y114: =$D114 -> 46025 | Z114: =+E114 -> 24.226801 | AA114: =+F114-AB114 -> 36.075475 | AB114: 2.028009
A115: =YEAR(D115) -> 2026 | B115: =DATE(A115,MONTH(D115),1) -> 46023 | C115: dom | D115: =+D114+1 -> 46026 | E115: 27.778996 | F115: =+'Mono SPOT MAT'!M115/'Fisico SPOT MAT'!M115/24 -> 37.052894 | G115: =16*R115 -> 17.6 | H115: =+'Mono ASIG'!AA115 -> 65.893342 | I115: =+H115-J115*386/744/0.52 -> 48.333375 | J115: =16*R115 -> 17.6 | K115: =+'Mono SPOT MAT'!T115 -> 0 | N115: =+'Mono SPOT MAT'!S115/'Fisico SPOT MAT'!S115/'Fisico SPOT MAT'!E115 -> 15.864421 | R115: 1.1 | Y115: =$D115 -> 46026 | Z115: =+E115 -> 27.778996 | AA115: =+F115-AB115 -> 35.02642 | AB115: 2.0264735
A116: =YEAR(D116) -> 2026 | B116: =DATE(A116,MONTH(D116),1) -> 46023 | C116: lun | D116: =+D115+1 -> 46027 | E116: 30.161741 | F116: =+'Mono SPOT MAT'!M116/'Fisico SPOT MAT'!M116/24 -> 37.0432 | G116: =16*R116 -> 17.6 | H116: =+'Mono ASIG'!AA116 -> 64.231325 | I116: =+H116-J116*386/744/0.52 -> 46.671358 | J116: =16*R116 -> 17.6 | K116: =+'Mono SPOT MAT'!T116 -> 0 | N116: =+'Mono SPOT MAT'!S116/'Fisico SPOT MAT'!S116/'Fisico SPOT MAT'!E116 -> 15.819606 | R116: 1.1 | Y116: =$D116 -> 46027 | Z116: =+E116 -> 30.161741 | AA116: =+F116-AB116 -> 35.00991 | AB116: 2.0332904
A117: =YEAR(D117) -> 2026 | B117: =DATE(A117,MONTH(D117),1) -> 46023 | C117: mar | D117: =+D116+1 -> 46028 | E117: 32.978166 | F117: =+'Mono SPOT MAT'!M117/'Fisico SPOT MAT'!M117/24 -> 37.732777 | G117: =16*R117 -> 17.6 | H117: =+'Mono ASIG'!AA117 -> 61.637048 | I117: =+H117-J117*386/744/0.52 -> 44.077081 | J117: =16*R117 -> 17.6 | K117: =+'Mono SPOT MAT'!T117 -> 0 | N117: =+'Mono SPOT MAT'!S117/'Fisico SPOT MAT'!S117/'Fisico SPOT MAT'!E117 -> 15.827167 | R117: 1.1 | Y117: =$D117 -> 46028 | Z117: =+E117 -> 32.978166 | AA117: =+F117-AB117 -> 35.968903 | AB117: 1.7638735
A118: =YEAR(D118) -> 2026 | B118: =DATE(A118,MONTH(D118),1) -> 46023 | C118: mié | D118: =+D117+1 -> 46029 | E118: 34.478205 | F118: =+'Mono SPOT MAT'!M118/'Fisico SPOT MAT'!M118/24 -> 37.312837 | G118: =16*R118 -> 17.6 | H118: =+'Mono ASIG'!AA118 -> 62.485193 | I118: =+H118-J118*386/744/0.52 -> 44.925226 | J118: =16*R118 -> 17.6 | K118: =+'Mono SPOT MAT'!T118 -> 0 | N118: =+'Mono SPOT MAT'!S118/'Fisico SPOT MAT'!S118/'Fisico SPOT MAT'!E118 -> 15.846615 | R118: 1.1 | Y118: =$D118 -> 46029 | Z118: =+E118 -> 34.478205 | AA118: =+F118-AB118 -> 36.277591 | AB118: 1.0352455
A119: =YEAR(D119) -> 2026 | B119: =DATE(A119,MONTH(D119),1) -> 46023 | C119: jue | D119: =+D118+1 -> 46030 | E119: 32.759909 | F119: =+'Mono SPOT MAT'!M119/'Fisico SPOT MAT'!M119/24 -> 37.253902 | G119: =16*R119 -> 17.6 | H119: =+'Mono ASIG'!AA119 -> 64.891477 | I119: =+H119-J119*386/744/0.52 -> 47.33151 | J119: =16*R119 -> 17.6 | K119: =+'Mono SPOT MAT'!T119 -> 0 | N119: =+'Mono SPOT MAT'!S119/'Fisico SPOT MAT'!S119/'Fisico SPOT MAT'!E119 -> 15.852105 | R119: 1.1 | Y119: =$D119 -> 46030 | Z119: =+E119 -> 32.759909 | AA119: =+F119-AB119 -> 35.630193 | AB119: 1.6237091
A120: =YEAR(D120) -> 2026 | B120: =DATE(A120,MONTH(D120),1) -> 46023 | C120: vie | D120: =+D119+1 -> 46031 | E120: 34.173237 | F120: =+'Mono SPOT MAT'!M120/'Fisico SPOT MAT'!M120/24 -> 37.210622 | G120: =16*R120 -> 17.6 | H120: =+'Mono ASIG'!AA120 -> 66.192726 | I120: =+H120-J120*386/744/0.52 -> 48.632759 | J120: =16*R120 -> 17.6 | K120: =+'Mono SPOT MAT'!T120 -> 0 | N120: =+'Mono SPOT MAT'!S120/'Fisico SPOT MAT'!S120/'Fisico SPOT MAT'!E120 -> 15.717305 | R120: 1.1 | Y120: =$D120 -> 46031 | Z120: =+E120 -> 34.173237 | AA120: =+F120-AB120 -> 36.173431 | AB120: 1.0371909
A121: =YEAR(D121) -> 2026 | B121: =DATE(A121,MONTH(D121),1) -> 46023 | C121: sáb | D121: =+D120+1 -> 46032 | E121: 31.925392 | F121: =+'Mono SPOT MAT'!M121/'Fisico SPOT MAT'!M121/24 -> 36.358019 | G121: =16*R121 -> 17.6 | H121: =+'Mono ASIG'!AA121 -> 65.607898 | I121: =+H121-J121*386/744/0.52 -> 48.047931 | J121: =16*R121 -> 17.6 | K121: =+'Mono SPOT MAT'!T121 -> 0 | N121: =+'Mono SPOT MAT'!S121/'Fisico SPOT MAT'!S121/'Fisico SPOT MAT'!E121 -> 15.562575 | R121: 1.1 | Y121: =$D121 -> 46032 | Z121: =+E121 -> 31.925392 | AA121: =+F121-AB121 -> 34.365406 | AB121: 1.9926132
A122: =YEAR(D122) -> 2026 | B122: =DATE(A122,MONTH(D122),1) -> 46023 | C122: dom | D122: =+D121+1 -> 46033 | E122: 34.015781 | F122: =+'Mono SPOT MAT'!M122/'Fisico SPOT MAT'!M122/24 -> 37.391593 | G122: =16*R122 -> 17.6 | H122: =+'Mono ASIG'!AA122 -> 66.510212 | I122: =+H122-J122*386/744/0.52 -> 48.950245 | J122: =16*R122 -> 17.6 | K122: =+'Mono SPOT MAT'!T122 -> 0 | N122: =+'Mono SPOT MAT'!S122/'Fisico SPOT MAT'!S122/'Fisico SPOT MAT'!E122 -> 15.598204 | R122: 1.1 | Y122: =$D122 -> 46033 | Z122: =+E122 -> 34.015781 | AA122: =+F122-AB122 -> 36.159628 | AB122: 1.2319647
A123: =YEAR(D123) -> 2026 | B123: =DATE(A123,MONTH(D123),1) -> 46023 | C123: lun | D123: =+D122+1 -> 46034 | E123: 43.634912 | F123: =+'Mono SPOT MAT'!M123/'Fisico SPOT MAT'!M123/24 -> 39.319317 | G123: =16*R123 -> 17.6 | H123: =+'Mono ASIG'!AA123 -> 58.906847 | I123: =+H123-J123*386/744/0.52 -> 41.34688 | J123: =16*R123 -> 17.6 | K123: =+'Mono SPOT MAT'!T123 -> 0 | N123: =+'Mono SPOT MAT'!S123/'Fisico SPOT MAT'!S123/'Fisico SPOT MAT'!E123 -> 15.582214 | R123: 1.1 | Y123: =$D123 -> 46034 | Z123: =+E123 -> 43.634912 | AA123: =+F123-AB123 -> 37.873646 | AB123: 1.4456716
... A142: =YEAR(D142) -> 2026 | B142: =DATE(A142,MONTH(D142),1) -> 46023 | C142: sáb | D142: =+D141+1 -> 46053 | E142: 101.10165 | F142: =+'Mono SPOT MAT'!M142/'Fisico SPOT MAT'!M142/24 -> 53.928609 | G142: =16*R142 -> 17.6 | H142: =+'Mono ASIG'!AA142 -> 73.51756 | I142: =+H142-J142*386/744/0.52 -> 55.957594 | J142: =16*R142 -> 17.6 | K142: =+'Mono SPOT MAT'!T142 -> 0 | N142: =+'Mono SPOT MAT'!S142/'Fisico SPOT MAT'!S142/'Fisico SPOT MAT'!E142 -> 15.620164 | R142: 1.1 | Y142: =$D142 -> 46053 | Z142: =+E142 -> 101.10165 | AA142: =+F142-AB142 -> 45.257569 | AB142: 8.6710403
A143: =YEAR(D143) -> 2026 | B143: =DATE(A143,MONTH(D143),1) -> 46054 | C143: =+C136 -> dom | D143: =+D142+1 -> 46054 | E143: 75.550678 | F143: =+'Mono SPOT MAT'!M143/'Fisico SPOT MAT'!M143/24 -> 48.79352 | G143: =16*R143 -> 17.6 | H143: =+'Mono ASIG'!AA143 -> 79.435128 | I143: =+H143-J143*336/672/0.52 -> 62.512051 | J143: =16*R143 -> 17.6 | K143: =+'Mono SPOT MAT'!T143 -> 0 | N143: =+'Mono SPOT MAT'!S143/'Fisico SPOT MAT'!S143/'Fisico SPOT MAT'!E143 -> 15.856572 | R143: 1.1 | Y143: =$D143 -> 46054 | Z143: =+E143 -> 75.550678 | AA143: =+F143-AB143 -> 45.312336 | AB143: 3.4811847
A144: =YEAR(D144) -> 2026 | B144: =DATE(A144,MONTH(D144),1) -> 46054 | C144: =+C137 -> lun | D144: =+D143+1 -> 46055 | E144: 91.368709 | F144: =+'Mono SPOT MAT'!M144/'Fisico SPOT MAT'!M144/24 -> 47.665601 | G144: =16*R144 -> 17.6 | H144: =+'Mono ASIG'!AA144 -> 69.64472 | I144: =+H144-J144*336/672/0.52 -> 52.721643 | J144: =16*R144 -> 17.6 | K144: =+'Mono SPOT MAT'!T144 -> 0 | N144: =+'Mono SPOT MAT'!S144/'Fisico SPOT MAT'!S144/'Fisico SPOT MAT'!E144 -> 15.826627 | R144: 1.1 | Y144: =$D144 -> 46055 | Z144: =+E144 -> 91.368709 | AA144: =+F144-AB144 -> 42.237891 | AB144: 5.4277097
A145: =YEAR(D145) -> 2026 | B145: =DATE(A145,MONTH(D145),1) -> 46054 | C145: =+C138 -> mar | D145: =+D144+1 -> 46056 | E145: 116.15318 | F145: =+'Mono SPOT MAT'!M145/'Fisico SPOT MAT'!M145/24 -> 55.052221 | G145: =16*R145 -> 17.6 | H145: =+'Mono ASIG'!AA145 -> 66.876128 | I145: =+H145-J145*336/672/0.52 -> 49.953051 | J145: =16*R145 -> 17.6 | K145: =+'Mono SPOT MAT'!T145 -> 0 | N145: =+'Mono SPOT MAT'!S145/'Fisico SPOT MAT'!S145/'Fisico SPOT MAT'!E145 -> 15.755029 | R145: 1.1 | Y145: =$D145 -> 46056 | Z145: =+E145 -> 116.15318 | AA145: =+F145-AB145 -> 46.616663 | AB145: 8.4355585
A146: =YEAR(D146) -> 2026 | B146: =DATE(A146,MONTH(D146),1) -> 46054 | C146: =+C139 -> mié | D146: =+D145+1 -> 46057 | E146: 120.72378 | F146: =+'Mono SPOT MAT'!M146/'Fisico SPOT MAT'!M146/24 -> 54.407782 | G146: =16*R146 -> 17.6 | H146: =+'Mono ASIG'!AA146 -> 78.487661 | I146: =+H146-J146*336/672/0.52 -> 61.564584 | J146: =16*R146 -> 17.6 | K146: =+'Mono SPOT MAT'!T146 -> 0 | N146: =+'Mono SPOT MAT'!S146/'Fisico SPOT MAT'!S146/'Fisico SPOT MAT'!E146 -> 15.809792 | R146: 1.1 | Y146: =$D146 -> 46057 | Z146: =+E146 -> 120.72378 | AA146: =+F146-AB146 -> 45.688142 | AB146: 8.71964
A147: =YEAR(D147) -> 2026 | B147: =DATE(A147,MONTH(D147),1) -> 46054 | C147: =+C140 -> jue | D147: =+D146+1 -> 46058 | E147: 60.581577 | F147: =+'Mono SPOT MAT'!M147/'Fisico SPOT MAT'!M147/24 -> 48.861947 | G147: =16*R147 -> 17.6 | H147: =+'Mono ASIG'!AA147 -> 79.127153 | I147: =+H147-J147*336/672/0.52 -> 62.204076 | J147: =16*R147 -> 17.6 | K147: =+'Mono SPOT MAT'!T147 -> 0 | N147: =+'Mono SPOT MAT'!S147/'Fisico SPOT MAT'!S147/'Fisico SPOT MAT'!E147 -> 15.857808 | R147: 1.1 | Y147: =$D147 -> 46058 | Z147: =+E147 -> 60.581577 | AA147: =+F147-AB147 -> 46.80786 | AB147: 2.054087
A148: =YEAR(D148) -> 2026 | B148: =DATE(A148,MONTH(D148),1) -> 46054 | C148: =+C141 -> vie | D148: =+D147+1 -> 46059 | E148: 44.886909 | F148: =+'Mono SPOT MAT'!M148/'Fisico SPOT MAT'!M148/24 -> 44.742679 | G148: =16*R148 -> 17.6 | H148: =+'Mono ASIG'!AA148 -> 80.974168 | I148: =+H148-J148*336/672/0.52 -> 64.051091 | J148: =16*R148 -> 17.6 | K148: =+'Mono SPOT MAT'!T148 -> 0 | N148: =+'Mono SPOT MAT'!S148/'Fisico SPOT MAT'!S148/'Fisico SPOT MAT'!E148 -> 15.870658 | R148: 1.1 | Y148: =$D148 -> 46059 | Z148: =+E148 -> 44.886909 | AA148: =+F148-AB148 -> 43.460743 | AB148: 1.2819364
A149: =YEAR(D149) -> 2026 | B149: =DATE(A149,MONTH(D149),1) -> 46054 | C149: =+C142 -> sáb | D149: =+D148+1 -> 46060 | E149: 40.387389 | F149: =+'Mono SPOT MAT'!M149/'Fisico SPOT MAT'!M149/24 -> 43.266406 | G149: =16*R149 -> 17.6 | H149: =+'Mono ASIG'!AA149 -> 73.957868 | I149: =+H149-J149*336/672/0.52 -> 57.034791 | J149: =16*R149 -> 17.6 | K149: =+'Mono SPOT MAT'!T149 -> 0 | N149: =+'Mono SPOT MAT'!S149/'Fisico SPOT MAT'!S149/'Fisico SPOT MAT'!E149 -> 15.870618 | R149: 1.1 | Y149: =$D149 -> 46060 | Z149: =+E149 -> 40.387389 | AA149: =+F149-AB149 -> 41.897372 | AB149: 1.3690345
A150: =YEAR(D150) -> 2026 | B150: =DATE(A150,MONTH(D150),1) -> 46054 | C150: =+C143 -> dom | D150: =+D149+1 -> 46061 | E150: 39.628152 | F150: =+'Mono SPOT MAT'!M150/'Fisico SPOT MAT'!M150/24 -> 42.714827 | G150: =16*R150 -> 17.6 | H150: =+'Mono ASIG'!AA150 -> 74.987166 | I150: =+H150-J150*336/672/0.52 -> 58.064089 | J150: =16*R150 -> 17.6 | K150: =+'Mono SPOT MAT'!T150 -> 0 | N150: =+'Mono SPOT MAT'!S150/'Fisico SPOT MAT'!S150/'Fisico SPOT MAT'!E150 -> 15.827654 | R150: 1.1 | Y150: =$D150 -> 46061 | Z150: =+E150 -> 39.628152 | AA150: =+F150-AB150 -> 41.372382 | AB150: 1.3424453
A151: =YEAR(D151) -> 2026 | B151: =DATE(A151,MONTH(D151),1) -> 46054 | C151: =+C144 -> lun | D151: =+D150+1 -> 46062 | E151: 52.190661 | F151: =+'Mono SPOT MAT'!M151/'Fisico SPOT MAT'!M151/24 -> 43.436601 | G151: =16*R151 -> 17.6 | H151: =+'Mono ASIG'!AA151 -> 70.944141 | I151: =+H151-J151*336/672/0.52 -> 54.021064 | J151: =16*R151 -> 17.6 | K151: =+'Mono SPOT MAT'!T151 -> 0 | N151: =+'Mono SPOT MAT'!S151/'Fisico SPOT MAT'!S151/'Fisico SPOT MAT'!E151 -> 15.805166 | R151: 1.1 | Y151: =$D151 -> 46062 | Z151: =+E151 -> 52.190661 | AA151: =+F151-AB151 -> 41.574005 | AB151: 1.8625965
A152: =YEAR(D152) -> 2026 | B152: =DATE(A152,MONTH(D152),1) -> 46054 | C152: =+C145 -> mar | D152: =+D151+1 -> 46063 | E152: 123.31218 | F152: =+'Mono SPOT MAT'!M152/'Fisico SPOT MAT'!M152/24 -> 52.226837 | G152: =16*R152 -> 17.6 | H152: =+'Mono ASIG'!AA152 -> 70.391017 | I152: =+H152-J152*336/672/0.52 -> 53.46794 | J152: =16*R152 -> 17.6 | K152: =+'Mono SPOT MAT'!T152 -> 0 | N152: =+'Mono SPOT MAT'!S152/'Fisico SPOT MAT'!S152/'Fisico SPOT MAT'!E152 -> 15.789901 | R152: 1.1 | Y152: =$D152 -> 46063 | Z152: =+E152 -> 123.31218 | AA152: =+F152-AB152 -> 41.839368 | AB152: 10.38747
A153: =YEAR(D153) -> 2026 | B153: =DATE(A153,MONTH(D153),1) -> 46054 | C153: =+C146 -> mié | D153: =+D152+1 -> 46064 | E153: 37.373168 | F153: =+'Mono SPOT MAT'!M153/'Fisico SPOT MAT'!M153/24 -> 43.470922 | G153: =16*R153 -> 17.6 | H153: =+'Mono ASIG'!AA153 -> 74.778556 | I153: =+H153-J153*336/672/0.52 -> 57.855479 | J153: =16*R153 -> 17.6 | K153: =+'Mono SPOT MAT'!T153 -> 0 | N153: =+'Mono SPOT MAT'!S153/'Fisico SPOT MAT'!S153/'Fisico SPOT MAT'!E153 -> 15.853507 | R153: 1.1 | Y153: =$D153 -> 46064 | Z153: =+E153 -> 37.373168 | AA153: =+F153-AB153 -> 42.349165 | AB153: 1.121757
A154: =YEAR(D154) -> 2026 | B154: =DATE(A154,MONTH(D154),1) -> 46054 | C154: =+C147 -> jue | D154: =+D153+1 -> 46065 | E154: 37.98426 | F154: =+'Mono SPOT MAT'!M154/'Fisico SPOT MAT'!M154/24 -> 39.908513 | G154: =16*R154 -> 17.6 | H154: =+'Mono ASIG'!AA154 -> 72.157891 | I154: =+H154-J154*336/672/0.52 -> 55.234814 | J154: =16*R154 -> 17.6 | K154: =+'Mono SPOT MAT'!T154 -> 0 | N154: =+'Mono SPOT MAT'!S154/'Fisico SPOT MAT'!S154/'Fisico SPOT MAT'!E154 -> 15.874062 | R154: 1.1 | Y154: =$D154 -> 46065 | Z154: =+E154 -> 37.98426 | AA154: =+F154-AB154 -> 38.46153 | AB154: 1.4469827
... A170: =YEAR(D170) -> 2026 | B170: =DATE(A170,MONTH(D170),1) -> 46054 | C170: =+C163 -> sáb | D170: =+D169+1 -> 46081 | E170: 33.721986 | F170: =+'Mono SPOT MAT'!M170/'Fisico SPOT MAT'!M170/24 -> 38.805707 | G170: =16*R170 -> 17.6 | H170: =+'Mono ASIG'!AA170 -> 74.788518 | I170: =+H170-J170*336/672/0.52 -> 57.865441 | J170: =16*R170 -> 17.6 | K170: =+'Mono SPOT MAT'!T170 -> 0 | N170: =+'Mono SPOT MAT'!S170/'Fisico SPOT MAT'!S170/'Fisico SPOT MAT'!E170 -> 15.903193 | R170: 1.1 | Y170: =$D170 -> 46081 | Z170: =+E170 -> 33.721986 | AA170: =+F170-AB170 -> 37.737443 | AB170: 1.0682643
A171: =YEAR(D171) -> 2026 | B171: =DATE(A171,MONTH(D171),1) -> 46082 | C171: =+C164 -> dom | D171: =+D170+1 -> 46082 | E171: 31.87602 | F171: =+'Mono SPOT MAT'!M171/'Fisico SPOT MAT'!M171/24 -> 38.685705 | G171: =16*R171 -> 14.4 | H171: =+'Mono ASIG'!AA171 -> 72.57159 | I171: =+H171-J171*$P$11/$Q$11/$W$11 -> 60.079089 | J171: =16*R171 -> 14.4 | K171: =+'Mono SPOT MAT'!T171 -> 0 | N171: =+'Mono SPOT MAT'!S171/'Fisico SPOT MAT'!S171/'Fisico SPOT MAT'!E171 -> 15.30143 | R171: 0.9 | Y171: =$D171 -> 46082 | Z171: =+E171 -> 31.87602 | AA171: =+F171-AB171 -> 37.822672 | AB171: 0.86303328
A172: =YEAR(D172) -> 2026 | B172: =DATE(A172,MONTH(D172),1) -> 46082 | C172: =+C165 -> lun | D172: =+D171+1 -> 46083 | E172: 41.855326 | F172: =+'Mono SPOT MAT'!M172/'Fisico SPOT MAT'!M172/24 -> 44.074983 | G172: =16*R172 -> 14.4 | H172: =+'Mono ASIG'!AA172 -> 67.05529 | I172: =+H172-J172*$P$11/$Q$11/$W$11 -> 54.562789 | J172: =16*R172 -> 14.4 | K172: =+'Mono SPOT MAT'!T172 -> 0 | N172: =+'Mono SPOT MAT'!S172/'Fisico SPOT MAT'!S172/'Fisico SPOT MAT'!E172 -> 15.300693 | R172: 0.9 | Y172: =$D172 -> 46083 | Z172: =+E172 -> 41.855326 | AA172: =+F172-AB172 -> 42.826095 | AB172: 1.2488885
A173: =YEAR(D173) -> 2026 | B173: =DATE(A173,MONTH(D173),1) -> 46082 | C173: =+C166 -> mar | D173: =+D172+1 -> 46084 | E173: 36.195883 | F173: =+'Mono SPOT MAT'!M173/'Fisico SPOT MAT'!M173/24 -> 45.083406 | G173: =16*R173 -> 14.4 | H173: =+'Mono ASIG'!AA173 -> 71.997034 | I173: =+H173-J173*$P$11/$Q$11/$W$11 -> 59.504533 | J173: =16*R173 -> 14.4 | K173: =+'Mono SPOT MAT'!T173 -> 0 | N173: =+'Mono SPOT MAT'!S173/'Fisico SPOT MAT'!S173/'Fisico SPOT MAT'!E173 -> 15.295613 | R173: 0.9 | Y173: =$D173 -> 46084 | Z173: =+E173 -> 36.195883 | AA173: =+F173-AB173 -> 44.294403 | AB173: 0.78900277
A174: =YEAR(D174) -> 2026 | B174: =DATE(A174,MONTH(D174),1) -> 46082 | C174: =+C167 -> mié | D174: =+D173+1 -> 46085 | E174: 36.6657 | F174: =+'Mono SPOT MAT'!M174/'Fisico SPOT MAT'!M174/24 -> 40.569296 | G174: =16*R174 -> 14.4 | H174: =+'Mono ASIG'!AA174 -> 67.302767 | I174: =+H174-J174*$P$11/$Q$11/$W$11 -> 54.810266 | J174: =16*R174 -> 14.4 | K174: =+'Mono SPOT MAT'!T174 -> 0 | N174: =+'Mono SPOT MAT'!S174/'Fisico SPOT MAT'!S174/'Fisico SPOT MAT'!E174 -> 15.296886 | R174: 0.9 | Y174: =$D174 -> 46085 | Z174: =+E174 -> 36.6657 | AA174: =+F174-AB174 -> 39.368226 | AB174: 1.2010702
A175: =YEAR(D175) -> 2026 | B175: =DATE(A175,MONTH(D175),1) -> 46082 | C175: =+C168 -> jue | D175: =+D174+1 -> 46086 | E175: 40.343759 | F175: =+'Mono SPOT MAT'!M175/'Fisico SPOT MAT'!M175/24 -> 38.9535 | G175: =16*R175 -> 14.4 | H175: =+'Mono ASIG'!AA175 -> 62.463307 | I175: =+H175-J175*$P$11/$Q$11/$W$11 -> 49.970806 | J175: =16*R175 -> 14.4 | K175: =+'Mono SPOT MAT'!T175 -> 0 | N175: =+'Mono SPOT MAT'!S175/'Fisico SPOT MAT'!S175/'Fisico SPOT MAT'!E175 -> 15.305328 | R175: 0.9 | Y175: =$D175 -> 46086 | Z175: =+E175 -> 40.343759 | AA175: =+F175-AB175 -> 37.507492 | AB175: 1.4460076
A176: =YEAR(D176) -> 2026 | B176: =DATE(A176,MONTH(D176),1) -> 46082 | C176: =+C169 -> vie | D176: =+D175+1 -> 46087 | E176: 37.580815 | F176: =+'Mono SPOT MAT'!M176/'Fisico SPOT MAT'!M176/24 -> 38.309149 | G176: =16*R176 -> 14.4 | H176: =+'Mono ASIG'!AA176 -> 68.653186 | I176: =+H176-J176*$P$11/$Q$11/$W$11 -> 56.160685 | J176: =16*R176 -> 14.4 | K176: =+'Mono SPOT MAT'!T176 -> 0 | N176: =+'Mono SPOT MAT'!S176/'Fisico SPOT MAT'!S176/'Fisico SPOT MAT'!E176 -> 15.321114 | R176: 0.9 | Y176: =$D176 -> 46087 | Z176: =+E176 -> 37.580815 | AA176: =+F176-AB176 -> 36.930478 | AB176: 1.3786713
A177: =YEAR(D177) -> 2026 | B177: =DATE(A177,MONTH(D177),1) -> 46082 | C177: =+C170 -> sáb | D177: =+D176+1 -> 46088 | E177: 33.389054 | F177: =+'Mono SPOT MAT'!M177/'Fisico SPOT MAT'!M177/24 -> 37.928164 | G177: =16*R177 -> 14.4 | H177: =+'Mono ASIG'!AA177 -> 74.00667 | I177: =+H177-J177*$P$11/$Q$11/$W$11 -> 61.514169 | J177: =16*R177 -> 14.4 | K177: =+'Mono SPOT MAT'!T177 -> 0 | N177: =+'Mono SPOT MAT'!S177/'Fisico SPOT MAT'!S177/'Fisico SPOT MAT'!E177 -> 15.256709 | R177: 0.9 | Y177: =$D177 -> 46088 | Z177: =+E177 -> 33.389054 | AA177: =+F177-AB177 -> 36.955352 | AB177: 0.97281238
A178: =YEAR(D178) -> 2026 | B178: =DATE(A178,MONTH(D178),1) -> 46082 | C178: =+C171 -> dom | D178: =+D177+1 -> 46089 | E178: 30.592164 | F178: =+'Mono SPOT MAT'!M178/'Fisico SPOT MAT'!M178/24 -> 37.601907 | G178: =16*R178 -> 14.4 | H178: =+'Mono ASIG'!AA178 -> 72.865185 | I178: =+H178-J178*$P$11/$Q$11/$W$11 -> 60.372684 | J178: =16*R178 -> 14.4 | K178: =+'Mono SPOT MAT'!T178 -> 0 | N178: =+'Mono SPOT MAT'!S178/'Fisico SPOT MAT'!S178/'Fisico SPOT MAT'!E178 -> 15.272889 | R178: 0.9 | Y178: =$D178 -> 46089 | Z178: =+E178 -> 30.592164 | AA178: =+F178-AB178 -> 36.813317 | AB178: 0.78859007
A179: =YEAR(D179) -> 2026 | B179: =DATE(A179,MONTH(D179),1) -> 46082 | C179: =+C172 -> lun | D179: =+D178+1 -> 46090 | E179: 33.375228 | F179: =+'Mono SPOT MAT'!M179/'Fisico SPOT MAT'!M179/24 -> 37.423552 | G179: =16*R179 -> 14.4 | H179: =+'Mono ASIG'!AA179 -> 68.466351 | I179: =+H179-J179*$P$11/$Q$11/$W$11 -> 55.97385 | J179: =16*R179 -> 14.4 | K179: =+'Mono SPOT MAT'!T179 -> 0 | N179: =+'Mono SPOT MAT'!S179/'Fisico SPOT MAT'!S179/'Fisico SPOT MAT'!E179 -> 15.253004 | R179: 0.9 | Y179: =$D179 -> 46090 | Z179: =+E179 -> 33.375228 | AA179: =+F179-AB179 -> 36.351954 | AB179: 1.0715982
A180: =YEAR(D180) -> 2026 | B180: =DATE(A180,MONTH(D180),1) -> 46082 | C180: =+C173 -> mar | D180: =+D179+1 -> 46091 | E180: 38.141885 | F180: =+'Mono SPOT MAT'!M180/'Fisico SPOT MAT'!M180/24 -> 38.577213 | G180: =16*R180 -> 14.4 | H180: =+'Mono ASIG'!AA180 -> 67.263404 | I180: =+H180-J180*$P$11/$Q$11/$W$11 -> 54.770903 | J180: =16*R180 -> 14.4 | K180: =+'Mono SPOT MAT'!T180 -> 0 | N180: =+'Mono SPOT MAT'!S180/'Fisico SPOT MAT'!S180/'Fisico SPOT MAT'!E180 -> 15.250393 | R180: 0.9 | Y180: =$D180 -> 46091 | Z180: =+E180 -> 38.141885 | AA180: =+F180-AB180 -> 37.182308 | AB180: 1.3949055
A181: =YEAR(D181) -> 2026 | B181: =DATE(A181,MONTH(D181),1) -> 46082 | C181: =+C174 -> mié | D181: =+D180+1 -> 46092 | E181: 36.512986 | F181: =+'Mono SPOT MAT'!M181/'Fisico SPOT MAT'!M181/24 -> 38.154221 | G181: =16*R181 -> 14.4 | H181: =+'Mono ASIG'!AA181 -> 70.52964 | I181: =+H181-J181*$P$11/$Q$11/$W$11 -> 58.037139 | J181: =16*R181 -> 14.4 | K181: =+'Mono SPOT MAT'!T181 -> 0 | N181: =+'Mono SPOT MAT'!S181/'Fisico SPOT MAT'!S181/'Fisico SPOT MAT'!E181 -> 15.250798 | R181: 0.9 | Y181: =$D181 -> 46092 | Z181: =+E181 -> 36.512986 | AA181: =+F181-AB181 -> 36.775775 | AB181: 1.3784464
A182: =YEAR(D182) -> 2026 | B182: =DATE(A182,MONTH(D182),1) -> 46082 | C182: =+C175 -> jue | D182: =+D181+1 -> 46093 | E182: 40.316809 | F182: =+'Mono SPOT MAT'!M182/'Fisico SPOT MAT'!M182/24 -> 38.265919 | G182: =16*R182 -> 14.4 | H182: =+'Mono ASIG'!AA182 -> 66.869305 | I182: =+H182-J182*$P$11/$Q$11/$W$11 -> 54.376804 | J182: =16*R182 -> 14.4 | K182: =+'Mono SPOT MAT'!T182 -> 0 | N182: =+'Mono SPOT MAT'!S182/'Fisico SPOT MAT'!S182/'Fisico SPOT MAT'!E182 -> 15.269356 | R182: 0.9 | Y182: =$D182 -> 46093 | Z182: =+E182 -> 40.316809 | AA182: =+F182-AB182 -> 36.787942 | AB182: 1.4779776
... A201: =YEAR(D201) -> 2026 | B201: =DATE(A201,MONTH(D201),1) -> 46082 | C201: =+C194 -> mar | D201: =+D200+1 -> 46112 | E201: 277.47484 | F201: =+'Mono SPOT MAT'!M201/'Fisico SPOT MAT'!M201/24 -> 107.59038 | G201: =16*R201 -> 14.4 | H201: =+'Mono ASIG'!AA201 -> 95.476747 | I201: =+H201-J201*$P$11/$Q$11/$W$11 -> 82.984246 | J201: =16*R201 -> 14.4 | K201: =+'Mono SPOT MAT'!T201 -> 0 | N201: =+'Mono SPOT MAT'!S201/'Fisico SPOT MAT'!S201/'Fisico SPOT MAT'!E201 -> 14.91676 | R201: 0.9 | Y201: =$D201 -> 46112 | Z201: =+E201 -> 277.47484 | AA201: =+F201-AB201 -> 79.313823 | AB201: 28.276559
A202: =YEAR(D202) -> 2026 | B202: =DATE(A202,MONTH(D202),1) -> 46113 | C202: =+C195 -> mié | D202: =+D201+1 -> 46113 | E202: 209.85886 | F202: =+'Mono SPOT MAT'!M202/'Fisico SPOT MAT'!M202/24 -> 94.289715 | G202: =16*R202 -> 14.4 | H202: =+'Mono ASIG'!AA202 -> 90.82892 | I202: =+H202-J202*$P$12/$Q$12/$W$12 -> 78.763346 | J202: =16*R202 -> 14.4 | K202: =+'Mono SPOT MAT'!T202 -> 0 | N202: =+'Mono SPOT MAT'!S202/'Fisico SPOT MAT'!S202/'Fisico SPOT MAT'!E202 -> 14.940473 | R202: 0.9 | Y202: =$D202 -> 46113 | Z202: =+E202 -> 209.85886 | AA202: =+F202-AB202 -> 74.877564 | AB202: 19.412151
A203: =YEAR(D203) -> 2026 | B203: =DATE(A203,MONTH(D203),1) -> 46113 | C203: =+C196 -> jue | D203: =+D202+1 -> 46114 | E203: 134.99318 | F203: =+'Mono SPOT MAT'!M203/'Fisico SPOT MAT'!M203/24 -> 56.973964 | G203: =16*R203 -> 14.4 | H203: =+'Mono ASIG'!AA203 -> 73.904738 | I203: =+H203-J203*$P$12/$Q$12/$W$12 -> 61.839165 | J203: =16*R203 -> 14.4 | K203: =+'Mono SPOT MAT'!T203 -> 0 | N203: =+'Mono SPOT MAT'!S203/'Fisico SPOT MAT'!S203/'Fisico SPOT MAT'!E203 -> 15.038887 | R203: 0.9 | Y203: =$D203 -> 46114 | Z203: =+E203 -> 134.99318 | AA203: =+F203-AB203 -> 46.278986 | AB203: 10.694978
A204: =YEAR(D204) -> 2026 | B204: =DATE(A204,MONTH(D204),1) -> 46113 | C204: =+C197 -> vie | D204: =+D203+1 -> 46115 | E204: 87.25231 | F204: =+'Mono SPOT MAT'!M204/'Fisico SPOT MAT'!M204/24 -> 52.795455 | G204: =16*R204 -> 14.4 | H204: =+'Mono ASIG'!AA204 -> 78.128705 | I204: =+H204-J204*$P$12/$Q$12/$W$12 -> 66.063131 | J204: =16*R204 -> 14.4 | K204: =+'Mono SPOT MAT'!T204 -> 0 | N204: =+'Mono SPOT MAT'!S204/'Fisico SPOT MAT'!S204/'Fisico SPOT MAT'!E204 -> 15.117494 | R204: 0.9 | Y204: =$D204 -> 46115 | Z204: =+E204 -> 87.25231 | AA204: =+F204-AB204 -> 45.686293 | AB204: 7.1091619
A205: =YEAR(D205) -> 2026 | B205: =DATE(A205,MONTH(D205),1) -> 46113 | C205: =+C198 -> sáb | D205: =+D204+1 -> 46116 | E205: 109.74053 | F205: =+'Mono SPOT MAT'!M205/'Fisico SPOT MAT'!M205/24 -> 56.219875 | G205: =16*R205 -> 14.4 | H205: =+'Mono ASIG'!AA205 -> 76.325844 | I205: =+H205-J205*$P$12/$Q$12/$W$12 -> 64.26027 | J205: =16*R205 -> 14.4 | K205: =+'Mono SPOT MAT'!T205 -> 0 | N205: =+'Mono SPOT MAT'!S205/'Fisico SPOT MAT'!S205/'Fisico SPOT MAT'!E205 -> 15.124252 | R205: 0.9 | Y205: =$D205 -> 46116 | Z205: =+E205 -> 109.74053 | AA205: =+F205-AB205 -> 47.904659 | AB205: 8.315216
A206: =YEAR(D206) -> 2026 | B206: =DATE(A206,MONTH(D206),1) -> 46113 | C206: =+C199 -> dom | D206: =+D205+1 -> 46117 | E206: 145.95301 | F206: =+'Mono SPOT MAT'!M206/'Fisico SPOT MAT'!M206/24 -> 61.175977 | G206: =16*R206 -> 14.4 | H206: =+'Mono ASIG'!AA206 -> 75.259331 | I206: =+H206-J206*$P$12/$Q$12/$W$12 -> 63.193757 | J206: =16*R206 -> 14.4 | K206: =+'Mono SPOT MAT'!T206 -> 0 | N206: =+'Mono SPOT MAT'!S206/'Fisico SPOT MAT'!S206/'Fisico SPOT MAT'!E206 -> 15.137243 | R206: 0.9 | Y206: =$D206 -> 46117 | Z206: =+E206 -> 145.95301 | AA206: =+F206-AB206 -> 49.112088 | AB206: 12.063889
A207: =YEAR(D207) -> 2026 | B207: =DATE(A207,MONTH(D207),1) -> 46113 | C207: =+C200 -> lun | D207: =+D206+1 -> 46118 | E207: 130.8221 | F207: =+'Mono SPOT MAT'!M207/'Fisico SPOT MAT'!M207/24 -> 59.453639 | G207: =16*R207 -> 14.4 | H207: =+'Mono ASIG'!AA207 -> 74.06868 | I207: =+H207-J207*$P$12/$Q$12/$W$12 -> 62.003106 | J207: =16*R207 -> 14.4 | K207: =+'Mono SPOT MAT'!T207 -> 0 | N207: =+'Mono SPOT MAT'!S207/'Fisico SPOT MAT'!S207/'Fisico SPOT MAT'!E207 -> 15.033122 | R207: 0.9 | Y207: =$D207 -> 46118 | Z207: =+E207 -> 130.8221 | AA207: =+F207-AB207 -> 47.590734 | AB207: 11.862906
A208: =YEAR(D208) -> 2026 | B208: =DATE(A208,MONTH(D208),1) -> 46113 | C208: =+C201 -> mar | D208: =+D207+1 -> 46119 | E208: 144.87144 | F208: =+'Mono SPOT MAT'!M208/'Fisico SPOT MAT'!M208/24 -> 57.103845 | G208: =16*R208 -> 14.4 | H208: =+'Mono ASIG'!AA208 -> 76.752461 | I208: =+H208-J208*$P$12/$Q$12/$W$12 -> 64.686887 | J208: =16*R208 -> 14.4 | K208: =+'Mono SPOT MAT'!T208 -> 0 | N208: =+'Mono SPOT MAT'!S208/'Fisico SPOT MAT'!S208/'Fisico SPOT MAT'!E208 -> 15.104634 | R208: 0.9 | Y208: =$D208 -> 46119 | Z208: =+E208 -> 144.87144 | AA208: =+F208-AB208 -> 44.870568 | AB208: 12.233277
A209: =YEAR(D209) -> 2026 | B209: =DATE(A209,MONTH(D209),1) -> 46113 | C209: =+C202 -> mié | D209: =+D208+1 -> 46120 | E209: 38.118939 | F209: =+'Mono SPOT MAT'!M209/'Fisico SPOT MAT'!M209/24 -> 46.923275 | G209: =16*R209 -> 14.4 | H209: =+'Mono ASIG'!AA209 -> 73.021212 | I209: =+H209-J209*$P$12/$Q$12/$W$12 -> 60.955638 | J209: =16*R209 -> 14.4 | K209: =+'Mono SPOT MAT'!T209 -> 0 | N209: =+'Mono SPOT MAT'!S209/'Fisico SPOT MAT'!S209/'Fisico SPOT MAT'!E209 -> 15.096992 | R209: 0.9 | Y209: =$D209 -> 46120 | Z209: =+E209 -> 38.118939 | AA209: =+F209-AB209 -> 45.639841 | AB209: 1.2834341
...

Sheet Fisico ASIG
B1: Mercado ASIGNADO | O1: ASIGNADA - POTENCIA
B2: Energía Generada por tipo
B3: Potencia disponible por día
F5: ENERGIA | G5: ENERGIA | H5: ENERGIA | I5: ENERGIA | J5: ENERGIA | K5: ENERGIA | L5: ENERGIA | M5: ENERGIA | N5: ENERGIA | O5: POTENCIA | P5: POTENCIA | Q5: POTENCIA | R5: POTENCIA | S5: POTENCIA | T5: POTENCIA | U5: POTENCIA | V5: POTENCIA | W5: POTENCIA
C6: VALORES FISICOS - ACUMULADO MES | F6: MW med | G6: MW med | H6: MW med | I6: MW med | J6: MW med | K6: MW med | L6: MW med | M6: MW med | N6: MW med | O6: MW disp | P6: MW disp | Q6: MW disp | R6: MW disp | S6: MW disp | T6: MW disp | U6: MW disp | V6: MW disp | W6: MW disp
D7: promedio MW/dia | E7: MES | F7: YACYRETA | G7: SALTO GRANDE | H7: HIDRO NAC Resto | I7: HIDRO COM CONCESION | J7: NUCLEAR | K7: PPA RENOV | L7: PPA TERM | M7: IMPORTACION | N7: ENER ASIG | O7: YACYRETA | P7: SALTO GRANDE | Q7: HIDRO NAC Resto | R7: HIDRO COM CONCESION | S7: NUCLEAR | T7: PPA RENOV | U7: PPA TERM | V7: IMPORTACION | W7: POT ASIG
E8: =+Precios!D7 -> 45962 | F8: =AVERAGEIFS(F$20:F$1048576,$B$20:$B$1048576,$E8) -> 2017.5955 | G8: =AVERAGEIFS(G$20:G$1048576,$B$20:$B$1048576,$E8) -> 555.64954 | H8: =AVERAGEIFS(H$20:H$1048576,$B$20:$B$1048576,$E8) -> 887.6217 | I8: =IFERROR(AVERAGEIFS(I$20:I$1048576,$B$20:$B$1048576,$E8),"-") -> - | J8: =AVERAGEIFS(J$20:J$1048576,$B$20:$B$1048576,$E8) -> 1259.5973 | K8: =AVERAGEIFS(K$20:K$1048576,$B$20:$B$1048576,$E8) -> 1752.0802 | L8: =AVERAGEIFS(L$20:L$1048576,$B$20:$B$1048576,$E8) -> 1973.3487 | M8: =AVERAGEIFS(M$20:M$1048576,$B$20:$B$1048576,$E8) -> 24.52265 | N8: =+SUM(F8:M8) -> 8470.4155 | O8: =AVERAGEIFS(O$20:O$1048576,$B$20:$B$1048576,$E8) -> 1500 | P8: =AVERAGEIFS(P$20:P$1048576,$B$20:$B$1048576,$E8) -> 842.66661 | Q8: =AVERAGEIFS(Q$20:Q$1048576,$B$20:$B$1048576,$E8) -> 5079.0934 | S8: =AVERAGEIFS(S$20:S$1048576,$B$20:$B$1048576,$E8) -> 1755 | T8: =AVERAGEIFS(T$20:T$1048576,$B$20:$B$1048576,$E8) -> 0 | U8: =AVERAGEIFS(U$20:U$1048576,$B$20:$B$1048576,$E8) -> 5296.6354 | V8: =AVERAGEIFS(V$20:V$1048576,$B$20:$B$1048576,$E8) -> 0 | W8: =+SUM(O8:V8) -> 14473.395
E9: =+Precios!D8 -> 45992 | F9: =AVERAGEIFS(F$20:F$1048576,$B$20:$B$1048576,$E9) -> 1809.1539 | G9: =AVERAGEIFS(G$20:G$1048576,$B$20:$B$1048576,$E9) -> 386.73617 | H9: =AVERAGEIFS(H$20:H$1048576,$B$20:$B$1048576,$E9) -> 814.48058 | I9: =IFERROR(AVERAGEIFS(I$20:I$1048576,$B$20:$B$1048576,$E9),"-") -> - | J9: =AVERAGEIFS(J$20:J$1048576,$B$20:$B$1048576,$E9) -> 1243.1001 | K9: =AVERAGEIFS(K$20:K$1048576,$B$20:$B$1048576,$E9) -> 1850.225 | L9: =AVERAGEIFS(L$20:L$1048576,$B$20:$B$1048576,$E9) -> 2942.6651 | M9: =AVERAGEIFS(M$20:M$1048576,$B$20:$B$1048576,$E9) -> 75.102478 | N9: =+SUM(F9:M9) -> 9121.4633 | O9: =AVERAGEIFS(O$20:O$1048576,$B$20:$B$1048576,$E9) -> 1500 | P9: =AVERAGEIFS(P$20:P$1048576,$B$20:$B$1048576,$E9) -> 892.71694 | Q9: =AVERAGEIFS(Q$20:Q$1048576,$B$20:$B$1048576,$E9) -> 5261.9461 | S9: =AVERAGEIFS(S$20:S$1048576,$B$20:$B$1048576,$E9) -> 1755 | T9: =AVERAGEIFS(T$20:T$1048576,$B$20:$B$1048576,$E9) -> 0 | U9: =AVERAGEIFS(U$20:U$1048576,$B$20:$B$1048576,$E9) -> 5727.8809 | V9: =AVERAGEIFS(V$20:V$1048576,$B$20:$B$1048576,$E9) -> 0 | W9: =+SUM(O9:V9) -> 15137.544
E10: =+Precios!D9 -> 46023 | F10: =AVERAGEIFS(F$20:F$1048576,$B$20:$B$1048576,$E10) -> 1269.4977 | G10: =AVERAGEIFS(G$20:G$1048576,$B$20:$B$1048576,$E10) -> 548.6778 | H10: =AVERAGEIFS(H$20:H$1048576,$B$20:$B$1048576,$E10) -> 353.4675 | I10: =AVERAGEIFS(I$20:I$1048576,$B$20:$B$1048576,$E10) -> 678.96589 | J10: =AVERAGEIFS(J$20:J$1048576,$B$20:$B$1048576,$E10) -> 1253.595 | K10: =AVERAGEIFS(K$20:K$1048576,$B$20:$B$1048576,$E10) -> 1731.0907 | L10: =AVERAGEIFS(L$20:L$1048576,$B$20:$B$1048576,$E10) -> 3019.2708 | M10: =AVERAGEIFS(M$20:M$1048576,$B$20:$B$1048576,$E10) -> 203.58483 | N10: =+SUM(F10:M10) -> 9058.1502 | O10: =AVERAGEIFS(O$20:O$1048576,$B$20:$B$1048576,$E10) -> 1500 | P10: =AVERAGEIFS(P$20:P$1048576,$B$20:$B$1048576,$E10) -> 922.52379 | Q10: =AVERAGEIFS(Q$20:Q$1048576,$B$20:$B$1048576,$E10) -> 2204.7347 | R10: =AVERAGEIFS(R$20:R$1048576,$B$20:$B$1048576,$E10) -> 3896.0358 | S10: =AVERAGEIFS(S$20:S$1048576,$B$20:$B$1048576,$E10) -> 1755 | T10: =AVERAGEIFS(T$20:T$1048576,$B$20:$B$1048576,$E10) -> 0 | U10: =AVERAGEIFS(U$20:U$1048576,$B$20:$B$1048576,$E10) -> 5820.8805 | V10: =AVERAGEIFS(V$20:V$1048576,$B$20:$B$1048576,$E10) -> 0 | W10: =+SUM(O10:V10) -> 16099.175
E11: =+Precios!D10 -> 46054 | F11: =AVERAGEIFS(F$20:F$1048576,$B$20:$B$1048576,$E11) -> 985.05709 | G11: =AVERAGEIFS(G$20:G$1048576,$B$20:$B$1048576,$E11) -> 245.57043 | H11: =AVERAGEIFS(H$20:H$1048576,$B$20:$B$1048576,$E11) -> 243.47859 | I11: =AVERAGEIFS(I$20:I$1048576,$B$20:$B$1048576,$E11) -> 481.37719 | J11: =AVERAGEIFS(J$20:J$1048576,$B$20:$B$1048576,$E11) -> 1234.5675 | K11: =AVERAGEIFS(K$20:K$1048576,$B$20:$B$1048576,$E11) -> 1782.9666 | L11: =AVERAGEIFS(L$20:L$1048576,$B$20:$B$1048576,$E11) -> 3090.1065 | M11: =AVERAGEIFS(M$20:M$1048576,$B$20:$B$1048576,$E11) -> 195.57906 | N11: =+SUM(F11:M11) -> 8258.7029 | O11: =AVERAGEIFS(O$20:O$1048576,$B$20:$B$1048576,$E11) -> 1500 | P11: =AVERAGEIFS(P$20:P$1048576,$B$20:$B$1048576,$E11) -> 899.3488 | Q11: =AVERAGEIFS(Q$20:Q$1048576,$B$20:$B$1048576,$E11) -> 1026.3623 | R11: =AVERAGEIFS(R$20:R$1048576,$B$20:$B$1048576,$E11) -> 3856.4639 | S11: =AVERAGEIFS(S$20:S$1048576,$B$20:$B$1048576,$E11) -> 1755 | T11: =AVERAGEIFS(T$20:T$1048576,$B$20:$B$1048576,$E11) -> 0 | U11: =AVERAGEIFS(U$20:U$1048576,$B$20:$B$1048576,$E11) -> 5825.4073 | V11: =AVERAGEIFS(V$20:V$1048576,$B$20:$B$1048576,$E11) -> 0 | W11: =+SUM(O11:V11) -> 14862.582
E12: =+Precios!D11 -> 46082 | F12: =AVERAGEIFS(F$20:F$1048576,$B$20:$B$1048576,$E12) -> 1031.0641 | G12: =AVERAGEIFS(G$20:G$1048576,$B$20:$B$1048576,$E12) -> 237.71785 | H12: =AVERAGEIFS(H$20:H$1048576,$B$20:$B$1048576,$E12) -> 247.8823 | I12: =AVERAGEIFS(I$20:I$1048576,$B$20:$B$1048576,$E12) -> 595.96721 | J12: =AVERAGEIFS(J$20:J$1048576,$B$20:$B$1048576,$E12) -> 792.34466 | K12: =AVERAGEIFS(K$20:K$1048576,$B$20:$B$1048576,$E12) -> 1740.137 | L12: =AVERAGEIFS(L$20:L$1048576,$B$20:$B$1048576,$E12) -> 3012.0061 | M12: =AVERAGEIFS(M$20:M$1048576,$B$20:$B$1048576,$E12) -> 109.93972 | N12: =+SUM(F12:M12) -> 7767.0589 | O12: =AVERAGEIFS(O$20:O$1048576,$B$20:$B$1048576,$E12) -> 1500 | P12: =AVERAGEIFS(P$20:P$1048576,$B$20:$B$1048576,$E12) -> 804.5187 | Q12: =AVERAGEIFS(Q$20:Q$1048576,$B$20:$B$1048576,$E12) -> 1006.4949 | R12: =AVERAGEIFS(R$20:R$1048576,$B$20:$B$1048576,$E12) -> 3800.676 | S12: =AVERAGEIFS(S$20:S$1048576,$B$20:$B$1048576,$E12) -> 1755 | T12: =AVERAGEIFS(T$20:T$1048576,$B$20:$B$1048576,$E12) -> 0 | U12: =AVERAGEIFS(U$20:U$1048576,$B$20:$B$1048576,$E12) -> 5369.8895 | V12: =AVERAGEIFS(V$20:V$1048576,$B$20:$B$1048576,$E12) -> 0 | W12: =+SUM(O12:V12) -> 14236.579
E13: =+Precios!D12 -> 46113 | F13: =AVERAGEIFS(F$20:F$1048576,$B$20:$B$1048576,$E13) -> 1375.4281 | G13: =AVERAGEIFS(G$20:G$1048576,$B$20:$B$1048576,$E13) -> 333.06879 | H13: =AVERAGEIFS(H$20:H$1048576,$B$20:$B$1048576,$E13) -> 250.78597 | I13: =AVERAGEIFS(I$20:I$1048576,$B$20:$B$1048576,$E13) -> 583.99947 | J13: =AVERAGEIFS(J$20:J$1048576,$B$20:$B$1048576,$E13) -> 599.63981 | K13: =AVERAGEIFS(K$20:K$1048576,$B$20:$B$1048576,$E13) -> 1634.2925 | L13: =AVERAGEIFS(L$20:L$1048576,$B$20:$B$1048576,$E13) -> 2396.1315 | M13: =AVERAGEIFS(M$20:M$1048576,$B$20:$B$1048576,$E13) -> 251.91863 | N13: =+SUM(F13:M13) -> 7425.2648 | O13: =AVERAGEIFS(O$20:O$1048576,$B$20:$B$1048576,$E13) -> 1500 | P13: =AVERAGEIFS(P$20:P$1048576,$B$20:$B$1048576,$E13) -> 827.57642 | Q13: =AVERAGEIFS(Q$20:Q$1048576,$B$20:$B$1048576,$E13) -> 969.32118 | R13: =AVERAGEIFS(R$20:R$1048576,$B$20:$B$1048576,$E13) -> 3717.7575 | S13: =AVERAGEIFS(S$20:S$1048576,$B$20:$B$1048576,$E13) -> 1755 | T13: =AVERAGEIFS(T$20:T$1048576,$B$20:$B$1048576,$E13) -> 0 | U13: =AVERAGEIFS(U$20:U$1048576,$B$20:$B$1048576,$E13) -> 5122.7089 | V13: =AVERAGEIFS(V$20:V$1048576,$B$20:$B$1048576,$E13) -> 0 | W13: =+SUM(O13:V13) -> 13892.364
E14: =+Precios!D13 -> 46143 | F14: =AVERAGEIFS(F$20:F$1048576,$B$20:$B$1048576,$E14) -> 1564.0244 | G14: =AVERAGEIFS(G$20:G$1048576,$B$20:$B$1048576,$E14) -> 451.72274 | H14: =AVERAGEIFS(H$20:H$1048576,$B$20:$B$1048576,$E14) -> 297.85809 | I14: =AVERAGEIFS(I$20:I$1048576,$B$20:$B$1048576,$E14) -> 1073.5445 | J14: =AVERAGEIFS(J$20:J$1048576,$B$20:$B$1048576,$E14) -> 1046.1918 | K14: =AVERAGEIFS(K$20:K$1048576,$B$20:$B$1048576,$E14) -> 1429.5537 | L14: =AVERAGEIFS(L$20:L$1048576,$B$20:$B$1048576,$E14) -> 2289.658 | M14: =AVERAGEIFS(M$20:M$1048576,$B$20:$B$1048576,$E14) -> 1020.0108 | N14: =+SUM(F14:M14) -> 9172.5639 | O14: =AVERAGEIFS(O$20:O$1048576,$B$20:$B$1048576,$E14) -> 1500 | P14: =AVERAGEIFS(P$20:P$1048576,$B$20:$B$1048576,$E14) -> 886.00852 | Q14: =AVERAGEIFS(Q$20:Q$1048576,$B$20:$B$1048576,$E14) -> 998.39305 | R14: =AVERAGEIFS(R$20:R$1048576,$B$20:$B$1048576,$E14) -> 3579.6586 | S14: =AVERAGEIFS(S$20:S$1048576,$B$20:$B$1048576,$E14) -> 1755 | T14: =AVERAGEIFS(T$20:T$1048576,$B$20:$B$1048576,$E14) -> 0 | U14: =AVERAGEIFS(U$20:U$1048576,$B$20:$B$1048576,$E14) -> 5148.9697 | V14: =AVERAGEIFS(V$20:V$1048576,$B$20:$B$1048576,$E14) -> 0 | W14: =+SUM(O14:V14) -> 13868.03
E15: =+Precios!D14 -> 46174 | F15: =AVERAGEIFS(F$20:F$1048576,$B$20:$B$1048576,$E15) -> 1623.6642 | G15: =AVERAGEIFS(G$20:G$1048576,$B$20:$B$1048576,$E15) -> 269.48917 | H15: =AVERAGEIFS(H$20:H$1048576,$B$20:$B$1048576,$E15) -> 256.91911 | I15: =AVERAGEIFS(I$20:I$1048576,$B$20:$B$1048576,$E15) -> 741.59541 | J15: =AVERAGEIFS(J$20:J$1048576,$B$20:$B$1048576,$E15) -> 1207.9871 | K15: =AVERAGEIFS(K$20:K$1048576,$B$20:$B$1048576,$E15) -> 1522.5435 | L15: =AVERAGEIFS(L$20:L$1048576,$B$20:$B$1048576,$E15) -> 2469.8278 | M15: =AVERAGEIFS(M$20:M$1048576,$B$20:$B$1048576,$E15) -> 1123.3672 | N15: =+SUM(F15:M15) -> 9215.3935 | O15: =AVERAGEIFS(O$20:O$1048576,$B$20:$B$1048576,$E15) -> 1500 | P15: =AVERAGEIFS(P$20:P$1048576,$B$20:$B$1048576,$E15) -> 866.86158 | Q15: =AVERAGEIFS(Q$20:Q$1048576,$B$20:$B$1048576,$E15) -> 969.96831 | R15: =AVERAGEIFS(R$20:R$1048576,$B$20:$B$1048576,$E15) -> 3621.3354 | S15: =AVERAGEIFS(S$20:S$1048576,$B$20:$B$1048576,$E15) -> 1755 | T15: =AVERAGEIFS(T$20:T$1048576,$B$20:$B$1048576,$E15) -> 0 | U15: =AVERAGEIFS(U$20:U$1048576,$B$20:$B$1048576,$E15) -> 5791.3707 | V15: =AVERAGEIFS(V$20:V$1048576,$B$20:$B$1048576,$E15) -> 0 | W15: =+SUM(O15:V15) -> 14504.536
C17: VALORES FISICOS - PASO DIARIO | F17: ENERGIA | G17: ENERGIA | H17: ENERGIA | I17: ENERGIA | J17: ENERGIA | K17: ENERGIA | L17: ENERGIA | M17: ENERGIA | N17: ENERGIA | O17: POTENCIA | P17: POTENCIA | Q17: POTENCIA | R17: POTENCIA | S17: POTENCIA | T17: POTENCIA | U17: POTENCIA | V17: POTENCIA | W17: POTENCIA
F18: MW med | G18: MW med | H18: MW med | I18: MW med | J18: MW med | K18: MW med | L18: MW med | M18: MW med | N18: MW med | O18: MW disp | P18: MW disp | Q18: MW disp | R18: MW disp | S18: MW disp | T18: MW disp | U18: MW disp | V18: MW disp | W18: MW disp
A19: AÑO | B19: MES | C19: # dias/mes | D19: TIPO dia | E19: DIA | F19: YACYRETA | G19: SALTO GRANDE | H19: HIDRO NAC Resto | I19: HIDRO COM CONCESION | J19: NUCLEAR | K19: PPA RENOV | L19: PPA TERM | M19: IMPORTACION | N19: ENER ASIG | O19: YACYRETA | P19: SALTO GRANDE | Q19: HIDRO NAC Resto | R19: HIDRO COM CONCESION | S19: NUCLEAR | T19: PPA RENOV | U19: PPA TERM | V19: IMPORTACION | W19: POT ASIG
A20: =YEAR(E20) -> 2025 | B20: =DATE(A20,MONTH(E20),1) -> 45931 | C20: 31 | D20: mié. | E20: 45931 | F20: 1815.8247 | G20: 733.327 | H20: 754.569 | J20: 915.93338 | K20: 2226.5328 | L20: 1431.3534 | M20: 237.28671 | N20: =SUM(F20:M20) -> 8114.827 | O20: 1500 | P20: 791.63437 | Q20: 5516.6738 | S20: 1755 | T20: 0 | U20: 4819.1509 | V20: 0 | W20: =SUM(O20:V20) -> 14382.459
A21: =YEAR(E21) -> 2025 | B21: =DATE(A21,MONTH(E21),1) -> 45931 | C21: 31 | D21: jue. | E21: =+ E20+1 -> 45932 | F21: 1949.3443 | G21: 745.48846 | H21: 703.37642 | J21: 1258.4156 | K21: 2009.3687 | L21: 1408.0382 | M21: 277.71912 | N21: =SUM(F21:M21) -> 8351.7507 | O21: 1500 | P21: 808.47812 | Q21: 5504.205 | S21: 1755 | T21: 0 | U21: 4860.7804 | V21: 0 | W21: =SUM(O21:V21) -> 14428.464
A22: =YEAR(E22) -> 2025 | B22: =DATE(A22,MONTH(E22),1) -> 45931 | C22: 31 | D22: vie. | E22: =+ E21+1 -> 45933 | F22: 1939.6475 | G22: 749.67129 | H22: 961.37013 | J22: 1264.0865 | K22: 1946.2811 | L22: 1451.441 | M22: 243.12 | N22: =SUM(F22:M22) -> 8555.6174 | O22: 1500 | P22: 823.2 | Q22: 5506.8017 | S22: 1755 | T22: 0 | U22: 4945.3649 | V22: 0 | W22: =SUM(O22:V22) -> 14530.367
A23: =YEAR(E23) -> 2025 | B23: =DATE(A23,MONTH(E23),1) -> 45931 | C23: 31 | D23: sáb. | E23: =+ E22+1 -> 45934 | F23: 1438.7366 | G23: 724.03604 | H23: 941.07954 | J23: 1263.1498 | K23: 1780.7511 | L23: 1782.2303 | M23: 390.35292 | N23: =SUM(F23:M23) -> 8320.3363 | O23: 1500 | P23: 773.85 | Q23: 5526.5394 | S23: 1755 | T23: 0 | U23: 5447.4902 | V23: 0 | W23: =SUM(O23:V23) -> 15002.88
A24: =YEAR(E24) -> 2025 | B24: =DATE(A24,MONTH(E24),1) -> 45931 | C24: 31 | D24: dom. | E24: =+ E23+1 -> 45935 | F24: 1269.1058 | G24: 744.76929 | H24: 785.91979 | J24: 1262.7215 | K24: 1435.3352 | L24: 1583.318 | M24: 388.39271 | N24: =SUM(F24:M24) -> 7469.5624 | O24: 1500 | P24: 806.4 | Q24: 5529.8206 | S24: 1755 | T24: 0 | U24: 5519.7136 | V24: 0 | W24: =SUM(O24:V24) -> 15110.934
A25: =YEAR(E25) -> 2025 | B25: =DATE(A25,MONTH(E25),1) -> 45931 | C25: 31 | D25: lun. | E25: =+ E24+1 -> 45936 | F25: 1395.5035 | G25: 808.06504 | H25: 995.723 | J25: 1265.3228 | K25: 1864.646 | L25: 1753.2998 | M25: 454.37788 | N25: =SUM(F25:M25) -> 8536.938 | O25: 1500 | P25: 866.775 | Q25: 5426.6389 | S25: 1755 | T25: 0 | U25: 5682.5243 | V25: 0 | W25: =SUM(O25:V25) -> 15230.938
A26: =YEAR(E26) -> 2025 | B26: =DATE(A26,MONTH(E26),1) -> 45931 | C26: 31 | D26: mar. | E26: =+ E25+1 -> 45937 | F26: 1526.2629 | G26: 806.14721 | H26: 730.13079 | J26: 1262.5886 | K26: 1904.3338 | L26: 1640.3768 | M26: 392.88387 | N26: =SUM(F26:M26) -> 8262.724 | O26: 1500 | P26: 866.775 | Q26: 5416.7982 | S26: 1755 | T26: 0 | U26: 5766.5573 | V26: 0 | W26: =SUM(O26:V26) -> 15305.131
A27: =YEAR(E27) -> 2025 | B27: =DATE(A27,MONTH(E27),1) -> 45931 | C27: 31 | D27: mié. | E27: =+ E26+1 -> 45938 | F27: 1752.877 | G27: 789.48825 | H27: 513.77558 | J27: 1261.121 | K27: 2365.9218 | L27: 1484.0511 | M27: 231.80233 | N27: =SUM(F27:M27) -> 8399.0371 | O27: 1500 | P27: 921.375 | Q27: 5403.7869 | S27: 1755 | T27: 0 | U27: 5766.4922 | V27: 0 | W27: =SUM(O27:V27) -> 15346.654
A28: =YEAR(E28) -> 2025 | B28: =DATE(A28,MONTH(E28),1) -> 45931 | C28: 31 | D28: jue. | E28: =+ E27+1 -> 45939 | F28: 1707.2012 | G28: 786.09621 | H28: 696.89167 | J28: 1263.1178 | K28: 2157.2767 | L28: 1449.6966 | M28: 333.56487 | N28: =SUM(F28:M28) -> 8393.845 | O28: 1500 | P28: 845.25 | Q28: 5417.7331 | S28: 1755 | T28: 0 | U28: 5662.2557 | V28: 0 | W28: =SUM(O28:V28) -> 15180.239
A29: =YEAR(E29) -> 2025 | B29: =DATE(A29,MONTH(E29),1) -> 45931 | C29: 31 | D29: vie. | E29: =+ E28+1 -> 45940 | F29: 1531.6256 | G29: 797.369 | H29: 752.35717 | J29: 1261.3803 | K29: 1617.7095 | L29: 1350.1886 | M29: 392.8985 | N29: =SUM(F29:M29) -> 7703.5286 | O29: 1500 | P29: 863.1 | Q29: 5410.6675 | S29: 1755 | T29: 0 | U29: 5621.8471 | V29: 0 | W29: =SUM(O29:V29) -> 15150.615
A30: =YEAR(E30) -> 2025 | B30: =DATE(A30,MONTH(E30),1) -> 45931 | C30: 31 | D30: sáb. | E30: =+ E29+1 -> 45941 | F30: 1190.0365 | G30: 803.90588 | H30: 989.83675 | J30: 1261.7599 | K30: 1695.1419 | L30: 1465.5125 | M30: 459.20975 | N30: =SUM(F30:M30) -> 7865.4032 | O30: 1500 | P30: 863.1 | Q30: 5421.1093 | S30: 1755 | T30: 0 | U30: 5674.1109 | V30: 0 | W30: =SUM(O30:V30) -> 15213.32
A31: =YEAR(E31) -> 2025 | B31: =DATE(A31,MONTH(E31),1) -> 45931 | C31: 31 | D31: dom. | E31: =+ E30+1 -> 45942 | F31: 1351.191 | G31: 738.99133 | H31: 346.50833 | J31: 1263.5628 | K31: 2058.52 | L31: 1599.3693 | M31: 149.024 | N31: =SUM(F31:M31) -> 7507.1667 | O31: 1500 | P31: 793.275 | Q31: 5454.68 | S31: 1755 | T31: 0 | U31: 5743.3811 | V31: 0 | W31: =SUM(O31:V31) -> 15246.336
A32: =YEAR(E32) -> 2025 | B32: =DATE(A32,MONTH(E32),1) -> 45931 | C32: 31 | D32: lun. | E32: =+ E31+1 -> 45943 | F32: 2007.1348 | G32: 791.20429 | H32: 704.90517 | J32: 1262.6753 | K32: 2101.7496 | L32: 1450.4282 | M32: 391.76054 | N32: =SUM(F32:M32) -> 8709.8579 | O32: 1500 | P32: 849.45 | Q32: 5243.6318 | S32: 1755 | T32: 0 | U32: 5646.301 | V32: 0 | W32: =SUM(O32:V32) -> 14994.383
... A50: =YEAR(E50) -> 2025 | B50: =DATE(A50,MONTH(E50),1) -> 45931 | C50: 31 | D50: vie. | E50: =+ E49+1 -> 45961 | F50: 2095.6783 | G50: 657.10521 | H50: 516.52708 | J50: 1267.4595 | K50: 2283.1108 | L50: 1707.1944 | M50: 17.609167 | N50: =SUM(F50:M50) -> 8544.6844 | O50: 1500 | P50: 850.5 | Q50: 4727.6425 | S50: 1755 | T50: 0 | U50: 5142.6631 | V50: 0 | W50: =SUM(O50:V50) -> 13975.806
A51: =YEAR(E51) -> 2025 | B51: =DATE(A51,MONTH(E51),1) -> 45962 | C51: 30 | D51: sáb. | E51: 45962 | F51: 2209.085 | G51: 321.88921 | H51: 697.51738 | J51: 1266.7247 | K51: 2017.0351 | L51: 1499.8579 | M51: 13.447542 | N51: =SUM(F51:M51) -> 8025.5568 | O51: 1500 | P51: 831.075 | Q51: 4763.8894 | S51: 1755 | T51: 0 | U51: 5101.2881 | V51: 0 | W51: =+SUM(O51:V51) -> 13951.252
A52: =YEAR(E52) -> 2025 | B52: =DATE(A52,MONTH(E52),1) -> 45962 | C52: 30 | D52: dom. | E52: 45963 | F52: 1940.7099 | G52: 181.6755 | H52: 685.36642 | J52: 1268.5178 | K52: 1604.6535 | L52: 1644.6367 | M52: 12.637542 | N52: =SUM(F52:M52) -> 7338.1975 | O52: 1500 | P52: 799.575 | Q52: 4958.6863 | S52: 1755 | T52: 0 | U52: 5145.2362 | V52: 0 | W52: =+SUM(O52:V52) -> 14158.497
A53: =YEAR(E53) -> 2025 | B53: =DATE(A53,MONTH(E53),1) -> 45962 | C53: 30 | D53: lun. | E53: 45964 | F53: 2566.9223 | G53: 742.09762 | H53: 1171.6898 | J53: 1263.4837 | K53: 1371.3671 | L53: 2205.5945 | M53: 19.220458 | N53: =SUM(F53:M53) -> 9340.3756 | O53: 1500 | P53: 862.21844 | Q53: 5174.4613 | S53: 1755 | T53: 0 | U53: 5164.9815 | V53: 0 | W53: =+SUM(O53:V53) -> 14456.661
A54: =YEAR(E54) -> 2025 | B54: =DATE(A54,MONTH(E54),1) -> 45962 | C54: 30 | D54: mar. | E54: 45965 | F54: 2120.224 | G54: 804.13142 | H54: 1297.0475 | J54: 1266.0334 | K54: 1669.3403 | L54: 2117.4936 | M54: 47.099333 | N54: =SUM(F54:M54) -> 9321.3697 | O54: 1500 | P54: 884.10831 | Q54: 5172.0331 | S54: 1755 | T54: 0 | U54: 5235.2733 | V54: 0 | W54: =+SUM(O54:V54) -> 14546.415
A55: =YEAR(E55) -> 2025 | B55: =DATE(A55,MONTH(E55),1) -> 45962 | C55: 30 | D55: mié. | E55: 45966 | F55: 2221.3129 | G55: 799.9175 | H55: 990.329 | J55: 1265.661 | K55: 1646.794 | L55: 1572.1316 | M55: 57.503583 | N55: =SUM(F55:M55) -> 8553.6496 | O55: 1500 | P55: 866.55691 | Q55: 5047.6195 | S55: 1755 | T55: 0 | U55: 5238.7988 | V55: 0 | W55: =+SUM(O55:V55) -> 14407.975
A56: =YEAR(E56) -> 2025 | B56: =DATE(A56,MONTH(E56),1) -> 45962 | C56: 30 | D56: jue. | E56: 45967 | F56: 2147.8214 | G56: 787.643 | H56: 837.57121 | J56: 1265.9419 | K56: 1514.5848 | L56: 1761.9135 | M56: 38.018708 | N56: =SUM(F56:M56) -> 8353.4945 | O56: 1500 | P56: 895.125 | Q56: 4908.7938 | S56: 1755 | T56: 0 | U56: 5394.4889 | V56: 0 | W56: =+SUM(O56:V56) -> 14453.408
A57: =YEAR(E57) -> 2025 | B57: =DATE(A57,MONTH(E57),1) -> 45962 | C57: 30 | D57: vie | E57: 45968 | F57: 2202.98 | G57: 769.01133 | H57: 822.90487 | J57: 1261.0498 | K57: 1312.7663 | L57: 2052.2768 | M57: 45.161875 | N57: =SUM(F57:M57) -> 8466.1509 | O57: 1500 | P57: 883.21319 | Q57: 5105.8175 | S57: 1755 | T57: 0 | U57: 5449.7766 | V57: 0 | W57: =+SUM(O57:V57) -> 14693.807
A58: =YEAR(E58) -> 2025 | B58: =DATE(A58,MONTH(E58),1) -> 45962 | C58: 30 | D58: sáb | E58: 45969 | F58: 2482.1984 | G58: 736.43033 | H58: 711.33679 | J58: 1266.0703 | K58: 1080.0504 | L58: 1843.7426 | M58: 35.545167 | N58: =SUM(F58:M58) -> 8155.374 | O58: 1500 | P58: 884.70375 | Q58: 5093.13 | S58: 1755 | T58: 0 | U58: 5468.7402 | V58: 0 | W58: =+SUM(O58:V58) -> 14701.574
A59: =YEAR(E59) -> 2025 | B59: =DATE(A59,MONTH(E59),1) -> 45962 | C59: 30 | D59: dom | E59: 45970 | F59: 2482.1747 | G59: 697.45429 | H59: 667.476 | J59: 1264.5537 | K59: 1179.0226 | L59: 1497.2533 | M59: 17.823583 | N59: =SUM(F59:M59) -> 7805.7581 | O59: 1500 | P59: 896.7 | Q59: 5097.505 | S59: 1755 | T59: 0 | U59: 5364.1029 | V59: 0 | W59: =+SUM(O59:V59) -> 14613.308
A60: =YEAR(E60) -> 2025 | B60: =DATE(A60,MONTH(E60),1) -> 45962 | C60: 30 | D60: lun | E60: 45971 | F60: 2279.4452 | G60: 528.70633 | H60: 1030.4401 | J60: 1265.5863 | K60: 1565.4017 | L60: 2054.198 | M60: 16.77825 | N60: =SUM(F60:M60) -> 8740.5558 | O60: 1500 | P60: 824.43944 | Q60: 5202.3794 | S60: 1755 | T60: 0 | U60: 5500.2342 | V60: 0 | W60: =+SUM(O60:V60) -> 14782.053
A61: =YEAR(E61) -> 2025 | B61: =DATE(A61,MONTH(E61),1) -> 45962 | C61: 30 | D61: mar | E61: 45972 | F61: 2052.6205 | G61: 545.69871 | H61: 903.86729 | J61: 1264.9767 | K61: 2078.4277 | L61: 2387.0551 | M61: 34.465125 | N61: =SUM(F61:M61) -> 9267.1111 | O61: 1500 | P61: 759.675 | Q61: 5377.071 | S61: 1755 | T61: 0 | U61: 5695.0132 | V61: 0 | W61: =+SUM(O61:V61) -> 15086.759
A62: =YEAR(E62) -> 2025 | B62: =DATE(A62,MONTH(E62),1) -> 45962 | C62: 30 | D62: mié | E62: 45973 | F62: 2323.6918 | G62: 578.19604 | H62: 738.879 | J62: 1264.8066 | K62: 2181.336 | L62: 2099.2603 | M62: 33.297875 | N62: =SUM(F62:M62) -> 9219.4675 | O62: 1500 | P62: 790.04909 | Q62: 5367.8914 | S62: 1755 | T62: 0 | U62: 5698.4674 | V62: 0 | W62: =+SUM(O62:V62) -> 15111.408
... A111: =YEAR(E111) -> 2025 | B111: =DATE(A111,MONTH(E111),1) -> 45992 | C111: 31 | D111: mié | E111: 46022 | F111: 1912.3788 | G111: 850.08146 | H111: 891.59854 | J111: 1231.8576 | K111: 1902.3186 | L111: 3806.3925 | M111: 151.15088 | N111: =SUM(F111:M111) -> 10745.778 | O111: 1500 | P111: 939.75 | Q111: 5450.1874 | S111: 1755 | T111: 0 | U111: 5739.5255 | V111: 0 | W111: =+SUM(O111:V111) -> 15384.463
A112: 2026 | B112: =DATE(A112,MONTH(E112),1) -> 46023 | C112: 31 | D112: jue | E112: 46023 | F112: 1556.8488 | G112: 861.79217 | H112: 487.26513 | J112: 1231.6482 | K112: 1857.048 | L112: 2585.6083 | M112: 170.32708 | N112: =+SUM(F112:M112) -> 8750.5377 | O112: 1500 | P112: 943.95 | Q112: 5470.3124 | S112: 1755 | T112: 0 | U112: 5764.7307 | V112: 0 | W112: =+SUM(O112:V112) -> 15433.993
A113: 2026 | B113: =DATE(A113,MONTH(E113),1) -> 46023 | C113: 31 | D113: vie | E113: 46024 | F113: 1521.4055 | G113: 820.88221 | H113: 808.38504 | J113: 1236.3631 | K113: 1744.4353 | L113: 2711.1392 | M113: 59.266333 | N113: =+SUM(F113:M113) -> 8901.8767 | O113: 1500 | P113: 951.825 | Q113: 5464.9487 | S113: 1755 | T113: 0 | U113: 5786.9705 | V113: 0 | W113: =+SUM(O113:V113) -> 15458.744
A114: 2026 | B114: =DATE(A114,MONTH(E114),1) -> 46023 | C114: 31 | D114: sáb | E114: 46025 | F114: 1515.4549 | G114: 793.04625 | H114: 632.36371 | J114: 1236.8698 | K114: 1345.6653 | L114: 1950.5776 | M114: 92.297 | N114: =+SUM(F114:M114) -> 7566.2745 | O114: 1500 | P114: 861 | Q114: 5479.0187 | S114: 1755 | T114: 0 | U114: 5833.9047 | V114: 0 | W114: =+SUM(O114:V114) -> 15428.923
A115: 2026 | B115: =DATE(A115,MONTH(E115),1) -> 46023 | C115: 31 | D115: dom | E115: 46026 | F115: 2017.7594 | G115: 793.27371 | H115: 518.71679 | J115: 1237.1574 | K115: 1202.165 | L115: 1438.2895 | M115: 74.4515 | N115: =+SUM(F115:M115) -> 7281.8133 | O115: 1500 | P115: 881.475 | Q115: 5408.9749 | S115: 1755 | T115: 0 | U115: 5848.5677 | V115: 0 | W115: =+SUM(O115:V115) -> 15394.018
A116: 2026 | B116: =DATE(A116,MONTH(E116),1) -> 46023 | C116: 31 | D116: lun | E116: 46027 | F116: 1853.1122 | G116: 780.90596 | H116: 709.01229 | J116: 1234.0453 | K116: 2067.5084 | L116: 2035.7236 | M116: 31.309042 | N116: =+SUM(F116:M116) -> 8711.6167 | O116: 1500 | P116: 905.625 | Q116: 5415.2831 | S116: 1755 | T116: 0 | U116: 5838.4286 | V116: 0 | W116: =+SUM(O116:V116) -> 15414.337
A117: 2026 | B117: =DATE(A117,MONTH(E117),1) -> 46023 | C117: 31 | D117: mar | E117: 46028 | F117: 1672.5356 | G117: 805.40071 | H117: 1034.7974 | J117: 1237.0618 | K117: 2172.2336 | L117: 2576.2994 | M117: 53.352125 | N117: =+SUM(F117:M117) -> 9551.6807 | O117: 1500 | P117: 904.575 | Q117: 5417.2738 | S117: 1755 | T117: 0 | U117: 5837.7627 | V117: 0 | W117: =+SUM(O117:V117) -> 15414.611
A118: 2026 | B118: =DATE(A118,MONTH(E118),1) -> 46023 | C118: 31 | D118: mié | E118: 46029 | F118: 1344.1991 | G118: 824.64504 | H118: 939.59454 | J118: 1235.2611 | K118: 1912.3342 | L118: 2710.9245 | M118: 84.2035 | N118: =+SUM(F118:M118) -> 9051.162 | O118: 1500 | P118: 903 | Q118: 5400.6925 | S118: 1755 | T118: 0 | U118: 5842.9817 | V118: 0 | W118: =+SUM(O118:V118) -> 15401.674
A119: 2026 | B119: =DATE(A119,MONTH(E119),1) -> 46023 | C119: 31 | D119: jue | E119: 46030 | F119: 1150.5087 | G119: 808.40933 | H119: 712.68129 | J119: 1239.5191 | K119: 1782.2076 | L119: 2417.3471 | M119: 85.335083 | N119: =+SUM(F119:M119) -> 8196.0082 | O119: 1500 | P119: 868.875 | Q119: 5402.0925 | S119: 1755 | T119: 0 | U119: 5643.8319 | V119: 0 | W119: =+SUM(O119:V119) -> 15169.799
A120: 2026 | B120: =DATE(A120,MONTH(E120),1) -> 46023 | C120: 31 | D120: vie | E120: 46031 | F120: 1274.0091 | G120: 806.00067 | H120: 189.3245 | I120: 349.34648 | J120: 1241.2685 | K120: 1608.417 | L120: 2217.4441 | M120: 85.140417 | N120: =+SUM(F120:M120) -> 7770.9508 | O120: 1500 | P120: 881.475 | Q120: 1081.01 | R120: 4006.665 | S120: 1755 | T120: 0 | U120: 5659.0887 | V120: 0 | W120: =+SUM(O120:V120) -> 14883.239
A121: 2026 | B121: =DATE(A121,MONTH(E121),1) -> 46023 | C121: 31 | D121: sáb | E121: 46032 | F121: 1592.886 | G121: 849.4185 | H121: 162.75371 | I121: 350.4664 | J121: 1246.1381 | K121: 1606.837 | L121: 1660.1191 | M121: 63.934708 | N121: =+SUM(F121:M121) -> 7532.5535 | O121: 1500 | P121: 920.85 | Q121: 1084.685 | R121: 3903.93 | S121: 1755 | T121: 0 | U121: 5405.5811 | V121: 0 | W121: =+SUM(O121:V121) -> 14570.046
A122: 2026 | B122: =DATE(A122,MONTH(E122),1) -> 46023 | C122: 31 | D122: dom | E122: 46033 | F122: 1483.9771 | G122: 784.09025 | H122: 188.21554 | I122: 261.57929 | J122: 1244.2687 | K122: 1782.6222 | L122: 2128.0509 | M122: 24.165375 | N122: =+SUM(F122:M122) -> 7896.9693 | O122: 1500 | P122: 947.625 | Q122: 1093.6756 | R122: 3903.93 | S122: 1755 | T122: 0 | U122: 5409.301 | V122: 0 | W122: =+SUM(O122:V122) -> 14609.532
A123: 2026 | B123: =DATE(A123,MONTH(E123),1) -> 46023 | C123: 31 | D123: lun | E123: 46034 | F123: 1680.6538 | G123: 835.26079 | H123: 218.51317 | I123: 1036.713 | J123: 1242.6239 | K123: 1809.5082 | L123: 3287.674 | M123: 37.970292 | N123: =+SUM(F123:M123) -> 10148.917 | O123: 1500 | P123: 939.55313 | Q123: 1090.5331 | R123: 3903.93 | S123: 1755 | T123: 0 | U123: 5852.7115 | V123: 0 | W123: =+SUM(O123:V123) -> 15041.728
A124: 2026 | B124: =DATE(A124,MONTH(E124),1) -> 46023 | C124: 31 | D124: mar | E124: 46035 | F124: 1392.5868 | G124: 828.05292 | H124: 208.06879 | I124: 1081.8988 | J124: 1245.457 | K124: 1621.1448 | L124: 3868.1666 | M124: 67.453042 | N124: =+SUM(F124:M124) -> 10312.829 | O124: 1500 | P124: 937.49578 | Q124: 1091.1163 | R124: 3903.93 | S124: 1755 | T124: 0 | U124: 6086.8634 | V124: 0 | W124: =+SUM(O124:V124) -> 15274.405
A125: 2026 | B125: =DATE(A125,MONTH(E125),1) -> 46023 | C125: 31 | D125: mié | E125: 46036 | F125: 1337.3549 | G125: 739.70221 | H125: 209.80404 | I125: 957.67877 | J125: 1250.3778 | K125: 2112.7848 | L125: 4033.9801 | M125: 14.646458 | N125: =+SUM(F125:M125) -> 10656.329 | O125: 1500 | P125: 937.65 | Q125: 1087.3975 | R125: 3903.93 | S125: 1755 | T125: 0 | U125: 5970.9846 | V125: 0 | W125: =+SUM(O125:V125) -> 15154.962
A126: 2026 | B126: =DATE(A126,MONTH(E126),1) -> 46023 | C126: 31 | D126: jue | E126: 46037 | F126: 1250.3885 | G126: 589.79242 | H126: 211.26004 | I126: 717.91492 | J126: 1266.1626 | K126: 2161.2892 | L126: 4219.5695 | M126: 15.846875 | N126: =+SUM(F126:M126) -> 10432.224 | O126: 1500 | P126: 921.60797 | Q126: 1085.21 | R126: 3790.5 | S126: 1755 | T126: 0 | U126: 5870.6424 | V126: 0 | W126: =+SUM(O126:V126) -> 14922.96
A127: 2026 | B127: =DATE(A127,MONTH(E127),1) -> 46023 | C127: 31 | D127: vie | E127: 46038 | F127: 1126.5217 | G127: 433.33704 | H127: 226.40283 | I127: 463.05854 | J127: 1270.3822 | K127: 2159.9748 | L127: 3450.86 | M127: 15.354375 | N127: =+SUM(F127:M127) -> 9145.8916 | O127: 1500 | P127: 923.475 | Q127: 1090.285 | R127: 3903.93 | S127: 1755 | T127: 0 | U127: 5363.4424 | V127: 0 | W127: =+SUM(O127:V127) -> 14536.132
A128: 2026 | B128: =DATE(A128,MONTH(E128),1) -> 46023 | C128: 31 | D128: sáb | E128: 46039 | F128: 1099.6092 | G128: 419.7625 | H128: 212.55883 | I128: 576.23141 | J128: 1269.3816 | K128: 2104.2991 | L128: 3214.1423 | M128: 14.036292 | N128: =+SUM(F128:M128) -> 8910.0212 | O128: 1500 | P128: 923.475 | Q128: 1083.8975 | R128: 3903.93 | S128: 1755 | T128: 0 | U128: 5200.3266 | V128: 0 | W128: =+SUM(O128:V128) -> 14366.629
A129: 2026 | B129: =DATE(A129,MONTH(E129),1) -> 46023 | C129: 31 | D129: dom | E129: 46040 | F129: 1089.196 | G129: 259.56637 | H129: 201.31612 | I129: 226.15953 | J129: 1269.181 | K129: 1386.4306 | L129: 2559.756 | M129: 234.58354 | N129: =+SUM(F129:M129) -> 7226.1892 | O129: 1500 | P129: 919.8 | Q129: 1086.435 | R129: 3903.93 | S129: 1755 | T129: 0 | U129: 5427.543 | V129: 0 | W129: =+SUM(O129:V129) -> 14592.708
A130: 2026 | B130: =DATE(A130,MONTH(E130),1) -> 46023 | C130: 31 | D130: lun | E130: 46041 | F130: 1090.3254 | G130: 219.46713 | H130: 207.25258 | I130: 164.59423 | J130: 1273.5385 | K130: 1880.9453 | L130: 2741.7972 | M130: 15.177208 | N130: =+SUM(F130:M130) -> 7593.0975 | O130: 1500 | P130: 917.14481 | Q130: 1082.235 | R130: 3903.93 | S130: 1755 | T130: 0 | U130: 5731.9326 | V130: 0 | W130: =+SUM(O130:V130) -> 14890.242
A131: 2026 | B131: =DATE(A131,MONTH(E131),1) -> 46023 | C131: 31 | D131: mar | E131: 46042 | F131: 1401.2916 | G131: 188.05446 | H131: 251.88992 | I131: 226.55814 | J131: 1271.8312 | K131: 1720.3492 | L131: 2817.5511 | M131: 12.615083 | N131: =+SUM(F131:M131) -> 7890.1407 | O131: 1500 | P131: 927.85547 | Q131: 1079.9254 | R131: 3903.93 | S131: 1755 | T131: 0 | U131: 6024.2103 | V131: 0 | W131: =+SUM(O131:V131) -> 15190.921
... A170: 2026 | B170: =DATE(A170,MONTH(E170),1) -> 46054 | C170: 28 | D170: sáb | E170: 46081 | F170: 1007.0386 | G170: 210.34871 | H170: 231.08125 | I170: 337.6034 | J170: 1104.0421 | K170: 2091.6843 | L170: 2468.9262 | M170: 58.620625 | N170: =+SUM(F170:M170) -> 7509.3452 | O170: 1500 | P170: 917.175 | Q170: 1038.7081 | R170: 3838 | S170: 1755 | T170: 0 | U170: 5410.9661 | V170: 0 | W170: =+SUM(O170:V170) -> 14459.849
A171: 2026 | B171: 46082 | C171: 31 | D171: dom | E171: 46082 | F171: 950.09262 | G171: 204.44058 | H171: 239.18413 | I171: 275.77455 | J171: 1102.8087 | K171: 2157.4426 | L171: 2246.1396 | M171: 72.429417 | N171: =+SUM(F171:M171) -> 7248.3122 | O171: 1500 | P171: 919.8 | Q171: 1037.5181 | R171: 3838 | S171: 1755 | T171: 0 | U171: 5320.6465 | V171: 0 | W171: =+SUM(O171:V171) -> 14370.965
A172: 2026 | B172: 46082 | C172: 31 | D172: lun | E172: 46083 | F172: 869.58592 | G172: 305.78675 | H172: 240.71338 | I172: 488.42037 | J172: 1104.6227 | K172: 1817.9065 | L172: 3329.5186 | M172: 100.00154 | N172: =+SUM(F172:M172) -> 8256.5557 | O172: 1500 | P172: 888.75784 | Q172: 1038.6556 | R172: 3838 | S172: 1755 | T172: 0 | U172: 5314.7237 | V172: 0 | W172: =+SUM(O172:V172) -> 14335.137
A173: 2026 | B173: 46082 | C173: 31 | D173: mar | E173: 46084 | F173: 664.95508 | G173: 146.05108 | H173: 225.83163 | I173: 318.4153 | J173: 1104.7131 | K173: 1878.5053 | L173: 3086.281 | M173: 131.93829 | N173: =+SUM(F173:M173) -> 7556.6908 | O173: 1500 | P173: 874.65 | Q173: 1028.6828 | R173: 3838 | S173: 1755 | T173: 0 | U173: 5388.3953 | V173: 0 | W173: =+SUM(O173:V173) -> 14384.728
A174: 2026 | B174: 46082 | C174: 31 | D174: mié | E174: 46085 | F174: 1001.7302 | G174: 228.69937 | H174: 229.90913 | I174: 623.68272 | J174: 1103.3723 | K174: 2125.7335 | L174: 3100.943 | M174: 96.126125 | N174: =+SUM(F174:M174) -> 8510.1963 | O174: 1500 | P174: 875.7 | Q174: 1014.524 | R174: 3833.25 | S174: 1755 | T174: 0 | U174: 5411.1741 | V174: 0 | W174: =+SUM(O174:V174) -> 14389.648
A175: 2026 | B175: 46082 | C175: 31 | D175: jue | E175: 46086 | F175: 1100.91 | G175: 249.05838 | H175: 241.81821 | I175: 1071.0544 | J175: 1102.4588 | K175: 1373.6957 | L175: 3232.5431 | M175: 91.348458 | N175: =+SUM(F175:M175) -> 8462.887 | O175: 1500 | P175: 877.275 | Q175: 1033.3838 | R175: 3833.25 | S175: 1755 | T175: 0 | U175: 5425.7135 | V175: 0 | W175: =+SUM(O175:V175) -> 14424.622
A176: 2026 | B176: 46082 | C176: 31 | D176: vie | E176: 46087 | F176: 967.70579 | G176: 195.72183 | H176: 240.80487 | I176: 451.83718 | J176: 1104.4538 | K176: 1514.8515 | L176: 2977.9388 | M176: 17.395333 | N176: =+SUM(F176:M176) -> 7470.709 | O176: 1500 | P176: 877.275 | Q176: 1031.3902 | R176: 3833.25 | S176: 1755 | T176: 0 | U176: 5435.991 | V176: 0 | W176: =+SUM(O176:V176) -> 14432.906
A177: 2026 | B177: 46082 | C177: 31 | D177: sáb | E177: 46088 | F177: 791.55279 | G177: 230.853 | H177: 242.78592 | I177: 177.65059 | J177: 1112.4045 | K177: 1864.6689 | L177: 2498.7828 | M177: 20.316667 | N177: =+SUM(F177:M177) -> 6939.0152 | O177: 1500 | P177: 877.275 | Q177: 1028.2363 | R177: 3833.25 | S177: 1755 | T177: 0 | U177: 5390.0696 | V177: 0 | W177: =+SUM(O177:V177) -> 14383.831
A178: 2026 | B178: 46082 | C178: 31 | D178: dom | E178: 46089 | F178: 754.35946 | G178: 322.74004 | H178: 259.75771 | I178: 270.61854 | J178: 1115.5784 | K178: 2001.7875 | L178: 2352.8812 | M178: 15.535 | N178: =+SUM(F178:M178) -> 7093.2578 | O178: 1500 | P178: 879.375 | Q178: 1033.7072 | R178: 3833.25 | S178: 1755 | T178: 0 | U178: 5373.0144 | V178: 0 | W178: =+SUM(O178:V178) -> 14374.347
A179: 2026 | B179: 46082 | C179: 31 | D179: lun | E179: 46090 | F179: 1189.1456 | G179: 188.56962 | H179: 252.29733 | I179: 504.14636 | J179: 1115.393 | K179: 2112.8143 | L179: 2735.0078 | M179: 34.386042 | N179: =+SUM(F179:M179) -> 8131.7601 | O179: 1500 | P179: 879.375 | Q179: 1030.0538 | R179: 3833.25 | S179: 1755 | T179: 0 | U179: 5518.464 | V179: 0 | W179: =+SUM(O179:V179) -> 14516.143
A180: 2026 | B180: 46082 | C180: 31 | D180: mar | E180: 46091 | F180: 1027.7232 | G180: 193.77925 | H180: 227.08163 | I180: 516.11802 | J180: 1112.1191 | K180: 1632.7709 | L180: 3602.8121 | M180: 25.231083 | N180: =+SUM(F180:M180) -> 8337.6353 | O180: 1500 | P180: 879.375 | Q180: 1026.0559 | R180: 3833.25 | S180: 1755 | T180: 0 | U180: 5677.6251 | V180: 0 | W180: =+SUM(O180:V180) -> 14671.306
A181: 2026 | B181: 46082 | C181: 31 | D181: mié | E181: 46092 | F181: 1142.6688 | G181: 187.92625 | H181: 219.89958 | I181: 179.04963 | J181: 1116.4835 | K181: 1995.729 | L181: 3289.8499 | M181: 18.7735 | N181: =+SUM(F181:M181) -> 8150.3802 | O181: 1500 | P181: 877.275 | Q181: 1000.881 | R181: 3833.25 | S181: 1755 | T181: 0 | U181: 5715.1325 | V181: 0 | W181: =+SUM(O181:V181) -> 14681.538
A182: 2026 | B182: 46082 | C182: 31 | D182: jue | E182: 46093 | F182: 1013.96 | G182: 199.38196 | H182: 225.38237 | I182: 572.64025 | J182: 1120.2761 | K182: 1714.791 | L182: 3642.2999 | M182: 21.461333 | N182: =+SUM(F182:M182) -> 8510.1929 | O182: 1500 | P182: 876.75 | Q182: 1035.0014 | R182: 3833.25 | S182: 1755 | T182: 0 | U182: 5679.7051 | V182: 0 | W182: =+SUM(O182:V182) -> 14679.706
... A220: 2026 | B220: 46113 | C220: 30 | D220: dom | E220: 46131 | F220: 1075.8319 | G220: 419.7935 | H220: 221.6675 | I220: 191.05363 | J220: 617.73358 | K220: 1550.9846 | L220: 2505.2516 | M220: 16.711125 | N220: =+SUM(F220:M220) -> 6599.0275 | O220: 1500 | P220: 879.9 | Q220: 954.065 | R220: 3787.65 | S220: 1755 | T220: 0 | U220: 5792.566 | V220: 0 | W220: =+SUM(O220:V220) -> 14669.181
A221: 2026 | B221: 46113 | C221: 30 | D221: =+Precios!C221 -> lun | E221: =+Precios!D221 -> 46132 | F221: 1397.9696 | G221: 961.19017 | H221: 212.83437 | I221: 402.18108 | J221: 617.84929 | K221: 1350.477 | L221: 2792.5511 | M221: 14.998167 | N221: =+SUM(F221:M221) -> 7750.0508 | O221: 1500 | P221: 870.45 | Q221: 954.065 | R221: 3681.3687 | S221: 1755 | T221: 0 | U221: 5131.9178 | V221: 0 | W221: =+SUM(O221:V221) -> 13892.801
A222: 2026 | B222: 46113 | C222: 30 | D222: =+Precios!C222 -> mar | E222: =+Precios!D222 -> 46133 | F222: 1395.6862 | G222: 583.67371 | H222: 219.62112 | I222: 667.19668 | J222: 618.22183 | K222: 1208.6394 | L222: 2784.5694 | M222: 19.145542 | N222: =+SUM(F222:M222) -> 7496.7539 | O222: 1500 | P222: 855.75 | Q222: 954.59004 | R222: 3485.6953 | S222: 1755 | T222: 0 | U222: 5194.3806 | V222: 0 | W222: =+SUM(O222:V222) -> 13745.416
A223: 2026 | B223: 46113 | C223: 30 | D223: =+Precios!C223 -> mié | E223: =+Precios!D223 -> 46134 | F223: 1310.6864 | G223: 567.30767 | H223: 226.82954 | I223: 369.70532 | J223: 618.23663 | K223: 1924.1896 | L223: 2416.7129 | M223: 17.38275 | N223: =+SUM(F223:M223) -> 7451.0507 | O223: 1500 | P223: 840 | Q223: 958.8775 | R223: 3617.6 | S223: 1755 | T223: 0 | U223: 5250.3364 | V223: 0 | W223: =+SUM(O223:V223) -> 13921.814
A224: 2026 | B224: 46113 | C224: 30 | D224: =+Precios!C224 -> jue | E224: =+Precios!D224 -> 46135 | F224: 1158.2615 | G224: 467.72837 | H224: 235.51454 | I224: 322.06081 | J224: 618.10492 | K224: 2151.9801 | L224: 1652.4463 | M224: 18.057958 | N224: =+SUM(F224:M224) -> 6624.1545 | O224: 1500 | P224: 825.3 | Q224: 961.86947 | R224: 3617.6 | S224: 1755 | T224: 0 | U224: 4990.0841 | V224: 0 | W224: =+SUM(O224:V224) -> 13649.854
A225: 2026 | B225: 46113 | C225: 30 | D225: =+Precios!C225 -> vie | E225: =+Precios!D225 -> 46136 | F225: 1164.1302 | G225: 479.1365 | H225: 237.53717 | I225: 474.09085 | J225: 618.50638 | K225: 1840.2405 | L225: 1864.0697 | M225: 17.591667 | N225: =+SUM(F225:M225) -> 6695.303 | O225: 1500 | P225: 808.5 | Q225: 970.69 | R225: 3617.6 | S225: 1755 | T225: 0 | U225: 4586.8161 | V225: 0 | W225: =+SUM(O225:V225) -> 13238.606
A226: 2026 | B226: 46113 | C226: 30 | D226: =+Precios!C226 -> sáb | E226: =+Precios!D226 -> 46137 | F226: 1093.437 | G226: 289.60254 | H226: 335.84629 | I226: 785.63785 | J226: 618.57763 | K226: 1729.5583 | L226: 1519.2565 | M226: 18.436625 | N226: =+SUM(F226:M226) -> 6390.3528 | O226: 1500 | P226: 795.9 | Q226: 961.24643 | R226: 3617.6 | S226: 1755 | T226: 0 | U226: 4450.6745 | V226: 0 | W226: =+SUM(O226:V226) -> 13080.421
A227: 2026 | B227: 46113 | C227: 30 | D227: =+Precios!C227 -> dom | E227: =+Precios!D227 -> 46138 | F227: 1154.3939 | G227: 211.42667 | H227: 236.99771 | I227: 248.85321 | J227: 618.19867 | K227: 2294.4988 | L227: 1411.422 | M227: 250.16121 | N227: =+SUM(F227:M227) -> 6425.9523 | O227: 1500 | P227: 790.65 | Q227: 961.765 | R227: 3617.6 | S227: 1755 | T227: 0 | U227: 4721.2092 | V227: 0 | W227: =+SUM(O227:V227) -> 13346.224
A228: 2026 | B228: 46113 | C228: 30 | D228: =+Precios!C228 -> lun | E228: =+Precios!D228 -> 46139 | F228: 1615.549 | G228: 148.28163 | H228: 319.50637 | I228: 1021.8986 | J228: 618.26275 | K228: 1545.4185 | L228: 1614.3787 | M228: 762.59733 | N228: =+SUM(F228:M228) -> 7645.8929 | O228: 1500 | P228: 759.54047 | Q228: 960.53589 | R228: 3617.6 | S228: 1755 | T228: 0 | U228: 4805.4257 | V228: 0 | W228: =+SUM(O228:V228) -> 13398.102
A229: 2026 | B229: 46113 | C229: 30 | D229: =+Precios!C229 -> mar | E229: =+Precios!D229 -> 46140 | F229: 1716.0695 | G229: 476.62413 | H229: 313.69004 | I229: 1219.9587 | J229: 618.5345 | K229: 1762.609 | L229: 1814.4933 | M229: 321.39438 | N229: =+SUM(F229:M229) -> 8243.3735 | O229: 1500 | P229: 759.71438 | Q229: 961.82166 | R229: 3597.65 | S229: 1755 | T229: 0 | U229: 4843.5863 | V229: 0 | W229: =+SUM(O229:V229) -> 13417.772
A230: 2026 | B230: 46113 | C230: 30 | D230: =+Precios!C230 -> mié | E230: =+Precios!D230 -> 46141 | F230: 1689.4162 | G230: 334.24967 | H230: 306.40279 | I230: 747.54233 | J230: 618.78921 | K230: 2234.176 | L230: 1752.0158 | M230: 738.30325 | N230: =+SUM(F230:M230) -> 8420.8952 | O230: 1500 | P230: 801.15 | Q230: 1018.6025 | R230: 3597.65 | S230: 1755 | T230: 0 | U230: 4904.2763 | V230: 0 | W230: =+SUM(O230:V230) -> 13576.679
A231: 2026 | B231: 46113 | C231: 30 | D231: =+Precios!C231 -> jue | E231: =+Precios!D231 -> 46142 | F231: 1824.2865 | G231: 113.09513 | H231: 245.555 | I231: 506.46487 | J231: 618.23738 | K231: 1610.4384 | L231: 1715.8837 | M231: 869.34537 | N231: =+SUM(F231:M231) -> 7503.3063 | O231: 1500 | P231: 809.025 | Q231: 1065.2263 | R231: 3597.65 | S231: 1755 | T231: 0 | U231: 4979.0041 | V231: 0 | W231: =+SUM(O231:V231) -> 13705.905
A232: 2026 | B232: 46143 | C232: 31 | D232: vie | E232: 46143 | F232: 1489.9904 | G232: 161.50292 | H232: 172.22042 | I232: 152.32458 | J232: 618.47583 | K232: 1962.4821 | L232: 1497.9083 | M232: 474.16167 | N232: =+SUM(F232:M232) -> 6529.0662 | O232: 1500 | P232: 824.25 | Q232: 1072.8156 | R232: 3597.65 | S232: 1755 | T232: 0 | U232: 4862.8333 | V232: 0 | W232: =+SUM(O232:V232) -> 13612.549
A233: 2026 | B233: 46143 | C233: 31 | D233: sáb | E233: 46144 | F233: 1512.1279 | G233: 153.475 | H233: 189.76042 | I233: 235.31065 | J233: 618.75 | K233: 1517.7767 | L233: 1918.3033 | M233: 519.98875 | N233: =+SUM(F233:M233) -> 6665.4927 | O233: 1500 | P233: 838.425 | Q233: 1072.9075 | R233: 3597.65 | S233: 1755 | T233: 0 | U233: 5159.6671 | V233: 0 | W233: =+SUM(O233:V233) -> 13923.65
A234: 2026 | B234: 46143 | C234: 31 | D234: dom | E234: 46145 | F234: 1240.8608 | G234: 103.92583 | H234: 165.73 | I234: 136.29729 | J234: 618.58667 | K234: 1894.4446 | L234: 1880.3342 | M234: 327.63 | N234: =+SUM(F234:M234) -> 6367.8094 | O234: 1500 | P234: 853.65 | Q234: 1072.82 | R234: 3597.65 | S234: 1755 | T234: 0 | U234: 5355.3429 | V234: 0 | W234: =+SUM(O234:V234) -> 14134.463
A235: 2026 | B235: 46143 | C235: 31 | D235: lun | E235: 46146 | F235: 1506.8446 | G235: 470.57583 | H235: 166.21417 | I235: 637.45198 | J235: 618.86875 | K235: 1608.7842 | L235: 2006.0246 | M235: 511.91833 | N235: =+SUM(F235:M235) -> 7526.6824 | O235: 1500 | P235: 863.78906 | Q235: 1067.045 | R235: 3433.4781 | S235: 1755 | T235: 0 | U235: 5000.0388 | V235: 0 | W235: =+SUM(O235:V235) -> 13619.351
A236: 2026 | B236: 46143 | C236: 31 | D236: mar | E236: 46147 | F236: 1627.1 | G236: 561.22917 | H236: 288.46792 | I236: 1222.6666 | J236: 617.41583 | K236: 1075.8117 | L236: 2142.7479 | M236: 714.06167 | N236: =+SUM(F236:M236) -> 8249.5008 | O236: 1500 | P236: 856.275 | Q236: 1065.0618 | R236: 3473.6552 | S236: 1755 | T236: 0 | U236: 4907.8375 | V236: 0 | W236: =+SUM(O236:V236) -> 13557.83
A237: 2026 | B237: 46143 | C237: 31 | D237: mié | E237: 46148 | F237: 1606.0892 | G237: 356.62792 | H237: 293.8925 | I237: 819.14977 | J237: 618.68125 | K237: 1208.2688 | L237: 2127.4542 | M237: 951.30792 | N237: =+SUM(F237:M237) -> 7981.4714 | O237: 1500 | P237: 810.32219 | Q237: 1053.703 | R237: 3597.65 | S237: 1755 | T237: 0 | U237: 4950.1608 | V237: 0 | W237: =+SUM(O237:V237) -> 13666.836
A238: 2026 | B238: 46143 | C238: 31 | D238: jue | E238: 46149 | F238: 1624.4288 | G238: 434.28917 | H238: 180.35 | I238: 236.88092 | J238: 618.6225 | K238: 2067.3625 | L238: 1951.235 | M238: 836.56 | N238: =+SUM(F238:M238) -> 7949.7288 | O238: 1500 | P238: 868.875 | Q238: 1068.8825 | R238: 3597.65 | S238: 1755 | T238: 0 | U238: 5264.6975 | V238: 0 | W238: =+SUM(O238:V238) -> 14055.105
A239: 2026 | B239: 46143 | C239: 31 | D239: vie | E239: 46150 | F239: 1778.0842 | G239: 820.43708 | H239: 189.31458 | I239: 248.74563 | J239: 618.93458 | K239: 2309.9204 | L239: 1895.5338 | M239: 1014.3429 | N239: =+SUM(F239:M239) -> 8875.3131 | O239: 1500 | P239: 884.625 | Q239: 1070.72 | R239: 3578.65 | S239: 1755 | T239: 0 | U239: 5273.4375 | V239: 0 | W239: =+SUM(O239:V239) -> 14062.432
A240: 2026 | B240: 46143 | C240: 31 | D240: sáb | E240: 46151 | F240: 1471.5717 | G240: 833.67667 | H240: 204.44375 | I240: 673.86667 | J240: 618.99708 | K240: 1861.4488 | L240: 2058.6937 | M240: 1211.5912 | N240: =+SUM(F240:M240) -> 8934.2896 | O240: 1500 | P240: 896.7 | Q240: 1065.995 | R240: 3608.7068 | S240: 1755 | T240: 0 | U240: 4811.4642 | V240: 0 | W240: =+SUM(O240:V240) -> 13637.866
A241: 2026 | B241: 46143 | C241: 31 | D241: dom | E241: 46152 | F241: 1236.0092 | G241: 815.74458 | H241: 241.08708 | I241: 823.69631 | J241: 618.97875 | K241: 1505.6025 | L241: 2013.8079 | M241: 1629.9796 | N241: =+SUM(F241:M241) -> 8884.9059 | O241: 1500 | P241: 877.8 | Q241: 1077.895 | R241: 3730.7292 | S241: 1755 | T241: 0 | U241: 5110.5829 | V241: 0 | W241: =+SUM(O241:V241) -> 14052.007
A242: 2026 | B242: 46143 | C242: 31 | D242: lun | E242: 46153 | F242: 1660.91 | G242: 845.73083 | H242: 352.13958 | I242: 1366.3351 | J242: 620.62917 | K242: 1891.0908 | L242: 2177.4646 | M242: 1316.045 | N242: =+SUM(F242:M242) -> 10230.345 | O242: 1500 | P242: 908.25 | Q242: 1069.145 | R242: 3739.2 | S242: 1755 | T242: 0 | U242: 5078.8712 | V242: 0 | W242: =+SUM(O242:V242) -> 14050.466
...

Sheet Mono ASIG
B1: Mercado ASIGNADO | H1: $ ASIGNADA - ENERGIA $ | Q1: $ ASIGNADA - POTENCIA $ | Z1: $ ASIGNADA $
B2: PRECIOS UNITARIOS REPRESENTATIVOS
B3: Por Energía / Por Potencia
H5: VARIABLES | I5: VARIABLES | J5: VARIABLES | K5: VARIABLES | L5: VARIABLES | M5: VARIABLES | N5: VARIABLES | O5: VARIABLES | P5: VARIABLES | Q5: FIJOS | R5: FIJOS | S5: FIJOS | T5: FIJOS | U5: FIJOS | V5: FIJOS | W5: FIJOS | X5: FIJOS | Y5: FIJOS | Z5: FIJ + VAR | AA5: FIJ + VAR | AB5: FIJ + VAR | AC5: FIJ + VAR
E6: VALORES ECONOMICOS - ACUMULADO MES | H6: usd/MWh | I6: usd/MWh | J6: usd/MWh | K6: usd/MWh | L6: usd/MWh | M6: usd/MWh | N6: usd/MWh | O6: usd/MWh | P6: usd/dia | Q6: usd/MW mes | R6: usd/MW mes | S6: usd/MW mes | T6: usd/MW mes | U6: usd/MW mes | V6: usd/MW mes | W6: usd/MW mes | X6: usd/MW mes | Y6: =+P6 -> usd/dia | Z6: =+Y6 -> usd/dia | AA6: usd/Mwh | AB6: usd/Mwh | AC6: usd/Mwh
G7: MES | H7: YACYRETA | I7: SALTO GRANDE | J7: HIDRO NAC Resto | K7: HIDRO COM CONCESION | L7: NUCLEAR | M7: PPA RENOV | N7: PPA TERM | O7: IMPORTACION | P7: VAR ASIG | Q7: YACYRETA | R7: SALTO GRANDE | S7: HIDRO NAC Resto | T7: HIDRO COM CONCESION | U7: NUCLEAR | V7: PPA RENOV | W7: PPA TERM | X7: IMPORTACION | Y7: FIJOS ASIG | Z7: SUMA ASIG | AA7: MONO | AB7: POT | AC7: ENER
G8: =+'Fisico ASIG'!E8 -> 45962 | H8: =AVERAGEIFS(H$20:H$1048576,$D$20:$D$1048576,$G8) -> 28 | I8: =AVERAGEIFS(I$20:I$1048576,$D$20:$D$1048576,$G8) -> 4.7975185 | J8: =AVERAGEIFS(J$20:J$1048576,$D$20:$D$1048576,$G8) -> 5.8161641 | L8: =AVERAGEIFS(L$20:L$1048576,$D$20:$D$1048576,$G8) -> 27 | M8: =AVERAGEIFS(M$20:M$1048576,$D$20:$D$1048576,$G8) -> 71.5 | N8: =AVERAGEIFS(N$20:N$1048576,$D$20:$D$1048576,$G8) -> 38.068552 | O8: =AVERAGEIFS(O$20:O$1048576,$D$20:$D$1048576,$G8) -> 92.860415 | P8: =AVERAGEIFS(P$20:P$1048576,$D$20:$D$1048576,$G8) -> 7220427.9 | Q8: =AVERAGEIFS(Q$20:Q$1048576,$D$20:$D$1048576,$G8) -> 0 | R8: =AVERAGEIFS(R$20:R$1048576,$D$20:$D$1048576,$G8) -> 5497.7825 | S8: =AVERAGEIFS(S$20:S$1048576,$D$20:$D$1048576,$G8) -> 1540.5825 | U8: =AVERAGEIFS(U$20:U$1048576,$D$20:$D$1048576,$G8) -> 18000 | V8: =AVERAGEIFS(V$20:V$1048576,$D$20:$D$1048576,$G8) -> 0 | W8: =AVERAGEIFS(W$20:W$1048576,$D$20:$D$1048576,$G8) -> 21900 | X8: =AVERAGEIFS(X$20:X$1048576,$D$20:$D$1048576,$G8) -> 0 | Y8: =AVERAGEIFS(Y$20:Y$1048576,$D$20:$D$1048576,$G8) -> 5334795.8 | Z8: =+(P8+Y8) -> 12555224 | AA8: =+Z8/'Fisico ASIG'!N8/24 -> 61.760172 | AB8: =+$AB$16*Precios!R7*Precios!P7/Precios!W7/Precios!Q7 -> 13.384615 | AC8: =+AA8-AB8 -> 48.375557
G9: =+'Fisico ASIG'!E9 -> 45992 | H9: =AVERAGEIFS(H$20:H$1048576,$D$20:$D$1048576,$G9) -> 28 | I9: =AVERAGEIFS(I$20:I$1048576,$D$20:$D$1048576,$G9) -> 4.8642721 | J9: =AVERAGEIFS(J$20:J$1048576,$D$20:$D$1048576,$G9) -> 5.7816249 | L9: =AVERAGEIFS(L$20:L$1048576,$D$20:$D$1048576,$G9) -> 27 | M9: =AVERAGEIFS(M$20:M$1048576,$D$20:$D$1048576,$G9) -> 71.5 | N9: =AVERAGEIFS(N$20:N$1048576,$D$20:$D$1048576,$G9) -> 40.46591 | O9: =AVERAGEIFS(O$20:O$1048576,$D$20:$D$1048576,$G9) -> 104.20101 | P9: =AVERAGEIFS(P$20:P$1048576,$D$20:$D$1048576,$G9) -> 8384683.9 | Q9: =AVERAGEIFS(Q$20:Q$1048576,$D$20:$D$1048576,$G9) -> 0 | R9: =AVERAGEIFS(R$20:R$1048576,$D$20:$D$1048576,$G9) -> 5574.4373 | S9: =AVERAGEIFS(S$20:S$1048576,$D$20:$D$1048576,$G9) -> 1706.1611 | U9: =AVERAGEIFS(U$20:U$1048576,$D$20:$D$1048576,$G9) -> 18000 | V9: =AVERAGEIFS(V$20:V$1048576,$D$20:$D$1048576,$G9) -> 0 | W9: =AVERAGEIFS(W$20:W$1048576,$D$20:$D$1048576,$G9) -> 21900 | X9: =AVERAGEIFS(X$20:X$1048576,$D$20:$D$1048576,$G9) -> 0 | Y9: =AVERAGEIFS(Y$20:Y$1048576,$D$20:$D$1048576,$G9) -> 5515635.9 | Z9: =+(P9+Y9) -> 13900320 | AA9: =+Z9/'Fisico ASIG'!N9/24 -> 63.49639 | AB9: =+$AB$16*Precios!R8*Precios!P8/Precios!W8/Precios!Q8 -> 17.468983 | AC9: =+AA9-AB9 -> 46.027408
G10: =+'Fisico ASIG'!E10 -> 46023 | H10: =AVERAGEIFS(H$20:H$1048576,$D$20:$D$1048576,$G10) -> 28 | I10: =AVERAGEIFS(I$20:I$1048576,$D$20:$D$1048576,$G10) -> 5.0018454 | J10: =AVERAGEIFS(J$20:J$1048576,$D$20:$D$1048576,$G10) -> 6.5099399 | K10: =AVERAGEIFS(K$20:K$1048576,$D$20:$D$1048576,$G10) -> 7.5875 | L10: =AVERAGEIFS(L$20:L$1048576,$D$20:$D$1048576,$G10) -> 27 | M10: =AVERAGEIFS(M$20:M$1048576,$D$20:$D$1048576,$G10) -> 71.5 | N10: =AVERAGEIFS(N$20:N$1048576,$D$20:$D$1048576,$G10) -> 42.13139 | O10: =AVERAGEIFS(O$20:O$1048576,$D$20:$D$1048576,$G10) -> 80.830082 | ... Y10: =AVERAGEIFS(Y$20:Y$1048576,$D$20:$D$1048576,$G10) -> 5622846.9 | Z10: =+(P10+Y10) -> 14028881 | AA10: =+Z10/'Fisico ASIG'!N10/24 -> 64.531577 | AB10: =+$AB$16*Precios!R9*Precios!P9/Precios!W9/Precios!Q9 -> 17.559967 | AC10: =+AA10-AB10 -> 46.97161
G11: =+'Fisico ASIG'!E11 -> 46054 | H11: =AVERAGEIFS(H$20:H$1048576,$D$20:$D$1048576,$G11) -> 28 | I11: =AVERAGEIFS(I$20:I$1048576,$D$20:$D$1048576,$G11) -> 5.1392516 | J11: =AVERAGEIFS(J$20:J$1048576,$D$20:$D$1048576,$G11) -> 6.6887752 | K11: =AVERAGEIFS(K$20:K$1048576,$D$20:$D$1048576,$G11) -> 7.5875 | L11: =AVERAGEIFS(L$20:L$1048576,$D$20:$D$1048576,$G11) -> 27 | M11: =AVERAGEIFS(M$20:M$1048576,$D$20:$D$1048576,$G11) -> 71.5 | N11: =AVERAGEIFS(N$20:N$1048576,$D$20:$D$1048576,$G11) -> 41.039718 | O11: =AVERAGEIFS(O$20:O$1048576,$D$20:$D$1048576,$G11) -> 92.10906 | ... Y11: =AVERAGEIFS(Y$20:Y$1048576,$D$20:$D$1048576,$G11) -> 6227666.1 | Z11: =+(P11+Y11) -> 14495266 | AA11: =+Z11/'Fisico ASIG'!N11/24 -> 73.131269 | AB11: =+$AB$16*Precios!R10*Precios!P10/Precios!W10/Precios!Q10 -> 16.923077 | AC11: =+AA11-AB11 -> 56.208193
G12: =+'Fisico ASIG'!E12 -> 46082 | H12: =AVERAGEIFS(H$20:H$1048576,$D$20:$D$1048576,$G12) -> 28 | I12: =AVERAGEIFS(I$20:I$1048576,$D$20:$D$1048576,$G12) -> 5.2366365 | J12: =AVERAGEIFS(J$20:J$1048576,$D$20:$D$1048576,$G12) -> 5.8867926 | K12: =AVERAGEIFS(K$20:K$1048576,$D$20:$D$1048576,$G12) -> 6.8583333 | L12: =AVERAGEIFS(L$20:L$1048576,$D$20:$D$1048576,$G12) -> 27 | M12: =AVERAGEIFS(M$20:M$1048576,$D$20:$D$1048576,$G12) -> 71.5 | N12: =AVERAGEIFS(N$20:N$1048576,$D$20:$D$1048576,$G12) -> 46.488647 | O12: =AVERAGEIFS(O$20:O$1048576,$D$20:$D$1048576,$G12) -> 71.653023 | ... Y12: =AVERAGEIFS(Y$20:Y$1048576,$D$20:$D$1048576,$G12) -> 5289948.7 | Z12: =+(P12+Y12) -> 13267383 | AA12: =+Z12/'Fisico ASIG'!N12/24 -> 71.173352 | AB12: =+$AB$16*Precios!R11*Precios!P11/Precios!W11/Precios!Q11 -> 12.492501 | AC12: =+AA12-AB12 -> 58.680851
G13: =+'Fisico ASIG'!E13 -> 46113 | H13: =AVERAGEIFS(H$20:H$1048576,$D$20:$D$1048576,$G13) -> 28 | I13: =AVERAGEIFS(I$20:I$1048576,$D$20:$D$1048576,$G13) -> 5.2429398 | J13: =AVERAGEIFS(J$20:J$1048576,$D$20:$D$1048576,$G13) -> 5.8938784 | K13: =AVERAGEIFS(K$20:K$1048576,$D$20:$D$1048576,$G13) -> 6.8583333 | L13: =AVERAGEIFS(L$20:L$1048576,$D$20:$D$1048576,$G13) -> 27 | M13: =AVERAGEIFS(M$20:M$1048576,$D$20:$D$1048576,$G13) -> 71.5 | N13: =AVERAGEIFS(N$20:N$1048576,$D$20:$D$1048576,$G13) -> 52.112444 | O13: =AVERAGEIFS(O$20:O$1048576,$D$20:$D$1048576,$G13) -> 78.581543 | ... Y13: =AVERAGEIFS(Y$20:Y$1048576,$D$20:$D$1048576,$G13) -> 5276768 | Z13: =+(P13+Y13) -> 12964406 | AA13: =+Z13/'Fisico ASIG'!N13/24 -> 72.749403 | AB13: =+$AB$16*Precios!R12*Precios!P12/Precios!W12/Precios!Q12 -> 12.065574 | AC13: =+AA13-AB13 -> 60.683829
G14: =+'Fisico ASIG'!E14 -> 46143 | H14: =AVERAGEIFS(H$20:H$1048576,$D$20:$D$1048576,$G14) -> 28 | I14: =AVERAGEIFS(I$20:I$1048576,$D$20:$D$1048576,$G14) -> 5.1311705 | J14: =AVERAGEIFS(J$20:J$1048576,$D$20:$D$1048576,$G14) -> 5.7682323 | K14: =AVERAGEIFS(K$20:K$1048576,$D$20:$D$1048576,$G14) -> 6.8583333 | L14: =AVERAGEIFS(L$20:L$1048576,$D$20:$D$1048576,$G14) -> 27 | M14: =AVERAGEIFS(M$20:M$1048576,$D$20:$D$1048576,$G14) -> 71.5 | N14: =AVERAGEIFS(N$20:N$1048576,$D$20:$D$1048576,$G14) -> 99.970133 | O14: =AVERAGEIFS(O$20:O$1048576,$D$20:$D$1048576,$G14) -> 146.77674 | ... Y14: =AVERAGEIFS(Y$20:Y$1048576,$D$20:$D$1048576,$G14) -> 5125512.6 | Z14: =+(P14+Y14) -> 18830172 | AA14: =+Z14/'Fisico ASIG'!N14/24 -> 85.536663 | AB14: =+$AB$16*Precios!R13*Precios!P13/Precios!W13/Precios!Q13 -> 11.485986 | AC14: =+AA14-AB14 -> 74.050677
G15: =+'Fisico ASIG'!E15 -> 46174 | H15: =AVERAGEIFS(H$20:H$1048576,$D$20:$D$1048576,$G15) -> 28 | I15: =AVERAGEIFS(I$20:I$1048576,$D$20:$D$1048576,$G15) -> 4.9015427 | J15: =AVERAGEIFS(J$20:J$1048576,$D$20:$D$1048576,$G15) -> 5.5100951 | K15: =AVERAGEIFS(K$20:K$1048576,$D$20:$D$1048576,$G15) -> 6.8583333 | L15: =AVERAGEIFS(L$20:L$1048576,$D$20:$D$1048576,$G15) -> 27 | M15: =AVERAGEIFS(M$20:M$1048576,$D$20:$D$1048576,$G15) -> 71.5 | N15: =AVERAGEIFS(N$20:N$1048576,$D$20:$D$1048576,$G15) -> 103.10453 | O15: =AVERAGEIFS(O$20:O$1048576,$D$20:$D$1048576,$G15) -> 166.18089 | ... Y15: =AVERAGEIFS(Y$20:Y$1048576,$D$20:$D$1048576,$G15) -> 5749496.8 | Z15: =+(P15+Y15) -> 20999422 | AA15: =+Z15/'Fisico ASIG'!N15/24 -> 94.947213 | AB15: =+$AB$16*Precios!R14*Precios!P14/Precios!W14/Precios!Q14 -> 15.147541 | AC15: =+AA15-AB15 -> 79.799672
AB16: 16
E17: VALORES ECONOMICOS - PASO DIARIO | H17: VARIABLES | I17: VARIABLES | J17: VARIABLES | K17: VARIABLES | L17: VARIABLES | M17: VARIABLES | N17: VARIABLES | O17: VARIABLES | P17: VARIABLES | Q17: FIJOS | R17: FIJOS | S17: FIJOS | T17: FIJOS | U17: FIJOS | V17: FIJOS | W17: FIJOS | X17: FIJOS | Y17: FIJOS | Z17: FIJ + VAR | AA17: FIJ + VAR | AB17: FIJ + VAR | AC17: FIJ + VAR | AI17: VARIABLES | AJ17: FIJOS | AK17: FIJOS | AL17: VARIABLES | AM17: FIJOS | AN17: VARIABLES | AO17: ADICIONALES Fondo Fiduciario | AP17: ADICIONALES Transporte | AQ17: ADICIONALES Costo Combustible
H18: usd/MWh | I18: usd/MWh | J18: usd/MWh | K18: usd/MWh | L18: usd/MWh | M18: usd/MWh | N18: usd/MWh | O18: usd/MWh | P18: usd/dia | Q18: usd/MW mes | R18: usd/MW mes | S18: usd/MW mes | T18: usd/MW mes | U18: usd/MW mes | V18: usd/MW mes | W18: usd/MW mes | X18: usd/MW mes | Y18: =+P18 -> usd/dia | Z18: =+Y18 -> usd/dia | AA18: usd/Mwh | AB18: usd/Mwh | AC18: usd/Mwh | AI18: $/MWh | AJ18: $/MW mes | AK18: K | AL18: usd/MWh | AM18: usd/MW mes | AN18: usd/MWh | AO18: usd/MWh | AP18: usd/MWh | AQ18: usd/MWh
A19: TC fin de mes | B19: TC quincena | C19: AÑO | D19: MES | E19: # dias/mes | F19: TIPO dia | G19: DIA | H19: YACYRETA | I19: SALTO GRANDE | J19: HIDRO NAC Resto | K19: HIDRO COM CONCESION | L19: NUCLEAR | M19: PPA RENOV | N19: PPA TERM | O19: IMPORTACION | P19: VAR ASIG | Q19: YACYRETA | R19: SALTO GRANDE | S19: HIDRO NAC Resto | T19: HIDRO COM CONCESION | U19: NUCLEAR | V19: PPA RENOV | W19: PPA TERM | X19: IMPORTACION | Y19: FIJOS ASIG | Z19: SUMA ASIG | AA19: MONO | AB19: POT | AC19: ENER | AD19: ADIC | AI19: SALTO GRANDE | AJ19: SALTO GRANDE | AK19: SALTO GRANDE | AL19: HIDRO NAC | AM19: HIDRO NAC | AN19: PPA TERM | AO19: TER TOTAL | AP19: TER TOTAL | AQ19: TER TOTAL
A20: 1443 | B20: 1425.667 | C20: =YEAR(G20) -> 2025 | D20: =+'Fisico ASIG'!B20 -> 45931 | E20: 31 | F20: mié. | G20: 45931 | H20: 28 | I20: =AI20/A20 -> 4.6604297 | J20: =+AL20/A20 -> 5.8474012 | L20: 27 | M20: 71.5 | N20: =+AN20+AO20 -> 36.081407 | O20: 29.338123 | P20: =SUMPRODUCT(H20:O20,'Fisico ASIG'!F20:M20)*24 -> 7228969.7 | Q20: 0 | R20: =+AJ20*AK20/A20 -> 5340.3962 | S20: =+AM20/A20 -> 1548.8565 | U20: 18000 | V20: 0 | W20: 21900 | X20: 0 | Y20: =SUMPRODUCT(Q20:X20,'Fisico ASIG'!O20:V20)/E20 -> 4835534.9 | Z20: =+(P20+Y20) -> 12064505 | AA20: =+Z20/'Fisico ASIG'!N20/24 -> 61.946815 | AB20: =+$AB$16*375/0.52/730 -> 15.806112 | AC20: =+AA20-AB20 -> 46.140703 | AD20: 10 | AI20: 6725 | AJ20: 5351522 | AK20: =1.2*1.2 -> 1.44 | AL20: =4060+1627*1.4+2100 -> 8437.8 | AM20: 2235000 | AN20: 34.179304 | AO20: =0.075*0.9*(AN20-6) -> 1.902103
A21: 1443 | B21: 1425.667 | C21: =YEAR(G21) -> 2025 | D21: =+'Fisico ASIG'!B21 -> 45931 | E21: 31 | F21: jue. | G21: =+ G20+1 -> 45932 | H21: 28 | I21: =AI21/A21 -> 4.6604297 | J21: =+AL21/A21 -> 5.8474012 | L21: 27 | M21: 71.5 | N21: =+AN21+AO21 -> 36.546443 | O21: 28.82441 | P21: =SUMPRODUCT(H21:O21,'Fisico ASIG'!F21:M21)*24 -> 7182715.7 | Q21: 0 | R21: =+AJ21*AK21/A21 -> 5340.3962 | S21: =+AM21/A21 -> 1548.8565 | U21: 18000 | V21: 0 | W21: 21900 | X21: 0 | Y21: =SUMPRODUCT(Q21:X21,'Fisico ASIG'!O21:V21)/E21 -> 4867222.9 | Z21: =+(P21+Y21) -> 12049939 | AA21: =+Z21/'Fisico ASIG'!N21/24 -> 60.116829 | AB21: =+$AB$16*375/0.52/730 -> 15.806112 | AC21: =+AA21-AB21 -> 44.310717 | AI21: 6725 | AJ21: 5351522 | AK21: =1.2*1.2 -> 1.44 | AL21: =4060+1627*1.4+2100 -> 8437.8 | AM21: 2235000 | AN21: 34.614935 | AO21: =0.075*0.9*(AN21-6) -> 1.9315081
A22: 1443 | B22: 1425.667 | C22: =YEAR(G22) -> 2025 | D22: =+'Fisico ASIG'!B22 -> 45931 | E22: 31 | F22: vie. | G22: =+ G21+1 -> 45933 | H22: 28 | I22: =AI22/A22 -> 4.6604297 | J22: =+AL22/A22 -> 5.8474012 | L22: 27 | M22: 71.5 | N22: =+AN22+AO22 -> 36.06404 | O22: 30.095803 | P22: =SUMPRODUCT(H22:O22,'Fisico ASIG'!F22:M22)*24 -> 7113038.1 | Q22: 0 | R22: =+AJ22*AK22/A22 -> 5340.3962 | S22: =+AM22/A22 -> 1548.8565 | U22: 18000 | V22: 0 | W22: 21900 | X22: 0 | Y22: =SUMPRODUCT(Q22:X22,'Fisico ASIG'!O22:V22)/E22 -> 4929643.6 | Z22: =+(P22+Y22) -> 12042682 | AA22: =+Z22/'Fisico ASIG'!N22/24 -> 58.649 | AB22: =+$AB$16*375/0.52/730 -> 15.806112 | AC22: =+AA22-AB22 -> 42.842888 | AI22: 6725 | AJ22: 5351522 | AK22: =1.2*1.2 -> 1.44 | AL22: =4060+1627*1.4+2100 -> 8437.8 | AM22: 2235000 | AN22: 34.163035 | AO22: =0.075*0.9*(AN22-6) -> 1.9010049
A23: 1443 | B23: 1425.667 | C23: =YEAR(G23) -> 2025 | D23: =+'Fisico ASIG'!B23 -> 45931 | E23: 31 | F23: sáb. | G23: =+ G22+1 -> 45934 | H23: 28 | I23: =AI23/A23 -> 4.6604297 | J23: =+AL23/A23 -> 5.8474012 | L23: 27 | M23: 71.5 | N23: =+AN23+AO23 -> 38.065209 | O23: 28.443739 | P23: =SUMPRODUCT(H23:O23,'Fisico ASIG'!F23:M23)*24 -> 6948831 | Q23: 0 | R23: =+AJ23*AK23/A23 -> 5340.3962 | S23: =+AM23/A23 -> 1548.8565 | U23: 18000 | V23: 0 | W23: 21900 | X23: 0 | Y23: =SUMPRODUCT(Q23:X23,'Fisico ASIG'!O23:V23)/E23 -> 5276855.4 | Z23: =+(P23+Y23) -> 12225686 | AA23: =+Z23/'Fisico ASIG'!N23/24 -> 61.22392 | AB23: =+$AB$16*375/0.52/730 -> 15.806112 | AC23: =+AA23-AB23 -> 45.417808 | AI23: 6725 | AJ23: 5351522 | AK23: =1.2*1.2 -> 1.44 | AL23: =4060+1627*1.4+2100 -> 8437.8 | AM23: 2235000 | AN23: 36.037666 | AO23: =0.075*0.9*(AN23-6) -> 2.0275425
A24: 1443 | B24: 1425.667 | C24: =YEAR(G24) -> 2025 | D24: =+'Fisico ASIG'!B24 -> 45931 | E24: 31 | F24: dom. | G24: =+ G23+1 -> 45935 | H24: 28 | I24: =AI24/A24 -> 4.6604297 | J24: =+AL24/A24 -> 5.8474012 | L24: 27 | M24: 71.5 | N24: =+AN24+AO24 -> 36.794739 | O24: 28.623559 | P24: =SUMPRODUCT(H24:O24,'Fisico ASIG'!F24:M24)*24 -> 5992713.6 | Q24: 0 | R24: =+AJ24*AK24/A24 -> 5340.3962 | S24: =+AM24/A24 -> 1548.8565 | U24: 18000 | V24: 0 | W24: 21900 | X24: 0 | Y24: =SUMPRODUCT(Q24:X24,'Fisico ASIG'!O24:V24)/E24 -> 5333649.1 | Z24: =+(P24+Y24) -> 11326363 | AA24: =+Z24/'Fisico ASIG'!N24/24 -> 63.180646 | AB24: =+$AB$16*375/0.52/730 -> 15.806112 | AC24: =+AA24-AB24 -> 47.374535 | AI24: 6725 | AJ24: 5351522 | AK24: =1.2*1.2 -> 1.44 | AL24: =4060+1627*1.4+2100 -> 8437.8 | AM24: 2235000 | AN24: 34.847531 | AO24: =0.075*0.9*(AN24-6) -> 1.9472083
A25: 1443 | B25: 1425.667 | C25: =YEAR(G25) -> 2025 | D25: =+'Fisico ASIG'!B25 -> 45931 | E25: 31 | F25: lun. | G25: =+ G24+1 -> 45936 | H25: 28 | I25: =AI25/A25 -> 4.6604297 | J25: =+AL25/A25 -> 5.8474012 | L25: 27 | M25: 71.5 | N25: =+AN25+AO25 -> 37.169232 | O25: 28.337218 | P25: =SUMPRODUCT(H25:O25,'Fisico ASIG'!F25:M25)*24 -> 7060630.4 | Q25: 0 | R25: =+AJ25*AK25/A25 -> 5340.3962 | S25: =+AM25/A25 -> 1548.8565 | U25: 18000 | V25: 0 | W25: 21900 | X25: 0 | Y25: =SUMPRODUCT(Q25:X25,'Fisico ASIG'!O25:V25)/E25 -> 5453912.5 | Z25: =+(P25+Y25) -> 12514543 | AA25: =+Z25/'Fisico ASIG'!N25/24 -> 61.080366 | AB25: =+$AB$16*375/0.52/730 -> 15.806112 | AC25: =+AA25-AB25 -> 45.274254 | AI25: 6725 | AJ25: 5351522 | AK25: =1.2*1.2 -> 1.44 | AL25: =4060+1627*1.4+2100 -> 8437.8 | AM25: 2235000 | AN25: 35.198344 | AO25: =0.075*0.9*(AN25-6) -> 1.9708882
A26: 1443 | B26: 1425.667 | C26: =YEAR(G26) -> 2025 | D26: =+'Fisico ASIG'!B26 -> 45931 | E26: 31 | F26: mar. | G26: =+ G25+1 -> 45937 | H26: 28 | I26: =AI26/A26 -> 4.6604297 | J26: =+AL26/A26 -> 5.8474012 | L26: 27 | M26: 71.5 | N26: =+AN26+AO26 -> 36.548062 | O26: 28.447498 | P26: =SUMPRODUCT(H26:O26,'Fisico ASIG'!F26:M26)*24 -> 7011375.4 | Q26: 0 | R26: =+AJ26*AK26/A26 -> 5340.3962 | S26: =+AM26/A26 -> 1548.8565 | U26: 18000 | V26: 0 | W26: 21900 | X26: 0 | Y26: =SUMPRODUCT(Q26:X26,'Fisico ASIG'!O26:V26)/E26 -> 5512786.2 | Z26: =+(P26+Y26) -> 12524162 | AA26: =+Z26/'Fisico ASIG'!N26/24 -> 63.155935 | AB26: =+$AB$16*375/0.52/730 -> 15.806112 | AC26: =+AA26-AB26 -> 47.349823 | AI26: 6725 | AJ26: 5351522 | AK26: =1.2*1.2 -> 1.44 | AL26: =4060+1627*1.4+2100 -> 8437.8 | AM26: 2235000 | AN26: 34.616452 | AO26: =0.075*0.9*(AN26-6) -> 1.9316105
A27: 1443 | B27: 1425.667 | C27: =YEAR(G27) -> 2025 | D27: =+'Fisico ASIG'!B27 -> 45931 | E27: 31 | F27: mié. | G27: =+ G26+1 -> 45938 | H27: 28 | I27: =AI27/A27 -> 4.6604297 | J27: =+AL27/A27 -> 5.8474012 | L27: 27 | M27: 71.5 | N27: =+AN27+AO27 -> 35.644185 | O27: 30.912775 | P27: =SUMPRODUCT(H27:O27,'Fisico ASIG'!F27:M27)*24 -> 7656990.9 | Q27: 0 | R27: =+AJ27*AK27/A27 -> 5340.3962 | S27: =+AM27/A27 -> 1548.8565 | U27: 18000 | V27: 0 | W27: 21900 | X27: 0 | Y27: =SUMPRODUCT(Q27:X27,'Fisico ASIG'!O27:V27)/E27 -> 5521496.1 | Z27: =+(P27+Y27) -> 13178487 | AA27: =+Z27/'Fisico ASIG'!N27/24 -> 65.376973 | AB27: =+$AB$16*375/0.52/730 -> 15.806112 | AC27: =+AA27-AB27 -> 49.570861 | AI27: 6725 | AJ27: 5351522 | AK27: =1.2*1.2 -> 1.44 | AL27: =4060+1627*1.4+2100 -> 8437.8 | AM27: 2235000 | AN27: 33.769728 | AO27: =0.075*0.9*(AN27-6) -> 1.8744567
A28: 1443 | B28: 1425.667 | C28: =YEAR(G28) -> 2025 | D28: =+'Fisico ASIG'!B28 -> 45931 | E28: 31 | F28: jue. | G28: =+ G27+1 -> 45939 | H28: 28 | I28: =AI28/A28 -> 4.6604297 | J28: =+AL28/A28 -> 5.8474012 | L28: 27 | M28: 71.5 | N28: =+AN28+AO28 -> 35.633307 | O28: 29.065081 | P28: =SUMPRODUCT(H28:O28,'Fisico ASIG'!F28:M28)*24 -> 7325813.3 | Q28: 0 | R28: =+AJ28*AK28/A28 -> 5340.3962 | S28: =+AM28/A28 -> 1548.8565 | U28: 18000 | V28: 0 | W28: 21900 | X28: 0 | Y28: =SUMPRODUCT(Q28:X28,'Fisico ASIG'!O28:V28)/E28 -> 5435440.7 | Z28: =+(P28+Y28) -> 12761254 | AA28: =+Z28/'Fisico ASIG'!N28/24 -> 63.346287 | AB28: =+$AB$16*375/0.52/730 -> 15.806112 | AC28: =+AA28-AB28 -> 47.540176 | AI28: 6725 | AJ28: 5351522 | AK28: =1.2*1.2 -> 1.44 | AL28: =4060+1627*1.4+2100 -> 8437.8 | AM28: 2235000 | AN28: 33.759539 | AO28: =0.075*0.9*(AN28-6) -> 1.8737689
A29: 1443 | B29: 1425.667 | C29: =YEAR(G29) -> 2025 | D29: =+'Fisico ASIG'!B29 -> 45931 | E29: 31 | F29: vie. | G29: =+ G28+1 -> 45940 | H29: 28 | I29: =AI29/A29 -> 4.6604297 | J29: =+AL29/A29 -> 5.8474012 | L29: 27 | M29: 71.5 | N29: =+AN29+AO29 -> 36.52238 | O29: 28.370983 | P29: =SUMPRODUCT(H29:O29,'Fisico ASIG'!F29:M29)*24 -> 6268402.7 | Q29: 0 | R29: =+AJ29*AK29/A29 -> 5340.3962 | S29: =+AM29/A29 -> 1548.8565 | U29: 18000 | V29: 0 | W29: 21900 | X29: 0 | Y29: =SUMPRODUCT(Q29:X29,'Fisico ASIG'!O29:V29)/E29 -> 5409616 | Z29: =+(P29+Y29) -> 11678019 | AA29: =+Z29/'Fisico ASIG'!N29/24 -> 63.163796 | AB29: =+$AB$16*375/0.52/730 -> 15.806112 | AC29: =+AA29-AB29 -> 47.357684 | AI29: 6725 | AJ29: 5351522 | AK29: =1.2*1.2 -> 1.44 | AL29: =4060+1627*1.4+2100 -> 8437.8 | AM29: 2235000 | AN29: 34.592393 | AO29: =0.075*0.9*(AN29-6) -> 1.9299866
A30: 1443 | B30: 1425.667 | C30: =YEAR(G30) -> 2025 | D30: =+'Fisico ASIG'!B30 -> 45931 | E30: 31 | F30: sáb. | G30: =+ G29+1 -> 45941 | H30: 28 | I30: =AI30/A30 -> 4.6604297 | J30: =+AL30/A30 -> 5.8474012 | L30: 27 | M30: 71.5 | N30: =+AN30+AO30 -> 37.393914 | O30: 28.043782 | P30: =SUMPRODUCT(H30:O30,'Fisico ASIG'!F30:M30)*24 -> 6379318.4 | Q30: 0 | R30: =+AJ30*AK30/A30 -> 5340.3962 | S30: =+AM30/A30 -> 1548.8565 | U30: 18000 | V30: 0 | W30: 21900 | X30: 0 | Y30: =SUMPRODUCT(Q30:X30,'Fisico ASIG'!O30:V30)/E30 -> 5447059.5 | Z30: =+(P30+Y30) -> 11826378 | AA30: =+Z30/'Fisico ASIG'!N30/24 -> 62.649776 | AB30: =+$AB$16*375/0.52/730 -> 15.806112 | AC30: =+AA30-AB30 -> 46.843664 | AI30: 6725 | AJ30: 5351522 | AK30: =1.2*1.2 -> 1.44 | AL30: =4060+1627*1.4+2100 -> 8437.8 | AM30: 2235000 | AN30: 35.408819 | AO30: =0.075*0.9*(AN30-6) -> 1.9850953
A31: 1443 | B31: 1425.667 | C31: =YEAR(G31) -> 2025 | D31: =+'Fisico ASIG'!B31 -> 45931 | E31: 31 | F31: dom. | G31: =+ G30+1 -> 45942 | H31: 28 | I31: =AI31/A31 -> 4.6604297 | J31: =+AL31/A31 -> 5.8474012 | L31: 27 | M31: 71.5 | N31: =+AN31+AO31 -> 36.798932 | O31: 32.057297 | P31: =SUMPRODUCT(H31:O31,'Fisico ASIG'!F31:M31)*24 -> 6917671.2 | Q31: 0 | R31: =+AJ31*AK31/A31 -> 5340.3962 | S31: =+AM31/A31 -> 1548.8565 | U31: 18000 | V31: 0 | W31: 21900 | X31: 0 | Y31: =SUMPRODUCT(Q31:X31,'Fisico ASIG'!O31:V31)/E31 -> 5485644 | Z31: =+(P31+Y31) -> 12403315 | AA31: =+Z31/'Fisico ASIG'!N31/24 -> 68.841525 | AB31: =+$AB$16*375/0.52/730 -> 15.806112 | AC31: =+AA31-AB31 -> 53.035413 | AI31: 6725 | AJ31: 5351522 | AK31: =1.2*1.2 -> 1.44 | AL31: =4060+1627*1.4+2100 -> 8437.8 | AM31: 2235000 | AN31: 34.851459 | AO31: =0.075*0.9*(AN31-6) -> 1.9474735
A32: 1443 | B32: 1429.75 | C32: =YEAR(G32) -> 2025 | D32: =+'Fisico ASIG'!B32 -> 45931 | E32: 31 | F32: lun. | G32: =+ G31+1 -> 45943 | H32: 28 | I32: =AI32/A32 -> 4.6604297 | J32: =+AL32/A32 -> 5.8474012 | L32: 27 | M32: 71.5 | N32: =+AN32+AO32 -> 35.658401 | O32: 28.206491 | P32: =SUMPRODUCT(H32:O32,'Fisico ASIG'!F32:M32)*24 -> 7467515.1 | Q32: 0 | R32: =+AJ32*AK32/A32 -> 5340.3962 | S32: =+AM32/A32 -> 1548.8565 | U32: 18000 | V32: 0 | W32: 21900 | X32: 0 | Y32: =SUMPRODUCT(Q32:X32,'Fisico ASIG'!O32:V32)/E32 -> 5416194.4 | Z32: =+(P32+Y32) -> 12883709 | AA32: =+Z32/'Fisico ASIG'!N32/24 -> 61.633753 | AB32: =+$AB$16*375/0.52/730 -> 15.806112 | AC32: =+AA32-AB32 -> 45.827641 | AI32: 6725 | AJ32: 5351522 | AK32: =1.2*1.2 -> 1.44 | AL32: =4060+1627*1.4+2100 -> 8437.8 | AM32: 2235000 | AN32: 33.783046 | AO32: =0.075*0.9*(AN32-6) -> 1.8753556
... A80: 1450.75 | B80: 1419.333 | C80: =YEAR(G80) -> 2025 | D80: =+'Fisico ASIG'!B80 -> 45962 | E80: 30 | F80: dom | G80: =+ G79+1 -> 45991 | H80: 28 | I80: =AI80/A80 -> 4.7975185 | J80: =+AL80/A80 -> 5.8161641 | L80: 27 | M80: 71.5 | N80: =+AN80+AO80 -> 39.746549 | O80: 119.79456 | P80: =SUMPRODUCT(H80:O80,'Fisico ASIG'!F80:M80)*24 -> 6243786.6 | Q80: 0 | R80: =+AJ80*AK80/A80 -> 5497.7825 | S80: =+AM80/A80 -> 1540.5825 | U80: 18000 | V80: 0 | W80: 21900 | X80: 0 | Y80: =SUMPRODUCT(Q80:X80,'Fisico ASIG'!O80:V80)/E80 -> 5342841.5 | Z80: =+(P80+Y80) -> 11586628 | AA80: =+Z80/'Fisico ASIG'!N80/24 -> 71.721664 | AB80: =+$AB$16*375/0.52/730 -> 15.806112 | AC80: =+AA80-AB80 -> 55.915552 | AI80: 6960 | AJ80: 5538825 | AK80: =1.2*1.2 -> 1.44 | AL80: =4060+1627*1.4+2100 -> 8437.8 | AM80: 2235000 | AN80: 37.612693 | AO80: =0.075*0.9*(AN80-6) -> 2.1338568
A81: 1459.4167 | B81: 1442.833 | C81: =YEAR(G81) -> 2025 | D81: =+'Fisico ASIG'!B81 -> 45992 | E81: 31 | F81: lun | G81: =+ G80+1 -> 45992 | H81: 28 | I81: =AI81/A81 -> 4.8642721 | J81: =+AL81/A81 -> 5.7816249 | L81: 27 | M81: 71.5 | N81: =+AN81+AO81+AP81 -> 39.747935 | O81: 119.85763 | P81: =SUMPRODUCT(H81:O81,'Fisico ASIG'!F81:M81)*24 -> 7267741.8 | Q81: 0 | R81: =+AJ81*AK81/A81 -> 5574.4373 | S81: =+AM81/A81 -> 1706.1611 | U81: 18000 | V81: 0 | W81: 21900 | X81: 0 | Y81: =SUMPRODUCT(Q81:X81,'Fisico ASIG'!O81:V81)/E81 -> 5271790.6 | Z81: =+(P81+Y81) -> 12539532 | AA81: =+Z81/'Fisico ASIG'!N81/24 -> 64.022508 | AB81: =+$AB$16*375/0.52/730 -> 15.806112 | AC81: =+AA81-AB81 -> 48.216396 | AI81: 7099 | AJ81: 5649602 | AK81: =1.2*1.2 -> 1.44 | AL81: =4060+1627*1.4+2100 -> 8437.8 | AM81: 2490000 | AN81: 35.5531 | AO81: =0.075*0.9*(AN81-6) -> 1.9948343 | AP81: 2.2
A82: =+A81 -> 1459.4167 | B82: 1442.833 | C82: =YEAR(G82) -> 2025 | D82: =+'Fisico ASIG'!B82 -> 45992 | E82: 31 | F82: mar | G82: =+ G81+1 -> 45993 | H82: 28 | I82: =AI82/A82 -> 4.8642721 | J82: =+AL82/A82 -> 5.7816249 | L82: 27 | M82: 71.5 | N82: =+AN82+AO82+AP82 -> 39.335716 | O82: 119.87989 | P82: =SUMPRODUCT(H82:O82,'Fisico ASIG'!F82:M82)*24 -> 7815966.7 | Q82: 0 | R82: =+AJ82*AK82/A82 -> 5574.4373 | S82: =+AM82/A82 -> 1706.1611 | U82: 18000 | V82: 0 | W82: 21900 | X82: 0 | Y82: =SUMPRODUCT(Q82:X82,'Fisico ASIG'!O82:V82)/E82 -> 5462287.7 | Z82: =+(P82+Y82) -> 13278254 | AA82: =+Z82/'Fisico ASIG'!N82/24 -> 65.403461 | AB82: =+$AB$16*375/0.52/730 -> 15.806112 | AC82: =+AA82-AB82 -> 49.59735 | AI82: 7099 | AJ82: 5649602 | AK82: =1.2*1.2 -> 1.44 | AL82: =4060+1627*1.4+2100 -> 8437.8 | AM82: 2490000 | AN82: 35.166947 | AO82: =0.075*0.9*(AN82-6) -> 1.9687689 | AP82: 2.2
A83: =+A82 -> 1459.4167 | B83: 1442.833 | C83: =YEAR(G83) -> 2025 | D83: =+'Fisico ASIG'!B83 -> 45992 | E83: 31 | F83: mié | G83: =+ G82+1 -> 45994 | H83: 28 | I83: =AI83/A83 -> 4.8642721 | J83: =+AL83/A83 -> 5.7816249 | L83: 27 | M83: 71.5 | N83: =+AN83+AO83+AP83 -> 39.802818 | O83: 119.908 | P83: =SUMPRODUCT(H83:O83,'Fisico ASIG'!F83:M83)*24 -> 7897226.9 | Q83: 0 | R83: =+AJ83*AK83/A83 -> 5574.4373 | S83: =+AM83/A83 -> 1706.1611 | U83: 18000 | V83: 0 | W83: 21900 | X83: 0 | Y83: =SUMPRODUCT(Q83:X83,'Fisico ASIG'!O83:V83)/E83 -> 5445203.1 | Z83: =+(P83+Y83) -> 13342430 | AA83: =+Z83/'Fisico ASIG'!N83/24 -> 60.136069 | AB83: =+$AB$16*375/0.52/730 -> 15.806112 | AC83: =+AA83-AB83 -> 44.329957 | AI83: 7099 | AJ83: 5649602 | AK83: =1.2*1.2 -> 1.44 | AL83: =4060+1627*1.4+2100 -> 8437.8 | AM83: 2490000 | AN83: 35.604514 | AO83: =0.075*0.9*(AN83-6) -> 1.9983047 | AP83: 2.2
A84: =+A83 -> 1459.4167 | B84: 1442.833 | C84: =YEAR(G84) -> 2025 | D84: =+'Fisico ASIG'!B84 -> 45992 | E84: 31 | F84: jue | G84: =+ G83+1 -> 45995 | H84: 28 | I84: =AI84/A84 -> 4.8642721 | J84: =+AL84/A84 -> 5.7816249 | L84: 27 | M84: 71.5 | N84: =+AN84+AO84+AP84 -> 41.236444 | O84: 119.90084 | P84: =SUMPRODUCT(H84:O84,'Fisico ASIG'!F84:M84)*24 -> 8599134.1 | Q84: 0 | R84: =+AJ84*AK84/A84 -> 5574.4373 | S84: =+AM84/A84 -> 1706.1611 | U84: 18000 | V84: 0 | W84: 21900 | X84: 0 | Y84: =SUMPRODUCT(Q84:X84,'Fisico ASIG'!O84:V84)/E84 -> 5443133.2 | Z84: =+(P84+Y84) -> 14042267 | AA84: =+Z84/'Fisico ASIG'!N84/24 -> 58.429944 | AB84: =+$AB$16*375/0.52/730 -> 15.806112 | AC84: =+AA84-AB84 -> 42.623832 | AI84: 7099 | AJ84: 5649602 | AK84: =1.2*1.2 -> 1.44 | AL84: =4060+1627*1.4+2100 -> 8437.8 | AM84: 2490000 | AN84: 36.947488 | AO84: =0.075*0.9*(AN84-6) -> 2.0889554 | AP84: 2.2
A85: =+A84 -> 1459.4167 | B85: 1442.833 | C85: =YEAR(G85) -> 2025 | D85: =+'Fisico ASIG'!B85 -> 45992 | E85: 31 | F85: vie | G85: =+ G84+1 -> 45996 | H85: 28 | I85: =AI85/A85 -> 4.8642721 | J85: =+AL85/A85 -> 5.7816249 | L85: 27 | M85: 71.5 | N85: =+AN85+AO85+AP85 -> 40.772181 | O85: 119.77507 | P85: =SUMPRODUCT(H85:O85,'Fisico ASIG'!F85:M85)*24 -> 8837894.2 | Q85: 0 | R85: =+AJ85*AK85/A85 -> 5574.4373 | S85: =+AM85/A85 -> 1706.1611 | U85: 18000 | V85: 0 | W85: 21900 | X85: 0 | Y85: =SUMPRODUCT(Q85:X85,'Fisico ASIG'!O85:V85)/E85 -> 5460529.8 | Z85: =+(P85+Y85) -> 14298424 | AA85: =+Z85/'Fisico ASIG'!N85/24 -> 57.10996 | AB85: =+$AB$16*375/0.52/730 -> 15.806112 | AC85: =+AA85-AB85 -> 41.303849 | AI85: 7099 | AJ85: 5649602 | AK85: =1.2*1.2 -> 1.44 | AL85: =4060+1627*1.4+2100 -> 8437.8 | AM85: 2490000 | AN85: 36.512582 | AO85: =0.075*0.9*(AN85-6) -> 2.0595993 | AP85: 2.2
A86: =+A85 -> 1459.4167 | B86: 1442.833 | C86: =YEAR(G86) -> 2025 | D86: =+'Fisico ASIG'!B86 -> 45992 | E86: 31 | F86: sáb | G86: =+ G85+1 -> 45997 | H86: 28 | I86: =AI86/A86 -> 4.8642721 | J86: =+AL86/A86 -> 5.7816249 | L86: 27 | M86: 71.5 | N86: =+AN86+AO86+AP86 -> 44.094524 | O86: 119.78213 | P86: =SUMPRODUCT(H86:O86,'Fisico ASIG'!F86:M86)*24 -> 8698127.9 | Q86: 0 | R86: =+AJ86*AK86/A86 -> 5574.4373 | S86: =+AM86/A86 -> 1706.1611 | U86: 18000 | V86: 0 | W86: 21900 | X86: 0 | Y86: =SUMPRODUCT(Q86:X86,'Fisico ASIG'!O86:V86)/E86 -> 5451691.2 | Z86: =+(P86+Y86) -> 14149819 | AA86: =+Z86/'Fisico ASIG'!N86/24 -> 61.338369 | AB86: =+$AB$16*375/0.52/730 -> 15.806112 | AC86: =+AA86-AB86 -> 45.532258 | AI86: 7099 | AJ86: 5649602 | AK86: =1.2*1.2 -> 1.44 | AL86: =4060+1627*1.4+2100 -> 8437.8 | AM86: 2490000 | AN86: 39.624847 | AO86: =0.075*0.9*(AN86-6) -> 2.2696771 | AP86: 2.2
A87: =+A86 -> 1459.4167 | B87: 1442.833 | C87: =YEAR(G87) -> 2025 | D87: =+'Fisico ASIG'!B87 -> 45992 | E87: 31 | F87: dom | G87: =+ G86+1 -> 45998 | H87: 28 | I87: =AI87/A87 -> 4.8642721 | J87: =+AL87/A87 -> 5.7816249 | L87: 27 | M87: 71.5 | N87: =+AN87+AO87+AP87 -> 42.36981 | O87: 119.50076 | P87: =SUMPRODUCT(H87:O87,'Fisico ASIG'!F87:M87)*24 -> 7526555.9 | Q87: 0 | R87: =+AJ87*AK87/A87 -> 5574.4373 | S87: =+AM87/A87 -> 1706.1611 | U87: 18000 | V87: 0 | W87: 21900 | X87: 0 | Y87: =SUMPRODUCT(Q87:X87,'Fisico ASIG'!O87:V87)/E87 -> 5455034.9 | Z87: =+(P87+Y87) -> 12981591 | AA87: =+Z87/'Fisico ASIG'!N87/24 -> 65.415919 | AB87: =+$AB$16*375/0.52/730 -> 15.806112 | AC87: =+AA87-AB87 -> 49.609808 | AI87: 7099 | AJ87: 5649602 | AK87: =1.2*1.2 -> 1.44 | AL87: =4060+1627*1.4+2100 -> 8437.8 | AM87: 2490000 | AN87: 38.009189 | AO87: =0.075*0.9*(AN87-6) -> 2.1606203 | AP87: 2.2
A88: =+A87 -> 1459.4167 | B88: 1442.833 | C88: =YEAR(G88) -> 2025 | D88: =+'Fisico ASIG'!B88 -> 45992 | E88: 31 | F88: lun | G88: =+ G87+1 -> 45999 | H88: 28 | I88: =AI88/A88 -> 4.8642721 | J88: =+AL88/A88 -> 5.7816249 | L88: 27 | M88: 71.5 | N88: =+AN88+AO88+AP88 -> 38.557943 | O88: 119.54179 | P88: =SUMPRODUCT(H88:O88,'Fisico ASIG'!F88:M88)*24 -> 6749539.6 | Q88: 0 | R88: =+AJ88*AK88/A88 -> 5574.4373 | S88: =+AM88/A88 -> 1706.1611 | U88: 18000 | V88: 0 | W88: 21900 | X88: 0 | Y88: =SUMPRODUCT(Q88:X88,'Fisico ASIG'!O88:V88)/E88 -> 5476209.2 | Z88: =+(P88+Y88) -> 12225749 | AA88: =+Z88/'Fisico ASIG'!N88/24 -> 69.521917 | AB88: =+$AB$16*375/0.52/730 -> 15.806112 | AC88: =+AA88-AB88 -> 53.715805 | AI88: 7099 | AJ88: 5649602 | AK88: =1.2*1.2 -> 1.44 | AL88: =4060+1627*1.4+2100 -> 8437.8 | AM88: 2490000 | AN88: 34.438355 | AO88: =0.075*0.9*(AN88-6) -> 1.9195889 | AP88: 2.2
A89: =+A88 -> 1459.4167 | B89: 1442.833 | C89: =YEAR(G89) -> 2025 | D89: =+'Fisico ASIG'!B89 -> 45992 | E89: 31 | F89: mar | G89: =+ G88+1 -> 46000 | H89: 28 | I89: =AI89/A89 -> 4.8642721 | J89: =+AL89/A89 -> 5.7816249 | L89: 27 | M89: 71.5 | N89: =+AN89+AO89+AP89 -> 41.086002 | O89: 119.69511 | P89: =SUMPRODUCT(H89:O89,'Fisico ASIG'!F89:M89)*24 -> 7935321.6 | Q89: 0 | R89: =+AJ89*AK89/A89 -> 5574.4373 | S89: =+AM89/A89 -> 1706.1611 | U89: 18000 | V89: 0 | W89: 21900 | X89: 0 | Y89: =SUMPRODUCT(Q89:X89,'Fisico ASIG'!O89:V89)/E89 -> 5452525.2 | Z89: =+(P89+Y89) -> 13387847 | AA89: =+Z89/'Fisico ASIG'!N89/24 -> 63.943977 | AB89: =+$AB$16*375/0.52/730 -> 15.806112 | AC89: =+AA89-AB89 -> 48.137865 | AI89: 7099 | AJ89: 5649602 | AK89: =1.2*1.2 -> 1.44 | AL89: =4060+1627*1.4+2100 -> 8437.8 | AM89: 2490000 | AN89: 36.806559 | AO89: =0.075*0.9*(AN89-6) -> 2.0794427 | AP89: 2.2
A90: =+A89 -> 1459.4167 | B90: 1442.833 | C90: =YEAR(G90) -> 2025 | D90: =+'Fisico ASIG'!B90 -> 45992 | E90: 31 | F90: mié | G90: =+ G89+1 -> 46001 | H90: 28 | I90: =AI90/A90 -> 4.8642721 | J90: =+AL90/A90 -> 5.7816249 | L90: 27 | M90: 71.5 | N90: =+AN90+AO90+AP90 -> 41.3069 | O90: 39.612429 | P90: =SUMPRODUCT(H90:O90,'Fisico ASIG'!F90:M90)*24 -> 8095446.8 | Q90: 0 | R90: =+AJ90*AK90/A90 -> 5574.4373 | S90: =+AM90/A90 -> 1706.1611 | U90: 18000 | V90: 0 | W90: 21900 | X90: 0 | Y90: =SUMPRODUCT(Q90:X90,'Fisico ASIG'!O90:V90)/E90 -> 5399667.4 | Z90: =+(P90+Y90) -> 13495114 | AA90: =+Z90/'Fisico ASIG'!N90/24 -> 59.940251 | AB90: =+$AB$16*375/0.52/730 -> 15.806112 | AC90: =+AA90-AB90 -> 44.134139 | AI90: 7099 | AJ90: 5649602 | AK90: =1.2*1.2 -> 1.44 | AL90: =4060+1627*1.4+2100 -> 8437.8 | AM90: 2490000 | AN90: 37.013489 | AO90: =0.075*0.9*(AN90-6) -> 2.0934105 | AP90: 2.2
A91: =+A90 -> 1459.4167 | B91: 1442.833 | C91: =YEAR(G91) -> 2025 | D91: =+'Fisico ASIG'!B91 -> 45992 | E91: 31 | F91: jue | G91: =+ G90+1 -> 46002 | H91: 28 | I91: =AI91/A91 -> 4.8642721 | J91: =+AL91/A91 -> 5.7816249 | L91: 27 | M91: 71.5 | N91: =+AN91+AO91+AP91 -> 40.239234 | O91: 119.70485 | P91: =SUMPRODUCT(H91:O91,'Fisico ASIG'!F91:M91)*24 -> 8625525 | Q91: 0 | R91: =+AJ91*AK91/A91 -> 5574.4373 | S91: =+AM91/A91 -> 1706.1611 | U91: 18000 | V91: 0 | W91: 21900 | X91: 0 | Y91: =SUMPRODUCT(Q91:X91,'Fisico ASIG'!O91:V91)/E91 -> 5534778.7 | Z91: =+(P91+Y91) -> 14160304 | AA91: =+Z91/'Fisico ASIG'!N91/24 -> 62.351925 | AB91: =+$AB$16*375/0.52/730 -> 15.806112 | AC91: =+AA91-AB91 -> 46.545814 | AI91: 7099 | AJ91: 5649602 | AK91: =1.2*1.2 -> 1.44 | AL91: =4060+1627*1.4+2100 -> 8437.8 | AM91: 2490000 | AN91: 36.013334 | AO91: =0.075*0.9*(AN91-6) -> 2.0259001 | AP91: 2.2
A92: =+A91 -> 1459.4167 | B92: 1442.833 | C92: =YEAR(G92) -> 2025 | D92: =+'Fisico ASIG'!B92 -> 45992 | E92: 31 | F92: vie | G92: =+ G91+1 -> 46003 | H92: 28 | I92: =AI92/A92 -> 4.8642721 | J92: =+AL92/A92 -> 5.7816249 | L92: 27 | M92: 71.5 | N92: =+AN92+AO92+AP92 -> 41.240295 | O92: 100.68402 | P92: =SUMPRODUCT(H92:O92,'Fisico ASIG'!F92:M92)*24 -> 10267830 | Q92: 0 | R92: =+AJ92*AK92/A92 -> 5574.4373 | S92: =+AM92/A92 -> 1706.1611 | U92: 18000 | V92: 0 | W92: 21900 | X92: 0 | Y92: =SUMPRODUCT(Q92:X92,'Fisico ASIG'!O92:V92)/E92 -> 5538776.1 | Z92: =+(P92+Y92) -> 15806606 | AA92: =+Z92/'Fisico ASIG'!N92/24 -> 63.615281 | AB92: =+$AB$16*375/0.52/730 -> 15.806112 | AC92: =+AA92-AB92 -> 47.809169 | AI92: 7099 | AJ92: 5649602 | AK92: =1.2*1.2 -> 1.44 | AL92: =4060+1627*1.4+2100 -> 8437.8 | AM92: 2490000 | AN92: 36.951096 | AO92: =0.075*0.9*(AN92-6) -> 2.089199 | AP92: 2.2
A93: =+A92 -> 1459.4167 | B93: 1442.833 | C93: =YEAR(G93) -> 2025 | D93: =+'Fisico ASIG'!B93 -> 45992 | E93: 31 | F93: sáb | G93: =+ G92+1 -> 46004 | H93: 28 | I93: =AI93/A93 -> 4.8642721 | J93: =+AL93/A93 -> 5.7816249 | L93: 27 | M93: 71.5 | N93: =+AN93+AO93+AP93 -> 40.556602 | O93: 101.33759 | P93: =SUMPRODUCT(H93:O93,'Fisico ASIG'!F93:M93)*24 -> 9670071.8 | Q93: 0 | R93: =+AJ93*AK93/A93 -> 5574.4373 | S93: =+AM93/A93 -> 1706.1611 | U93: 18000 | V93: 0 | W93: 21900 | X93: 0 | Y93: =SUMPRODUCT(Q93:X93,'Fisico ASIG'!O93:V93)/E93 -> 5606032.5 | Z93: =+(P93+Y93) -> 15276104 | AA93: =+Z93/'Fisico ASIG'!N93/24 -> 64.188813 | AB93: =+$AB$16*375/0.52/730 -> 15.806112 | AC93: =+AA93-AB93 -> 48.382702 | AI93: 7099 | AJ93: 5649602 | AK93: =1.2*1.2 -> 1.44 | AL93: =4060+1627*1.4+2100 -> 8437.8 | AM93: 2490000 | AN93: 36.310634 | AO93: =0.075*0.9*(AN93-6) -> 2.0459678 | AP93: 2.2
... A101: =+A100 -> 1459.4167 | B101: 1437.417 | C101: =YEAR(G101) -> 2025 | D101: =+'Fisico ASIG'!B101 -> 45992 | E101: 31 | F101: dom | G101: =+ G100+1 -> 46012 | H101: 28 | I101: =AI101/A101 -> 4.8642721 | J101: =+AL101/A101 -> 5.7816249 | L101: 27 | M101: 71.5 | N101: =+AN101+AO101+AP101 -> 39.650835 | O101: 119.74903 | P101: =SUMPRODUCT(H101:O101,'Fisico ASIG'!F101:M101)*24 -> 7736931.1 | Q101: 0 | R101: =+AJ101*AK101/A101 -> 5574.4373 | S101: =+AM101/A101 -> 1706.1611 | U101: 18000 | V101: 0 | W101: 21900 | X101: 0 | Y101: =SUMPRODUCT(Q101:X101,'Fisico ASIG'!O101:V101)/E101 -> 5473987.4 | Z101: =+(P101+Y101) -> 13210918 | AA101: =+Z101/'Fisico ASIG'!N101/24 -> 69.787774 | AB101: =+$AB$16*375/0.52/730 -> 15.806112 | AC101: =+AA101-AB101 -> 53.981663 | AI101: 7099 | AJ101: 5649602 | AK101: =1.2*1.2 -> 1.44 | AL101: =4060+1627*1.4+2100 -> 8437.8 | AM101: 2490000 | AN101: 35.46214 | AO101: =0.075*0.9*(AN101-6) -> 1.9886945 | AP101: 2.2
A102: =+A101 -> 1459.4167 | B102: 1437.417 | C102: =YEAR(G102) -> 2025 | D102: =+'Fisico ASIG'!B102 -> 45992 | E102: 31 | F102: lun | G102: 46013 | H102: 28 | I102: =AI102/A102 -> 4.8642721 | J102: =+AL102/A102 -> 5.7816249 | L102: 27 | M102: 71.5 | N102: =+AN102+AO102+AP102 -> 38.703821 | O102: 119.88905 | P102: =SUMPRODUCT(H102:O102,'Fisico ASIG'!F102:M102)*24 -> 8142109.7 | Q102: 0 | R102: =+AJ102*AK102/A102 -> 5574.4373 | S102: =+AM102/A102 -> 1706.1611 | U102: 18000 | V102: 0 | W102: 21900 | X102: 0 | Y102: =SUMPRODUCT(Q102:X102,'Fisico ASIG'!O102:V102)/E102 -> 5461613.2 | Z102: =+(P102+Y102) -> 13603723 | AA102: =+Z102/'Fisico ASIG'!N102/24 -> 65.328749 | AB102: =+$AB$16*375/0.52/730 -> 15.806112 | AC102: =+AA102-AB102 -> 49.522637 | AI102: 7099 | AJ102: 5649602 | AK102: =1.2*1.2 -> 1.44 | AL102: =4060+1627*1.4+2100 -> 8437.8 | AM102: 2490000 | AN102: 34.575008 | AO102: =0.075*0.9*(AN102-6) -> 1.928813 | AP102: 2.2
A103: =+A102 -> 1459.4167 | B103: 1437.417 | C103: =YEAR(G103) -> 2025 | D103: =+'Fisico ASIG'!B103 -> 45992 | E103: 31 | F103: mar | G103: 46014 | H103: 28 | I103: =AI103/A103 -> 4.8642721 | J103: =+AL103/A103 -> 5.7816249 | L103: 27 | M103: 71.5 | N103: =+AN103+AO103+AP103 -> 40.15137 | O103: 119.83885 | P103: =SUMPRODUCT(H103:O103,'Fisico ASIG'!F103:M103)*24 -> 9342403.9 | Q103: 0 | R103: =+AJ103*AK103/A103 -> 5574.4373 | S103: =+AM103/A103 -> 1706.1611 | U103: 18000 | V103: 0 | W103: 21900 | X103: 0 | Y103: =SUMPRODUCT(Q103:X103,'Fisico ASIG'!O103:V103)/E103 -> 5569416.8 | Z103: =+(P103+Y103) -> 14911821 | AA103: =+Z103/'Fisico ASIG'!N103/24 -> 60.802257 | AB103: =+$AB$16*375/0.52/730 -> 15.806112 | AC103: =+AA103-AB103 -> 44.996145 | AI103: 7099 | AJ103: 5649602 | AK103: =1.2*1.2 -> 1.44 | AL103: =4060+1627*1.4+2100 -> 8437.8 | AM103: 2490000 | AN103: 35.931026 | AO103: =0.075*0.9*(AN103-6) -> 2.0203442 | AP103: 2.2
A104: =+A103 -> 1459.4167 | B104: 1437.417 | C104: =YEAR(G104) -> 2025 | D104: =+'Fisico ASIG'!B104 -> 45992 | E104: 31 | F104: mié | G104: 46015 | H104: 28 | I104: =AI104/A104 -> 4.8642721 | J104: =+AL104/A104 -> 5.7816249 | L104: 27 | M104: 71.5 | N104: =+AN104+AO104+AP104 -> 39.820976 | O104: 119.83959 | P104: =SUMPRODUCT(H104:O104,'Fisico ASIG'!F104:M104)*24 -> 9244047.3 | Q104: 0 | R104: =+AJ104*AK104/A104 -> 5574.4373 | S104: =+AM104/A104 -> 1706.1611 | U104: 18000 | V104: 0 | W104: 21900 | X104: 0 | Y104: =SUMPRODUCT(Q104:X104,'Fisico ASIG'!O104:V104)/E104 -> 5570853.7 | Z104: =+(P104+Y104) -> 14814901 | AA104: =+Z104/'Fisico ASIG'!N104/24 -> 60.369524 | AB104: =+$AB$16*375/0.52/730 -> 15.806112 | AC104: =+AA104-AB104 -> 44.563412 | AI104: 7099 | AJ104: 5649602 | AK104: =1.2*1.2 -> 1.44 | AL104: =4060+1627*1.4+2100 -> 8437.8 | AM104: 2490000 | AN104: 35.621523 | AO104: =0.075*0.9*(AN104-6) -> 1.9994528 | AP104: 2.2
A105: =+A104 -> 1459.4167 | B105: 1437.417 | C105: =YEAR(G105) -> 2025 | D105: =+'Fisico ASIG'!B105 -> 45992 | E105: 31 | F105: jue | G105: 46016 | H105: 28 | I105: =AI105/A105 -> 4.8642721 | J105: =+AL105/A105 -> 5.7816249 | L105: 27 | M105: 71.5 | N105: =+AN105+AO105+AP105 -> 39.135511 | O105: 120 | P105: =SUMPRODUCT(H105:O105,'Fisico ASIG'!F105:M105)*24 -> 6963726.3 | Q105: 0 | R105: =+AJ105*AK105/A105 -> 5574.4373 | S105: =+AM105/A105 -> 1706.1611 | U105: 18000 | V105: 0 | W105: 21900 | X105: 0 | Y105: =SUMPRODUCT(Q105:X105,'Fisico ASIG'!O105:V105)/E105 -> 5529595.6 | Z105: =+(P105+Y105) -> 12493322 | AA105: =+Z105/'Fisico ASIG'!N105/24 -> 67.776056 | AB105: =+$AB$16*375/0.52/730 -> 15.806112 | AC105: =+AA105-AB105 -> 51.969945 | AI105: 7099 | AJ105: 5649602 | AK105: =1.2*1.2 -> 1.44 | AL105: =4060+1627*1.4+2100 -> 8437.8 | AM105: 2490000 | AN105: 34.979402 | AO105: =0.075*0.9*(AN105-6) -> 1.9561096 | AP105: 2.2
A106: =+A105 -> 1459.4167 | B106: 1437.417 | C106: =YEAR(G106) -> 2025 | D106: =+'Fisico ASIG'!B106 -> 45992 | E106: 31 | F106: vie | G106: 46017 | H106: 28 | I106: =AI106/A106 -> 4.8642721 | J106: =+AL106/A106 -> 5.7816249 | L106: 27 | M106: 71.5 | N106: =+AN106+AO106+AP106 -> 39.242795 | O106: 119.86592 | P106: =SUMPRODUCT(H106:O106,'Fisico ASIG'!F106:M106)*24 -> 8688614.7 | Q106: 0 | R106: =+AJ106*AK106/A106 -> 5574.4373 | S106: =+AM106/A106 -> 1706.1611 | U106: 18000 | V106: 0 | W106: 21900 | X106: 0 | Y106: =SUMPRODUCT(Q106:X106,'Fisico ASIG'!O106:V106)/E106 -> 5513668.2 | Z106: =+(P106+Y106) -> 14202283 | AA106: =+Z106/'Fisico ASIG'!N106/24 -> 61.168835 | AB106: =+$AB$16*375/0.52/730 -> 15.806112 | AC106: =+AA106-AB106 -> 45.362724 | AI106: 7099 | AJ106: 5649602 | AK106: =1.2*1.2 -> 1.44 | AL106: =4060+1627*1.4+2100 -> 8437.8 | AM106: 2490000 | AN106: 35.079902 | AO106: =0.075*0.9*(AN106-6) -> 1.9628934 | AP106: 2.2
A107: =+A106 -> 1459.4167 | B107: 1437.417 | C107: =YEAR(G107) -> 2025 | D107: =+'Fisico ASIG'!B107 -> 45992 | E107: 31 | F107: sáb | G107: 46018 | H107: 28 | I107: =AI107/A107 -> 4.8642721 | J107: =+AL107/A107 -> 5.7816249 | L107: 27 | M107: 71.5 | N107: =+AN107+AO107+AP107 -> 38.747279 | O107: 114.01266 | P107: =SUMPRODUCT(H107:O107,'Fisico ASIG'!F107:M107)*24 -> 8403102.4 | Q107: 0 | R107: =+AJ107*AK107/A107 -> 5574.4373 | S107: =+AM107/A107 -> 1706.1611 | U107: 18000 | V107: 0 | W107: 21900 | X107: 0 | Y107: =SUMPRODUCT(Q107:X107,'Fisico ASIG'!O107:V107)/E107 -> 5469837.7 | Z107: =+(P107+Y107) -> 13872940 | AA107: =+Z107/'Fisico ASIG'!N107/24 -> 60.679224 | AB107: =+$AB$16*375/0.52/730 -> 15.806112 | AC107: =+AA107-AB107 -> 44.873112 | AI107: 7099 | AJ107: 5649602 | AK107: =1.2*1.2 -> 1.44 | AL107: =4060+1627*1.4+2100 -> 8437.8 | AM107: 2490000 | AN107: 34.615718 | AO107: =0.075*0.9*(AN107-6) -> 1.931561 | AP107: 2.2
A108: =+A107 -> 1459.4167 | B108: 1437.417 | C108: =YEAR(G108) -> 2025 | D108: =+'Fisico ASIG'!B108 -> 45992 | E108: 31 | F108: dom | G108: 46019 | H108: 28 | I108: =AI108/A108 -> 4.8642721 | J108: =+AL108/A108 -> 5.7816249 | L108: 27 | M108: 71.5 | N108: =+AN108+AO108+AP108 -> 38.594079 | O108: 66.899441 | P108: =SUMPRODUCT(H108:O108,'Fisico ASIG'!F108:M108)*24 -> 7356754.8 | Q108: 0 | R108: =+AJ108*AK108/A108 -> 5574.4373 | S108: =+AM108/A108 -> 1706.1611 | U108: 18000 | V108: 0 | W108: 21900 | X108: 0 | Y108: =SUMPRODUCT(Q108:X108,'Fisico ASIG'!O108:V108)/E108 -> 5600788.5 | Z108: =+(P108+Y108) -> 12957543 | AA108: =+Z108/'Fisico ASIG'!N108/24 -> 67.390299 | AB108: =+$AB$16*375/0.52/730 -> 15.806112 | AC108: =+AA108-AB108 -> 51.584187 | AI108: 7099 | AJ108: 5649602 | AK108: =1.2*1.2 -> 1.44 | AL108: =4060+1627*1.4+2100 -> 8437.8 | AM108: 2490000 | AN108: 34.472205 | AO108: =0.075*0.9*(AN108-6) -> 1.9218738 | AP108: 2.2
A109: =+A108 -> 1459.4167 | B109: 1450.417 | C109: =YEAR(G109) -> 2025 | D109: =+'Fisico ASIG'!B109 -> 45992 | E109: 31 | F109: lun | G109: =+G108+1 -> 46020 | H109: 28 | I109: =AI109/A109 -> 4.8642721 | J109: =+AL109/A109 -> 5.7816249 | L109: 27 | M109: 71.5 | N109: =+AN109+AO109+AP109 -> 45.777367 | O109: 88.714526 | P109: =SUMPRODUCT(H109:O109,'Fisico ASIG'!F109:M109)*24 -> 10576729 | Q109: 0 | R109: =+AJ109*AK109/A109 -> 5574.4373 | S109: =+AM109/A109 -> 1706.1611 | U109: 18000 | V109: 0 | W109: 21900 | X109: 0 | Y109: =SUMPRODUCT(Q109:X109,'Fisico ASIG'!O109:V109)/E109 -> 5564867.3 | Z109: =+(P109+Y109) -> 16141596 | AA109: =+Z109/'Fisico ASIG'!N109/24 -> 66.639511 | AB109: =+$AB$16*375/0.52/730 -> 15.806112 | AC109: =+AA109-AB109 -> 50.833399 | AI109: 7099 | AJ109: 5649602 | AK109: =1.2*1.2 -> 1.44 | AL109: =4060+1627*1.4+2100 -> 8437.8 | AM109: 2490000 | AN109: 41.201281 | AO109: =0.075*0.9*(AN109-6) -> 2.3760864 | AP109: 2.2
A110: =+A109 -> 1459.4167 | B110: 1450.417 | C110: =YEAR(G110) -> 2025 | D110: =+'Fisico ASIG'!B110 -> 45992 | E110: 31 | F110: mar | G110: =+G109+1 -> 46021 | H110: 28 | I110: =AI110/A110 -> 4.8642721 | J110: =+AL110/A110 -> 5.7816249 | L110: 27 | M110: 71.5 | N110: =+AN110+AO110+AP110 -> 49.846938 | O110: 79.578475 | P110: =SUMPRODUCT(H110:O110,'Fisico ASIG'!F110:M110)*24 -> 10716812 | Q110: 0 | R110: =+AJ110*AK110/A110 -> 5574.4373 | S110: =+AM110/A110 -> 1706.1611 | U110: 18000 | V110: 0 | W110: 21900 | X110: 0 | Y110: =SUMPRODUCT(Q110:X110,'Fisico ASIG'!O110:V110)/E110 -> 5712543.4 | Z110: =+(P110+Y110) -> 16429355 | AA110: =+Z110/'Fisico ASIG'!N110/24 -> 63.025879 | AB110: =+$AB$16*375/0.52/730 -> 15.806112 | AC110: =+AA110-AB110 -> 47.219768 | AI110: 7099 | AJ110: 5649602 | AK110: =1.2*1.2 -> 1.44 | AL110: =4060+1627*1.4+2100 -> 8437.8 | AM110: 2490000 | AN110: 45.013525 | AO110: =0.075*0.9*(AN110-6) -> 2.6334129 | AP110: 2.2
A111: =+A110 -> 1459.4167 | B111: 1450.417 | C111: =YEAR(G111) -> 2025 | D111: =+'Fisico ASIG'!B111 -> 45992 | E111: 31 | F111: mié | G111: =+G110+1 -> 46022 | H111: 28 | I111: =AI111/A111 -> 4.8642721 | J111: =+AL111/A111 -> 5.7816249 | L111: 27 | M111: 71.5 | N111: =+AN111+AO111+AP111 -> 41.763925 | O111: 48.71428 | P111: =SUMPRODUCT(H111:O111,'Fisico ASIG'!F111:M111)*24 -> 9562693.3 | Q111: 0 | R111: =+AJ111*AK111/A111 -> 5574.4373 | S111: =+AM111/A111 -> 1706.1611 | U111: 18000 | V111: 0 | W111: 21900 | X111: 0 | Y111: =SUMPRODUCT(Q111:X111,'Fisico ASIG'!O111:V111)/E111 -> 5542680.1 | Z111: =+(P111+Y111) -> 15105373 | AA111: =+Z111/'Fisico ASIG'!N111/24 -> 58.57096 | AB111: =+$AB$16*375/0.52/730 -> 15.806112 | AC111: =+AA111-AB111 -> 42.764849 | AI111: 7099 | AJ111: 5649602 | AK111: =1.2*1.2 -> 1.44 | AL111: =4060+1627*1.4+2100 -> 8437.8 | AM111: 2490000 | AN111: 37.441616 | AO111: =0.075*0.9*(AN111-6) -> 2.1223091 | AP111: 2.2
A112: =+'Mono SPOT MAT'!A112 -> 1447.6657 | B112: 1450.417 | C112: =YEAR(G112) -> 2026 | D112: =+'Fisico ASIG'!B112 -> 46023 | E112: 31 | F112: =+'Fisico ASIG'!D112 -> jue | G112: =+'Fisico ASIG'!E112 -> 46023 | H112: 28 | I112: =AI112/A112 -> 5.0018454 | J112: =+AL112/A112 -> 6.5099399 | L112: 27 | M112: 71.5 | N112: =+AN112+AO112+AP112+AQ112 -> 40.677889 | O112: 34.478271 | P112: =SUMPRODUCT(H112:O112,'Fisico ASIG'!F112:M112)*24 -> 7875779.8 | Q112: 0 | R112: =+AJ112*AK112/A112 -> 5732.0798 | S112: =+AM112/A112 -> 1775.2717 | U112: 18000 | V112: 0 | W112: 21900 | X112: 0 | Y112: =SUMPRODUCT(Q112:X112,'Fisico ASIG'!O112:V112)/E112 -> 5579344.8 | Z112: =+(P112+Y112) -> 13455125 | AA112: =+Z112/'Fisico ASIG'!N112/24 -> 64.068085 | AB112: =+$AB$16*375/0.52/730 -> 15.806112 | AC112: =+AA112-AB112 -> 48.261973 | AH112: Res. 34 => | AI112: 7241 | AJ112: 5762594 | AK112: =1.2*1.2 -> 1.44 | AL112: =4403+1752*1.4+(4403*2*5*1.4)/24 -> 9424.2167 | AM112: 2570000 | AN112: 37.688889 | AO112: =0.075*0.9*(AN112-6) -> 2.139 | AP112: 0 | AQ112: 0.85
A113: =+A112 -> 1447.6657 | B113: 1450.417 | C113: =YEAR(G113) -> 2026 | D113: =+'Fisico ASIG'!B113 -> 46023 | E113: 31 | F113: =+'Fisico ASIG'!D113 -> vie | G113: =+'Fisico ASIG'!E113 -> 46024 | H113: 28 | I113: =AI113/A113 -> 5.0018454 | J113: =+AL113/A113 -> 6.5099399 | L113: 27 | M113: 71.5 | N113: =+AN113+AO113+AP113+AQ113 -> 41.748865 | O113: 55.348343 | P113: =SUMPRODUCT(H113:O113,'Fisico ASIG'!F113:M113)*24 -> 7837056.5 | Q113: 0 | R113: =+AJ113*AK113/A113 -> 5732.0798 | S113: =+AM113/A113 -> 1775.2717 | U113: 18000 | V113: 0 | W113: 21900 | X113: 0 | Y113: =SUMPRODUCT(Q113:X113,'Fisico ASIG'!O113:V113)/E113 -> 5596205.1 | Z113: =+(P113+Y113) -> 13433262 | AA113: =+Z113/'Fisico ASIG'!N113/24 -> 62.876543 | AB113: =+$AB$16*375/0.52/730 -> 15.806112 | AC113: =+AA113-AB113 -> 47.070431 | AI113: 7241 | AJ113: 5762594 | AK113: =1.2*1.2 -> 1.44 | AL113: =4403+1752*1.4+(4403*2*5*1.4)/24 -> 9424.2167 | AM113: 2570000 | AN113: 38.692145 | AO113: =0.075*0.9*(AN113-6) -> 2.2067198 | AP113: 0 | AQ113: 0.85
A114: =+A113 -> 1447.6657 | B114: 1450.417 | C114: =YEAR(G114) -> 2026 | D114: =+'Fisico ASIG'!B114 -> 46023 | E114: 31 | F114: =+'Fisico ASIG'!D114 -> sáb | G114: =+'Fisico ASIG'!E114 -> 46025 | H114: 28 | I114: =AI114/A114 -> 5.0018454 | J114: =+AL114/A114 -> 6.5099399 | L114: 27 | M114: 71.5 | N114: =+AN114+AO114+AP114+AQ114 -> 41.75909 | O114: 38.717722 | P114: =SUMPRODUCT(H114:O114,'Fisico ASIG'!F114:M114)*24 -> 6363708.3 | Q114: 0 | R114: =+AJ114*AK114/A114 -> 5732.0798 | S114: =+AM114/A114 -> 1775.2717 | U114: 18000 | V114: 0 | W114: 21900 | X114: 0 | Y114: =SUMPRODUCT(Q114:X114,'Fisico ASIG'!O114:V114)/E114 -> 5613373.6 | Z114: =+(P114+Y114) -> 11977082 | AA114: =+Z114/'Fisico ASIG'!N114/24 -> 65.956512 | AB114: =+$AB$16*375/0.52/730 -> 15.806112 | AC114: =+AA114-AB114 -> 50.1504 | AI114: 7241 | AJ114: 5762594 | AK114: =1.2*1.2 -> 1.44 | AL114: =4403+1752*1.4+(4403*2*5*1.4)/24 -> 9424.2167 | AM114: 2570000 | AN114: 38.701724 | AO114: =0.075*0.9*(AN114-6) -> 2.2073664 | AP114: 0 | AQ114: 0.85
A115: =+A114 -> 1447.6657 | B115: 1450.417 | C115: =YEAR(G115) -> 2026 | D115: =+'Fisico ASIG'!B115 -> 46023 | E115: 31 | F115: =+'Fisico ASIG'!D115 -> dom | G115: =+'Fisico ASIG'!E115 -> 46026 | H115: 28 | I115: =AI115/A115 -> 5.0018454 | J115: =+AL115/A115 -> 6.5099399 | L115: 27 | M115: 71.5 | N115: =+AN115+AO115+AP115+AQ115 -> 41.383591 | O115: 37.456303 | P115: =SUMPRODUCT(H115:O115,'Fisico ASIG'!F115:M115)*24 -> 5892245.3 | Q115: 0 | R115: =+AJ115*AK115/A115 -> 5732.0798 | S115: =+AM115/A115 -> 1775.2717 | U115: 18000 | V115: 0 | W115: 21900 | X115: 0 | Y115: =SUMPRODUCT(Q115:X115,'Fisico ASIG'!O115:V115)/E115 -> 5623507 | Z115: =+(P115+Y115) -> 11515752 | AA115: =+Z115/'Fisico ASIG'!N115/24 -> 65.893342 | AB115: =+$AB$16*375/0.52/730 -> 15.806112 | AC115: =+AA115-AB115 -> 50.08723 | AI115: 7241 | AJ115: 5762594 | AK115: =1.2*1.2 -> 1.44 | AL115: =4403+1752*1.4+(4403*2*5*1.4)/24 -> 9424.2167 | AM115: 2570000 | AN115: 38.349968 | AO115: =0.075*0.9*(AN115-6) -> 2.1836228 | AP115: 0 | AQ115: 0.85
A116: =+A115 -> 1447.6657 | B116: 1450.417 | C116: =YEAR(G116) -> 2026 | D116: =+'Fisico ASIG'!B116 -> 46023 | E116: 31 | F116: =+'Fisico ASIG'!D116 -> lun | G116: =+'Fisico ASIG'!E116 -> 46027 | H116: 28 | I116: =AI116/A116 -> 5.0018454 | J116: =+AL116/A116 -> 6.5099399 | L116: 27 | M116: 71.5 | N116: =+AN116+AO116+AP116+AQ116 -> 40.249682 | O116: 59.126244 | P116: =SUMPRODUCT(H116:O116,'Fisico ASIG'!F116:M116)*24 -> 7808237.4 | Q116: 0 | R116: =+AJ116*AK116/A116 -> 5732.0798 | S116: =+AM116/A116 -> 1775.2717 | U116: 18000 | V116: 0 | W116: 21900 | X116: 0 | Y116: =SUMPRODUCT(Q116:X116,'Fisico ASIG'!O116:V116)/E116 -> 5621171 | Z116: =+(P116+Y116) -> 13429408 | AA116: =+Z116/'Fisico ASIG'!N116/24 -> 64.231325 | AB116: =+$AB$16*375/0.52/730 -> 15.806112 | AC116: =+AA116-AB116 -> 48.425213 | AI116: 7241 | AJ116: 5762594 | AK116: =1.2*1.2 -> 1.44 | AL116: =4403+1752*1.4+(4403*2*5*1.4)/24 -> 9424.2167 | AM116: 2570000 | AN116: 37.287758 | AO116: =0.075*0.9*(AN116-6) -> 2.1119237 | AP116: 0 | AQ116: 0.85
A117: =+A116 -> 1447.6657 | B117: 1450.417 | C117: =YEAR(G117) -> 2026 | D117: =+'Fisico ASIG'!B117 -> 46023 | E117: 31 | F117: =+'Fisico ASIG'!D117 -> mar | G117: =+'Fisico ASIG'!E117 -> 46028 | H117: 28 | I117: =AI117/A117 -> 5.0018454 | J117: =+AL117/A117 -> 6.5099399 | L117: 27 | M117: 71.5 | N117: =+AN117+AO117+AP117+AQ117 -> 40.992008 | O117: 49.217655 | P117: =SUMPRODUCT(H117:O117,'Fisico ASIG'!F117:M117)*24 -> 8509077.1 | Q117: 0 | R117: =+AJ117*AK117/A117 -> 5732.0798 | S117: =+AM117/A117 -> 1775.2717 | U117: 18000 | V117: 0 | W117: 21900 | X117: 0 | Y117: =SUMPRODUCT(Q117:X117,'Fisico ASIG'!O117:V117)/E117 -> 5620620.4 | Z117: =+(P117+Y117) -> 14129698 | AA117: =+Z117/'Fisico ASIG'!N117/24 -> 61.637048 | AB117: =+$AB$16*375/0.52/730 -> 15.806112 | AC117: =+AA117-AB117 -> 45.830936 | AI117: 7241 | AJ117: 5762594 | AK117: =1.2*1.2 -> 1.44 | AL117: =4403+1752*1.4+(4403*2*5*1.4)/24 -> 9424.2167 | AM117: 2570000 | AN117: 37.983146 | AO117: =0.075*0.9*(AN117-6) -> 2.1588624 | AP117: 0 | AQ117: 0.85
A118: =+A117 -> 1447.6657 | B118: 1450.417 | C118: =YEAR(G118) -> 2026 | D118: =+'Fisico ASIG'!B118 -> 46023 | E118: 31 | F118: =+'Fisico ASIG'!D118 -> mié | G118: =+'Fisico ASIG'!E118 -> 46029 | H118: 28 | I118: =AI118/A118 -> 5.0018454 | J118: =+AL118/A118 -> 6.5099399 | L118: 27 | M118: 71.5 | N118: =+AN118+AO118+AP118+AQ118 -> 40.500689 | O118: 41.707085 | P118: =SUMPRODUCT(H118:O118,'Fisico ASIG'!F118:M118)*24 -> 7950459.9 | Q118: 0 | R118: =+AJ118*AK118/A118 -> 5732.0798 | S118: =+AM118/A118 -> 1775.2717 | U118: 18000 | V118: 0 | W118: 21900 | X118: 0 | Y118: =SUMPRODUCT(Q118:X118,'Fisico ASIG'!O118:V118)/E118 -> 5623066.6 | Z118: =+(P118+Y118) -> 13573526 | AA118: =+Z118/'Fisico ASIG'!N118/24 -> 62.485193 | AB118: =+$AB$16*375/0.52/730 -> 15.806112 | AC118: =+AA118-AB118 -> 46.679081 | AI118: 7241 | AJ118: 5762594 | AK118: =1.2*1.2 -> 1.44 | AL118: =4403+1752*1.4+(4403*2*5*1.4)/24 -> 9424.2167 | AM118: 2570000 | AN118: 37.522894 | AO118: =0.075*0.9*(AN118-6) -> 2.1277953 | AP118: 0 | AQ118: 0.85
A119: =+A118 -> 1447.6657 | B119: 1450.417 | C119: =YEAR(G119) -> 2026 | D119: =+'Fisico ASIG'!B119 -> 46023 | E119: 31 | F119: =+'Fisico ASIG'!D119 -> jue | G119: =+'Fisico ASIG'!E119 -> 46030 | H119: 28 | I119: =AI119/A119 -> 5.0018454 | J119: =+AL119/A119 -> 6.5099399 | L119: 27 | M119: 71.5 | N119: =+AN119+AO119+AP119+AQ119 -> 40.626466 | O119: 43.099014 | P119: =SUMPRODUCT(H119:O119,'Fisico ASIG'!F119:M119)*24 -> 7288278.7 | Q119: 0 | R119: =+AJ119*AK119/A119 -> 5732.0798 | S119: =+AM119/A119 -> 1775.2717 | U119: 18000 | V119: 0 | W119: 21900 | X119: 0 | Y119: =SUMPRODUCT(Q119:X119,'Fisico ASIG'!O119:V119)/E119 -> 5476147.2 | Z119: =+(P119+Y119) -> 12764426 | AA119: =+Z119/'Fisico ASIG'!N119/24 -> 64.891477 | AB119: =+$AB$16*375/0.52/730 -> 15.806112 | AC119: =+AA119-AB119 -> 49.085366 | AI119: 7241 | AJ119: 5762594 | AK119: =1.2*1.2 -> 1.44 | AL119: =4403+1752*1.4+(4403*2*5*1.4)/24 -> 9424.2167 | AM119: 2570000 | AN119: 37.640718 | AO119: =0.075*0.9*(AN119-6) -> 2.1357484 | AP119: 0 | AQ119: 0.85
A120: =+A119 -> 1447.6657 | B120: 1450.417 | C120: =YEAR(G120) -> 2026 | D120: =+'Fisico ASIG'!B120 -> 46023 | E120: 31 | F120: =+'Fisico ASIG'!D120 -> vie | G120: =+'Fisico ASIG'!E120 -> 46031 | H120: 28 | I120: =AI120/A120 -> 5.0018454 | J120: =+AL120/A120 -> 6.5099399 | K120: =3.5+1.9+(3.5*2*5+3.5*5)/24 -> 7.5875 | L120: 27 | M120: 71.5 | N120: =+AN120+AO120+AP120+AQ120 -> 40.143533 | O120: 42.839745 | P120: =SUMPRODUCT(H120:O120,'Fisico ASIG'!F120:M120)*24 -> 6834393.7 | Q120: 0 | R120: =+AJ120*AK120/A120 -> 5732.0798 | S120: =+AM120/A120 -> 2832.1456 | T120: =+(4000*1759+465*1759*1.2)/(4000+465) -> 1795.6376 | U120: 18000 | V120: 0 | W120: 21900 | X120: 0 | Y120: =SUMPRODUCT(Q120:X120,'Fisico ASIG'!O120:V120)/E120 -> 5510736.3 | Z120: =+(P120+Y120) -> 12345130 | AA120: =+Z120/'Fisico ASIG'!N120/24 -> 66.192726 | AB120: =+$AB$16*375/0.52/730 -> 15.806112 | AC120: =+AA120-AB120 -> 50.386614 | AI120: 7241 | AJ120: 5762594 | AK120: =1.2*1.2 -> 1.44 | AL120: =4403+1752*1.4+(4403*2*5*1.4)/24 -> 9424.2167 | AM120: 4100000 | AN120: 37.188321 | AO120: =0.075*0.9*(AN120-6) -> 2.1052117 | AP120: 0 | AQ120: 0.85
A121: =+A120 -> 1447.6657 | B121: 1450.417 | C121: =YEAR(G121) -> 2026 | D121: =+'Fisico ASIG'!B121 -> 46023 | E121: 31 | F121: =+'Fisico ASIG'!D121 -> sáb | G121: =+'Fisico ASIG'!E121 -> 46032 | H121: 28 | I121: =AI121/A121 -> 5.0018454 | J121: =+AL121/A121 -> 6.5099399 | K121: =3.5+1.9+(3.5*2*5+3.5*5)/24 -> 7.5875 | L121: 27 | M121: 71.5 | N121: =+AN121+AO121+AP121+AQ121 -> 41.078684 | O121: 41.847109 | P121: =SUMPRODUCT(H121:O121,'Fisico ASIG'!F121:M121)*24 -> 6527369.1 | Q121: 0 | R121: =+AJ121*AK121/A121 -> 5732.0798 | S121: =+AM121/A121 -> 2832.1456 | T121: =+(4000*1759+465*1759*1.2)/(4000+465) -> 1795.6376 | U121: 18000 | V121: 0 | W121: 21900 | X121: 0 | Y121: =SUMPRODUCT(Q121:X121,'Fisico ASIG'!O121:V121)/E121 -> 5333311 | Z121: =+(P121+Y121) -> 11860680 | AA121: =+Z121/'Fisico ASIG'!N121/24 -> 65.607898 | AB121: =+$AB$16*375/0.52/730 -> 15.806112 | AC121: =+AA121-AB121 -> 49.801787 | AI121: 7241 | AJ121: 5762594 | AK121: =1.2*1.2 -> 1.44 | AL121: =4403+1752*1.4+(4403*2*5*1.4)/24 -> 9424.2167 | AM121: 4100000 | AN121: 38.064341 | AO121: =0.075*0.9*(AN121-6) -> 2.164343 | AP121: 0 | AQ121: 0.85
A122: =+A121 -> 1447.6657 | B122: 1450.417 | C122: =YEAR(G122) -> 2026 | D122: =+'Fisico ASIG'!B122 -> 46023 | E122: 31 | F122: =+'Fisico ASIG'!D122 -> dom | G122: =+'Fisico ASIG'!E122 -> 46033 | H122: 28 | I122: =AI122/A122 -> 5.0018454 | J122: =+AL122/A122 -> 6.5099399 | K122: =3.5+1.9+(3.5*2*5+3.5*5)/24 -> 7.5875 | L122: 27 | M122: 71.5 | N122: =+AN122+AO122+AP122+AQ122 -> 42.926599 | O122: 65.044002 | P122: =SUMPRODUCT(H122:O122,'Fisico ASIG'!F122:M122)*24 -> 7263787.3 | Q122: 0 | R122: =+AJ122*AK122/A122 -> 5732.0798 | S122: =+AM122/A122 -> 2832.1456 | T122: =+(4000*1759+465*1759*1.2)/(4000+465) -> 1795.6376 | U122: 18000 | V122: 0 | W122: 21900 | X122: 0 | Y122: =SUMPRODUCT(Q122:X122,'Fisico ASIG'!O122:V122)/E122 -> 5341711.2 | Z122: =+(P122+Y122) -> 12605498 | AA122: =+Z122/'Fisico ASIG'!N122/24 -> 66.510212 | AB122: =+$AB$16*375/0.52/730 -> 15.806112 | AC122: =+AA122-AB122 -> 50.7041 | AI122: 7241 | AJ122: 5762594 | AK122: =1.2*1.2 -> 1.44 | AL122: =4403+1752*1.4+(4403*2*5*1.4)/24 -> 9424.2167 | AM122: 4100000 | AN122: 39.795409 | AO122: =0.075*0.9*(AN122-6) -> 2.2811901 | AP122: 0 | AQ122: 0.85
A123: =+A122 -> 1447.6657 | B123: 1472.735 | C123: =YEAR(G123) -> 2026 | D123: =+'Fisico ASIG'!B123 -> 46023 | E123: 31 | F123: =+'Fisico ASIG'!D123 -> lun | G123: =+'Fisico ASIG'!E123 -> 46034 | H123: 28 | I123: =AI123/A123 -> 5.0018454 | J123: =+AL123/A123 -> 6.5099399 | K123: =3.5+1.9+(3.5*2*5+3.5*5)/24 -> 7.5875 | L123: 27 | M123: 71.5 | N123: =+AN123+AO123+AP123+AQ123 -> 41.596524 | O123: 54.788848 | P123: =SUMPRODUCT(H123:O123,'Fisico ASIG'!F123:M123)*24 -> 8694997.4 | Q123: 0 | R123: =+AJ123*AK123/A123 -> 5732.0798 | S123: =+AM123/A123 -> 2832.1456 | T123: =+(4000*1759+465*1759*1.2)/(4000+465) -> 1795.6376 | U123: 18000 | V123: 0 | W123: 21900 | X123: 0 | Y123: =SUMPRODUCT(Q123:X123,'Fisico ASIG'!O123:V123)/E123 -> 5653179.6 | Z123: =+(P123+Y123) -> 14348177 | AA123: =+Z123/'Fisico ASIG'!N123/24 -> 58.906847 | AB123: =+$AB$16*375/0.52/730 -> 15.806112 | AC123: =+AA123-AB123 -> 43.100735 | AI123: 7241 | AJ123: 5762594 | AK123: =1.2*1.2 -> 1.44 | AL123: =4403+1752*1.4+(4403*2*5*1.4)/24 -> 9424.2167 | AM123: 4100000 | AN123: 38.549437 | AO123: =0.075*0.9*(AN123-6) -> 2.197087 | AP123: 0 | AQ123: 0.85
A124: =+A123 -> 1447.6657 | B124: 1472.735 | C124: =YEAR(G124) -> 2026 | D124: =+'Fisico ASIG'!B124 -> 46023 | E124: 31 | F124: =+'Fisico ASIG'!D124 -> mar | G124: =+'Fisico ASIG'!E124 -> 46035 | H124: 28 | I124: =AI124/A124 -> 5.0018454 | J124: =+AL124/A124 -> 6.5099399 | K124: =3.5+1.9+(3.5*2*5+3.5*5)/24 -> 7.5875 | L124: 27 | M124: 71.5 | N124: =+AN124+AO124+AP124+AQ124 -> 40.283767 | O124: 43.855747 | P124: =SUMPRODUCT(H124:O124,'Fisico ASIG'!F124:M124)*24 -> 8664464.8 | Q124: 0 | R124: =+AJ124*AK124/A124 -> 5732.0798 | S124: =+AM124/A124 -> 2832.1456 | T124: =+(4000*1759+465*1759*1.2)/(4000+465) -> 1795.6376 | U124: 18000 | V124: 0 | W124: 21900 | X124: 0 | Y124: =SUMPRODUCT(Q124:X124,'Fisico ASIG'!O124:V124)/E124 -> 5818269.4 | Z124: =+(P124+Y124) -> 14482734 | AA124: =+Z124/'Fisico ASIG'!N124/24 -> 58.514232 | AB124: =+$AB$16*375/0.52/730 -> 15.806112 | AC124: =+AA124-AB124 -> 42.708121 | AI124: 7241 | AJ124: 5762594 | AK124: =1.2*1.2 -> 1.44 | AL124: =4403+1752*1.4+(4403*2*5*1.4)/24 -> 9424.2167 | AM124: 4100000 | AN124: 37.319688 | AO124: =0.075*0.9*(AN124-6) -> 2.114079 | AP124: 0 | AQ124: 0.85
A125: =+A124 -> 1447.6657 | B125: 1472.735 | C125: =YEAR(G125) -> 2026 | D125: =+'Fisico ASIG'!B125 -> 46023 | E125: 31 | F125: =+'Fisico ASIG'!D125 -> mié | G125: =+'Fisico ASIG'!E125 -> 46036 | H125: 28 | I125: =AI125/A125 -> 5.0018454 | J125: =+AL125/A125 -> 6.5099399 | K125: =3.5+1.9+(3.5*2*5+3.5*5)/24 -> 7.5875 | L125: 27 | M125: 71.5 | N125: =+AN125+AO125+AP125+AQ125 -> 44.779551 | O125: 119.86067 | P125: =SUMPRODUCT(H125:O125,'Fisico ASIG'!F125:M125)*24 -> 10007944 | Q125: 0 | R125: =+AJ125*AK125/A125 -> 5732.0798 | S125: =+AM125/A125 -> 2832.1456 | T125: =+(4000*1759+465*1759*1.2)/(4000+465) -> 1795.6376 | U125: 18000 | V125: 0 | W125: 21900 | X125: 0 | Y125: =SUMPRODUCT(Q125:X125,'Fisico ASIG'!O125:V125)/E125 -> 5736095.4 | Z125: =+(P125+Y125) -> 15744040 | AA125: =+Z125/'Fisico ASIG'!N125/24 -> 61.559816 | AB125: =+$AB$16*375/0.52/730 -> 15.806112 | AC125: =+AA125-AB125 -> 45.753704 | AI125: 7241 | AJ125: 5762594 | AK125: =1.2*1.2 -> 1.44 | AL125: =4403+1752*1.4+(4403*2*5*1.4)/24 -> 9424.2167 | AM125: 4100000 | AN125: 41.531195 | AO125: =0.075*0.9*(AN125-6) -> 2.3983557 | AP125: 0 | AQ125: 0.85
A126: =+A125 -> 1447.6657 | B126: 1472.735 | C126: =YEAR(G126) -> 2026 | D126: =+'Fisico ASIG'!B126 -> 46023 | E126: 31 | F126: =+'Fisico ASIG'!D126 -> jue | G126: =+'Fisico ASIG'!E126 -> 46037 | H126: 28 | I126: =AI126/A126 -> 5.0018454 | J126: =+AL126/A126 -> 6.5099399 | K126: =3.5+1.9+(3.5*2*5+3.5*5)/24 -> 7.5875 | L126: 27 | M126: 71.5 | N126: =+AN126+AO126+AP126+AQ126 -> 45.88304 | O126: 119.86452 | P126: =SUMPRODUCT(H126:O126,'Fisico ASIG'!F126:M126)*24 -> 10296195 | Q126: 0 | R126: =+AJ126*AK126/A126 -> 5732.0798 | S126: =+AM126/A126 -> 2832.1456 | T126: =+(4000*1759+465*1759*1.2)/(4000+465) -> 1795.6376 | U126: 18000 | V126: 0 | W126: 21900 | X126: 0 | Y126: =SUMPRODUCT(Q126:X126,'Fisico ASIG'!O126:V126)/E126 -> 5655472.1 | Z126: =+(P126+Y126) -> 15951667 | AA126: =+Z126/'Fisico ASIG'!N126/24 -> 63.711514 | AB126: =+$AB$16*375/0.52/730 -> 15.806112 | AC126: =+AA126-AB126 -> 47.905402 | AI126: 7241 | AJ126: 5762594 | AK126: =1.2*1.2 -> 1.44 | AL126: =4403+1752*1.4+(4403*2*5*1.4)/24 -> 9424.2167 | AM126: 4100000 | AN126: 42.564908 | AO126: =0.075*0.9*(AN126-6) -> 2.4681313 | AP126: 0 | AQ126: 0.85
A127: =+A126 -> 1447.6657 | B127: 1472.735 | C127: =YEAR(G127) -> 2026 | D127: =+'Fisico ASIG'!B127 -> 46023 | E127: 31 | F127: =+'Fisico ASIG'!D127 -> vie | G127: =+'Fisico ASIG'!E127 -> 46038 | H127: 28 | I127: =AI127/A127 -> 5.0018454 | J127: =+AL127/A127 -> 6.5099399 | K127: =3.5+1.9+(3.5*2*5+3.5*5)/24 -> 7.5875 | L127: 27 | M127: 71.5 | N127: =+AN127+AO127+AP127+AQ127 -> 47.039556 | O127: 119.89926 | P127: =SUMPRODUCT(H127:O127,'Fisico ASIG'!F127:M127)*24 -> 9398492.2 | Q127: 0 | R127: =+AJ127*AK127/A127 -> 5732.0798 | S127: =+AM127/A127 -> 2832.1456 | T127: =+(4000*1759+465*1759*1.2)/(4000+465) -> 1795.6376 | U127: 18000 | V127: 0 | W127: 21900 | X127: 0 | Y127: =SUMPRODUCT(Q127:X127,'Fisico ASIG'!O127:V127)/E127 -> 5304539.1 | Z127: =+(P127+Y127) -> 14703031 | AA127: =+Z127/'Fisico ASIG'!N127/24 -> 66.98377 | AB127: =+$AB$16*375/0.52/730 -> 15.806112 | AC127: =+AA127-AB127 -> 51.177659 | AI127: 7241 | AJ127: 5762594 | AK127: =1.2*1.2 -> 1.44 | AL127: =4403+1752*1.4+(4403*2*5*1.4)/24 -> 9424.2167 | AM127: 4100000 | AN127: 43.648296 | AO127: =0.075*0.9*(AN127-6) -> 2.54126 | AP127: 0 | AQ127: 0.85
A128: =+A127 -> 1447.6657 | B128: 1472.735 | C128: =YEAR(G128) -> 2026 | D128: =+'Fisico ASIG'!B128 -> 46023 | E128: 31 | F128: =+'Fisico ASIG'!D128 -> sáb | G128: =+'Fisico ASIG'!E128 -> 46039 | H128: 28 | I128: =AI128/A128 -> 5.0018454 | J128: =+AL128/A128 -> 6.5099399 | K128: =3.5+1.9+(3.5*2*5+3.5*5)/24 -> 7.5875 | L128: 27 | M128: 71.5 | N128: =+AN128+AO128+AP128+AQ128 -> 42.698781 | O128: 119.86486 | P128: =SUMPRODUCT(H128:O128,'Fisico ASIG'!F128:M128)*24 -> 8695143.6 | Q128: 0 | R128: =+AJ128*AK128/A128 -> 5732.0798 | S128: =+AM128/A128 -> 2832.1456 | T128: =+(4000*1759+465*1759*1.2)/(4000+465) -> 1795.6376 | U128: 18000 | V128: 0 | W128: 21900 | X128: 0 | Y128: =SUMPRODUCT(Q128:X128,'Fisico ASIG'!O128:V128)/E128 -> 5188722.1 | Z128: =+(P128+Y128) -> 13883866 | AA128: =+Z128/'Fisico ASIG'!N128/24 -> 64.926266 | AB128: =+$AB$16*375/0.52/730 -> 15.806112 | AC128: =+AA128-AB128 -> 49.120154 | AI128: 7241 | AJ128: 5762594 | AK128: =1.2*1.2 -> 1.44 | AL128: =4403+1752*1.4+(4403*2*5*1.4)/24 -> 9424.2167 | AM128: 4100000 | AN128: 39.581997 | AO128: =0.075*0.9*(AN128-6) -> 2.2667848 | AP128: 0 | AQ128: 0.85
A129: =+A128 -> 1447.6657 | B129: 1472.735 | C129: =YEAR(G129) -> 2026 | D129: =+'Fisico ASIG'!B129 -> 46023 | E129: 31 | F129: =+'Fisico ASIG'!D129 -> dom | G129: =+'Fisico ASIG'!E129 -> 46040 | H129: 28 | I129: =AI129/A129 -> 5.0018454 | J129: =+AL129/A129 -> 6.5099399 | K129: =3.5+1.9+(3.5*2*5+3.5*5)/24 -> 7.5875 | L129: 27 | M129: 71.5 | N129: =+AN129+AO129+AP129+AQ129 -> 40.793931 | O129: 30.579942 | P129: =SUMPRODUCT(H129:O129,'Fisico ASIG'!F129:M129)*24 -> 6715585.8 | Q129: 0 | R129: =+AJ129*AK129/A129 -> 5732.0798 | S129: =+AM129/A129 -> 2832.1456 | T129: =+(4000*1759+465*1759*1.2)/(4000+465) -> 1795.6376 | U129: 18000 | V129: 0 | W129: 21900 | X129: 0 | Y129: =SUMPRODUCT(Q129:X129,'Fisico ASIG'!O129:V129)/E129 -> 5348791.8 | Z129: =+(P129+Y129) -> 12064378 | AA129: =+Z129/'Fisico ASIG'!N129/24 -> 69.563969 | AB129: =+$AB$16*375/0.52/730 -> 15.806112 | AC129: =+AA129-AB129 -> 53.757857 | AI129: 7241 | AJ129: 5762594 | AK129: =1.2*1.2 -> 1.44 | AL129: =4403+1752*1.4+(4403*2*5*1.4)/24 -> 9424.2167 | AM129: 4100000 | AN129: 37.797593 | AO129: =0.075*0.9*(AN129-6) -> 2.1463376 | AP129: 0 | AQ129: 0.85
A130: =+A129 -> 1447.6657 | B130: 1472.735 | C130: =YEAR(G130) -> 2026 | D130: =+'Fisico ASIG'!B130 -> 46023 | E130: 31 | F130: =+'Fisico ASIG'!D130 -> lun | G130: =+'Fisico ASIG'!E130 -> 46041 | H130: 28 | I130: =AI130/A130 -> 5.0018454 | J130: =+AL130/A130 -> 6.5099399 | K130: =3.5+1.9+(3.5*2*5+3.5*5)/24 -> 7.5875 | L130: 27 | M130: 71.5 | N130: =+AN130+AO130+AP130+AQ130 -> 39.732725 | O130: 112.63788 | P130: =SUMPRODUCT(H130:O130,'Fisico ASIG'!F130:M130)*24 -> 7529919.4 | Q130: 0 | R130: =+AJ130*AK130/A130 -> 5732.0798 | S130: =+AM130/A130 -> 2832.1456 | T130: =+(4000*1759+465*1759*1.2)/(4000+465) -> 1795.6376 | U130: 18000 | V130: 0 | W130: 21900 | X130: 0 | Y130: =SUMPRODUCT(Q130:X130,'Fisico ASIG'!O130:V130)/E130 -> 5562953.6 | Z130: =+(P130+Y130) -> 13092873 | AA130: =+Z130/'Fisico ASIG'!N130/24 -> 71.846355 | AB130: =+$AB$16*375/0.52/730 -> 15.806112 | AC130: =+AA130-AB130 -> 56.040243 | AI130: 7241 | AJ130: 5762594 | AK130: =1.2*1.2 -> 1.44 | AL130: =4403+1752*1.4+(4403*2*5*1.4)/24 -> 9424.2167 | AM130: 4100000 | AN130: 36.80349 | AO130: =0.075*0.9*(AN130-6) -> 2.0792356 | AP130: 0 | AQ130: 0.85
A131: =+A130 -> 1447.6657 | B131: 1472.735 | C131: =YEAR(G131) -> 2026 | D131: =+'Fisico ASIG'!B131 -> 46023 | E131: 31 | F131: =+'Fisico ASIG'!D131 -> mar | G131: =+'Fisico ASIG'!E131 -> 46042 | H131: 28 | I131: =AI131/A131 -> 5.0018454 | J131: =+AL131/A131 -> 6.5099399 | K131: =3.5+1.9+(3.5*2*5+3.5*5)/24 -> 7.5875 | L131: 27 | M131: 71.5 | N131: =+AN131+AO131+AP131+AQ131 -> 40.357673 | O131: 119.86128 | P131: =SUMPRODUCT(H131:O131,'Fisico ASIG'!F131:M131)*24 -> 7586444.6 | Q131: 0 | R131: =+AJ131*AK131/A131 -> 5732.0798 | S131: =+AM131/A131 -> 2832.1456 | T131: =+(4000*1759+465*1759*1.2)/(4000+465) -> 1795.6376 | U131: 18000 | V131: 0 | W131: 21900 | X131: 0 | Y131: =SUMPRODUCT(Q131:X131,'Fisico ASIG'!O131:V131)/E131 -> 5771203.1 | Z131: =+(P131+Y131) -> 13357648 | AA131: =+Z131/'Fisico ASIG'!N131/24 -> 70.539763 | AB131: =+$AB$16*375/0.52/730 -> 15.806112 | AC131: =+AA131-AB131 -> 54.733651 | AI131: 7241 | AJ131: 5762594 | AK131: =1.2*1.2 -> 1.44 | AL131: =4403+1752*1.4+(4403*2*5*1.4)/24 -> 9424.2167 | AM131: 4100000 | AN131: 37.388921 | AO131: =0.075*0.9*(AN131-6) -> 2.1187522 | AP131: 0 | AQ131: 0.85
... A141: =+A140 -> 1447.6657 | B141: 1472.735 | C141: =YEAR(G141) -> 2026 | D141: =+'Fisico ASIG'!B141 -> 46023 | E141: 31 | F141: =+'Fisico ASIG'!D141 -> vie | G141: =+'Fisico ASIG'!E141 -> 46052 | H141: 28 | I141: =AI141/A141 -> 5.0018454 | J141: =+AL141/A141 -> 6.5099399 | K141: =3.5+1.9+(3.5*2*5+3.5*5)/24 -> 7.5875 | L141: 27 | M141: 71.5 | N141: =+AN141+AO141+AP141+AQ141 -> 45.923559 | O141: 115.10715 | P141: =SUMPRODUCT(H141:O141,'Fisico ASIG'!F141:M141)*24 -> 10378655 | Q141: 0 | R141: =+AJ141*AK141/A141 -> 5732.0798 | S141: =+AM141/A141 -> 2832.1456 | T141: =+(4000*1759+465*1759*1.2)/(4000+465) -> 1795.6376 | U141: 18000 | V141: 0 | W141: 21900 | X141: 0 | Y141: =SUMPRODUCT(Q141:X141,'Fisico ASIG'!O141:V141)/E141 -> 5753753.7 | Z141: =+(P141+Y141) -> 16132409 | AA141: =+Z141/'Fisico ASIG'!N141/24 -> 68.821863 | AB141: =+$AB$16*375/0.52/730 -> 15.806112 | AC141: =+AA141-AB141 -> 53.015751 | AI141: 7241 | AJ141: 5762594 | AK141: =1.2*1.2 -> 1.44 | AL141: =4403+1752*1.4+(4403*2*5*1.4)/24 -> 9424.2167 | AM141: 4100000 | AN141: 42.602866 | AO141: =0.075*0.9*(AN141-6) -> 2.4706934 | AP141: 0 | AQ141: 0.85
A142: =+A133 -> 1447.6657 | B142: 1472.735 | C142: =YEAR(G142) -> 2026 | D142: =+'Fisico ASIG'!B142 -> 46023 | E142: 31 | F142: =+'Fisico ASIG'!D142 -> sáb | G142: =+'Fisico ASIG'!E142 -> 46053 | H142: 28 | I142: =AI142/A142 -> 5.0018454 | J142: =+AL142/A142 -> 6.5099399 | K142: =3.5+1.9+(3.5*2*5+3.5*5)/24 -> 7.5875 | L142: 27 | M142: 71.5 | N142: =+AN142+AO142+AP142+AQ142 -> 45.476543 | O142: 115.09717 | P142: =SUMPRODUCT(H142:O142,'Fisico ASIG'!F142:M142)*24 -> 9996232 | Q142: 0 | R142: =+AJ142*AK142/A142 -> 5732.0798 | S142: =+AM142/A142 -> 2832.1456 | T142: =+(4000*1759+465*1759*1.2)/(4000+465) -> 1795.6376 | U142: 18000 | V142: 0 | W142: 21900 | X142: 0 | Y142: =SUMPRODUCT(Q142:X142,'Fisico ASIG'!O142:V142)/E142 -> 5735859.5 | Z142: =+(P142+Y142) -> 15732091 | AA142: =+Z142/'Fisico ASIG'!N142/24 -> 73.51756 | AB142: =+$AB$16*375/0.52/730 -> 15.806112 | AC142: =+AA142-AB142 -> 57.711449 | AI142: 7241 | AJ142: 5762594 | AK142: =1.2*1.2 -> 1.44 | AL142: =4403+1752*1.4+(4403*2*5*1.4)/24 -> 9424.2167 | AM142: 4100000 | AN142: 42.184115 | AO142: =0.075*0.9*(AN142-6) -> 2.4424278 | AP142: 0 | AQ142: 0.85
A143: 1408.96 | B143: 1472.735 | C143: =YEAR(G143) -> 2026 | D143: =+'Fisico ASIG'!B143 -> 46054 | E143: 28 | F143: =+'Fisico ASIG'!D143 -> dom | G143: =+'Fisico ASIG'!E143 -> 46054 | H143: 28 | I143: =AI143/A143 -> 5.1392516 | J143: =+AL143/A143 -> 6.6887752 | K143: =3.5+1.9+(3.5*2*5+3.5*5)/24 -> 7.5875 | L143: 27 | M143: 71.5 | N143: =+AN143+AO143+AP143+AQ143 -> 43.395581 | O143: 121.96282 | P143: =SUMPRODUCT(H143:O143,'Fisico ASIG'!F143:M143)*24 -> 9473633.2 | Q143: 0 | R143: =+AJ143*AK143/A143 -> 5889.5464 | S143: =+AM143/A143 -> 2909.9478 | T143: =+(4000*1759+465*1759*1.2)/(4000+465) -> 1795.6376 | U143: 18000 | V143: 0 | W143: 21900 | X143: 0 | Y143: =SUMPRODUCT(Q143:X143,'Fisico ASIG'!O143:V143)/E143 -> 6240519.8 | Z143: =+(P143+Y143) -> 15714153 | AA143: =+Z143/'Fisico ASIG'!N143/24 -> 79.435128 | AB143: =+$AB$16*336/0.52/672*1.1 -> 16.923077 | AC143: =+AA143-AB143 -> 62.512051 | AI143: 7241 | AJ143: 5762594 | AK143: =1.2*1.2 -> 1.44 | AL143: =4403+1752*1.4+(4403*2*5*1.4)/24 -> 9424.2167 | AM143: 4100000 | AN143: 40.234737 | AO143: =0.075*0.9*(AN143-6) -> 2.3108447 | AP143: 0 | AQ143: 0.85
A144: =+A143 -> 1408.96 | B144: 1438.46 | C144: =YEAR(G144) -> 2026 | D144: =+'Fisico ASIG'!B144 -> 46054 | E144: 28 | F144: =+'Fisico ASIG'!D144 -> lun | G144: =+'Fisico ASIG'!E144 -> 46055 | H144: 28 | I144: =AI144/A144 -> 5.1392516 | J144: =+AL144/A144 -> 6.6887752 | K144: =3.5+1.9+(3.5*2*5+3.5*5)/24 -> 7.5875 | L144: 27 | M144: 71.5 | N144: =+AN144+AO144+AP144+AQ144 -> 39.801818 | O144: 121.94672 | P144: =SUMPRODUCT(H144:O144,'Fisico ASIG'!F144:M144)*24 -> 10131285 | Q144: 0 | R144: =+AJ144*AK144/A144 -> 5889.5464 | S144: =+AM144/A144 -> 2909.9478 | T144: =+(4000*1759+465*1759*1.2)/(4000+465) -> 1795.6376 | U144: 18000 | V144: 0 | W144: 21900 | X144: 0 | Y144: =SUMPRODUCT(Q144:X144,'Fisico ASIG'!O144:V144)/E144 -> 6279364.4 | Z144: =+(P144+Y144) -> 16410649 | AA144: =+Z144/'Fisico ASIG'!N144/24 -> 69.64472 | AB144: =+$AB$16*336/0.52/672*1.1 -> 16.923077 | AC144: =+AA144-AB144 -> 52.721643 | AI144: 7241 | AJ144: 5762594 | AK144: =1.2*1.2 -> 1.44 | AL144: =4403+1752*1.4+(4403*2*5*1.4)/24 -> 9424.2167 | AM144: 4100000 | AN144: 36.868213 | AO144: =0.075*0.9*(AN144-6) -> 2.0836044 | AP144: 0 | AQ144: 0.85
A145: =+A144 -> 1408.96 | B145: 1438.46 | C145: =YEAR(G145) -> 2026 | D145: =+'Fisico ASIG'!B145 -> 46054 | E145: 28 | F145: =+'Fisico ASIG'!D145 -> mar | G145: =+'Fisico ASIG'!E145 -> 46056 | H145: 28 | I145: =AI145/A145 -> 5.1392516 | J145: =+AL145/A145 -> 6.6887752 | K145: =3.5+1.9+(3.5*2*5+3.5*5)/24 -> 7.5875 | L145: 27 | M145: 71.5 | N145: =+AN145+AO145+AP145+AQ145 -> 43.618647 | O145: 121.95752 | P145: =SUMPRODUCT(H145:O145,'Fisico ASIG'!F145:M145)*24 -> 10246277 | Q145: 0 | R145: =+AJ145*AK145/A145 -> 5889.5464 | S145: =+AM145/A145 -> 2909.9478 | T145: =+(4000*1759+465*1759*1.2)/(4000+465) -> 1795.6376 | U145: 18000 | V145: 0 | W145: 21900 | X145: 0 | Y145: =SUMPRODUCT(Q145:X145,'Fisico ASIG'!O145:V145)/E145 -> 6267087.1 | Z145: =+(P145+Y145) -> 16513364 | AA145: =+Z145/'Fisico ASIG'!N145/24 -> 66.876128 | AB145: =+$AB$16*336/0.52/672*1.1 -> 16.923077 | AC145: =+AA145-AB145 -> 49.953051 | AI145: 7241 | AJ145: 5762594 | AK145: =1.2*1.2 -> 1.44 | AL145: =4403+1752*1.4+(4403*2*5*1.4)/24 -> 9424.2167 | AM145: 4100000 | AN145: 40.443698 | AO145: =0.075*0.9*(AN145-6) -> 2.3249496 | AP145: 0 | AQ145: 0.85
A146: =+A145 -> 1408.96 | B146: 1438.46 | C146: =YEAR(G146) -> 2026 | D146: =+'Fisico ASIG'!B146 -> 46054 | E146: 28 | F146: =+'Fisico ASIG'!D146 -> mié | G146: =+'Fisico ASIG'!E146 -> 46057 | H146: 28 | I146: =AI146/A146 -> 5.1392516 | J146: =+AL146/A146 -> 6.6887752 | K146: =3.5+1.9+(3.5*2*5+3.5*5)/24 -> 7.5875 | L146: 27 | M146: 71.5 | N146: =+AN146+AO146+AP146+AQ146 -> 46.208916 | O146: 121.96324 | P146: =SUMPRODUCT(H146:O146,'Fisico ASIG'!F146:M146)*24 -> 10489788 | Q146: 0 | R146: =+AJ146*AK146/A146 -> 5889.5464 | S146: =+AM146/A146 -> 2909.9478 | T146: =+(4000*1759+465*1759*1.2)/(4000+465) -> 1795.6376 | U146: 18000 | V146: 0 | W146: 21900 | X146: 0 | Y146: =SUMPRODUCT(Q146:X146,'Fisico ASIG'!O146:V146)/E146 -> 6279737.5 | Z146: =+(P146+Y146) -> 16769525 | AA146: =+Z146/'Fisico ASIG'!N146/24 -> 78.487661 | AB146: =+$AB$16*336/0.52/672*1.1 -> 16.923077 | AC146: =+AA146-AB146 -> 61.564584 | AI146: 7241 | AJ146: 5762594 | AK146: =1.2*1.2 -> 1.44 | AL146: =4403+1752*1.4+(4403*2*5*1.4)/24 -> 9424.2167 | AM146: 4100000 | AN146: 42.870179 | AO146: =0.075*0.9*(AN146-6) -> 2.4887371 | AP146: 0 | AQ146: 0.85
A147: =+A146 -> 1408.96 | B147: 1438.46 | C147: =YEAR(G147) -> 2026 | D147: =+'Fisico ASIG'!B147 -> 46054 | E147: 28 | F147: =+'Fisico ASIG'!D147 -> jue | G147: =+'Fisico ASIG'!E147 -> 46058 | H147: 28 | I147: =AI147/A147 -> 5.1392516 | J147: =+AL147/A147 -> 6.6887752 | K147: =3.5+1.9+(3.5*2*5+3.5*5)/24 -> 7.5875 | L147: 27 | M147: 71.5 | N147: =+AN147+AO147+AP147+AQ147 -> 42.20541 | O147: 121.96259 | P147: =SUMPRODUCT(H147:O147,'Fisico ASIG'!F147:M147)*24 -> 10570175 | Q147: 0 | R147: =+AJ147*AK147/A147 -> 5889.5464 | S147: =+AM147/A147 -> 2909.9478 | T147: =+(4000*1759+465*1759*1.2)/(4000+465) -> 1795.6376 | U147: 18000 | V147: 0 | W147: 21900 | X147: 0 | Y147: =SUMPRODUCT(Q147:X147,'Fisico ASIG'!O147:V147)/E147 -> 6333224.1 | Z147: =+(P147+Y147) -> 16903399 | AA147: =+Z147/'Fisico ASIG'!N147/24 -> 79.127153 | AB147: =+$AB$16*336/0.52/672*1.1 -> 16.923077 | AC147: =+AA147-AB147 -> 62.204076 | AI147: 7241 | AJ147: 5762594 | AK147: =1.2*1.2 -> 1.44 | AL147: =4403+1752*1.4+(4403*2*5*1.4)/24 -> 9424.2167 | AM147: 4100000 | AN147: 39.119822 | AO147: =0.075*0.9*(AN147-6) -> 2.235588 | AP147: 0 | AQ147: 0.85
A148: =+A147 -> 1408.96 | B148: 1438.46 | C148: =YEAR(G148) -> 2026 | D148: =+'Fisico ASIG'!B148 -> 46054 | E148: 28 | F148: =+'Fisico ASIG'!D148 -> vie | G148: =+'Fisico ASIG'!E148 -> 46059 | H148: 28 | I148: =AI148/A148 -> 5.1392516 | J148: =+AL148/A148 -> 6.6887752 | K148: =3.5+1.9+(3.5*2*5+3.5*5)/24 -> 7.5875 | L148: 27 | M148: 71.5 | N148: =+AN148+AO148+AP148+AQ148 -> 39.141643 | O148: 121.96127 | P148: =SUMPRODUCT(H148:O148,'Fisico ASIG'!F148:M148)*24 -> 9948751 | Q148: 0 | R148: =+AJ148*AK148/A148 -> 5889.5464 | S148: =+AM148/A148 -> 2909.9478 | T148: =+(4000*1759+465*1759*1.2)/(4000+465) -> 1795.6376 | U148: 18000 | V148: 0 | W148: 21900 | X148: 0 | Y148: =SUMPRODUCT(Q148:X148,'Fisico ASIG'!O148:V148)/E148 -> 6343841.1 | Z148: =+(P148+Y148) -> 16292592 | AA148: =+Z148/'Fisico ASIG'!N148/24 -> 80.974168 | AB148: =+$AB$16*336/0.52/672*1.1 -> 16.923077 | AC148: =+AA148-AB148 -> 64.051091 | AI148: 7241 | AJ148: 5762594 | AK148: =1.2*1.2 -> 1.44 | AL148: =4403+1752*1.4+(4403*2*5*1.4)/24 -> 9424.2167 | AM148: 4100000 | AN148: 36.249782 | AO148: =0.075*0.9*(AN148-6) -> 2.0418603 | AP148: 0 | AQ148: 0.85
A149: =+A148 -> 1408.96 | B149: 1438.46 | C149: =YEAR(G149) -> 2026 | D149: =+'Fisico ASIG'!B149 -> 46054 | E149: 28 | F149: =+'Fisico ASIG'!D149 -> sáb | G149: =+'Fisico ASIG'!E149 -> 46060 | H149: 28 | I149: =AI149/A149 -> 5.1392516 | J149: =+AL149/A149 -> 6.6887752 | K149: =3.5+1.9+(3.5*2*5+3.5*5)/24 -> 7.5875 | L149: 27 | M149: 71.5 | N149: =+AN149+AO149+AP149+AQ149 -> 39.323806 | O149: 74.424251 | P149: =SUMPRODUCT(H149:O149,'Fisico ASIG'!F149:M149)*24 -> 7033534.5 | Q149: 0 | R149: =+AJ149*AK149/A149 -> 5889.5464 | S149: =+AM149/A149 -> 2909.9478 | T149: =+(4000*1759+465*1759*1.2)/(4000+465) -> 1795.6376 | U149: 18000 | V149: 0 | W149: 21900 | X149: 0 | Y149: =SUMPRODUCT(Q149:X149,'Fisico ASIG'!O149:V149)/E149 -> 6278981.1 | Z149: =+(P149+Y149) -> 13312516 | AA149: =+Z149/'Fisico ASIG'!N149/24 -> 73.957868 | AB149: =+$AB$16*336/0.52/672*1.1 -> 16.923077 | AC149: =+AA149-AB149 -> 57.034791 | AI149: 7241 | AJ149: 5762594 | AK149: =1.2*1.2 -> 1.44 | AL149: =4403+1752*1.4+(4403*2*5*1.4)/24 -> 9424.2167 | AM149: 4100000 | AN149: 36.420427 | AO149: =0.075*0.9*(AN149-6) -> 2.0533788 | AP149: 0 | AQ149: 0.85
A150: =+A149 -> 1408.96 | B150: 1438.46 | C150: =YEAR(G150) -> 2026 | D150: =+'Fisico ASIG'!B150 -> 46054 | E150: 28 | F150: =+'Fisico ASIG'!D150 -> dom | G150: =+'Fisico ASIG'!E150 -> 46061 | H150: 28 | I150: =AI150/A150 -> 5.1392516 | J150: =+AL150/A150 -> 6.6887752 | K150: =3.5+1.9+(3.5*2*5+3.5*5)/24 -> 7.5875 | L150: 27 | M150: 71.5 | N150: =+AN150+AO150+AP150+AQ150 -> 40.420252 | O150: 112.90445 | P150: =SUMPRODUCT(H150:O150,'Fisico ASIG'!F150:M150)*24 -> 7076441.7 | Q150: 0 | R150: =+AJ150*AK150/A150 -> 5889.5464 | S150: =+AM150/A150 -> 2909.9478 | T150: =+(4000*1759+465*1759*1.2)/(4000+465) -> 1795.6376 | U150: 18000 | V150: 0 | W150: 21900 | X150: 0 | Y150: =SUMPRODUCT(Q150:X150,'Fisico ASIG'!O150:V150)/E150 -> 6192464.3 | Z150: =+(P150+Y150) -> 13268906 | AA150: =+Z150/'Fisico ASIG'!N150/24 -> 74.987166 | AB150: =+$AB$16*336/0.52/672*1.1 -> 16.923077 | AC150: =+AA150-AB150 -> 58.064089 | AI150: 7241 | AJ150: 5762594 | AK150: =1.2*1.2 -> 1.44 | AL150: =4403+1752*1.4+(4403*2*5*1.4)/24 -> 9424.2167 | AM150: 4100000 | AN150: 37.447543 | AO150: =0.075*0.9*(AN150-6) -> 2.1227091 | AP150: 0 | AQ150: 0.85
A151: =+A150 -> 1408.96 | B151: 1438.46 | C151: =YEAR(G151) -> 2026 | D151: =+'Fisico ASIG'!B151 -> 46054 | E151: 28 | F151: =+'Fisico ASIG'!D151 -> lun | G151: =+'Fisico ASIG'!E151 -> 46062 | H151: 28 | I151: =AI151/A151 -> 5.1392516 | J151: =+AL151/A151 -> 6.6887752 | K151: =3.5+1.9+(3.5*2*5+3.5*5)/24 -> 7.5875 | L151: 27 | M151: 71.5 | N151: =+AN151+AO151+AP151+AQ151 -> 40.793141 | O151: 40.922764 | P151: =SUMPRODUCT(H151:O151,'Fisico ASIG'!F151:M151)*24 -> 8540264.8 | Q151: 0 | R151: =+AJ151*AK151/A151 -> 5889.5464 | S151: =+AM151/A151 -> 2909.9478 | T151: =+(4000*1759+465*1759*1.2)/(4000+465) -> 1795.6376 | U151: 18000 | V151: 0 | W151: 21900 | X151: 0 | Y151: =SUMPRODUCT(Q151:X151,'Fisico ASIG'!O151:V151)/E151 -> 6331806.4 | Z151: =+(P151+Y151) -> 14872071 | AA151: =+Z151/'Fisico ASIG'!N151/24 -> 70.944141 | AB151: =+$AB$16*336/0.52/672*1.1 -> 16.923077 | AC151: =+AA151-AB151 -> 54.021064 | AI151: 7241 | AJ151: 5762594 | AK151: =1.2*1.2 -> 1.44 | AL151: =4403+1752*1.4+(4403*2*5*1.4)/24 -> 9424.2167 | AM151: 4100000 | AN151: 37.796853 | AO151: =0.075*0.9*(AN151-6) -> 2.1462876 | AP151: 0 | AQ151: 0.85
A152: =+A151 -> 1408.96 | B152: 1438.46 | C152: =YEAR(G152) -> 2026 | D152: =+'Fisico ASIG'!B152 -> 46054 | E152: 28 | F152: =+'Fisico ASIG'!D152 -> mar | G152: =+'Fisico ASIG'!E152 -> 46063 | H152: 28 | I152: =AI152/A152 -> 5.1392516 | J152: =+AL152/A152 -> 6.6887752 | K152: =3.5+1.9+(3.5*2*5+3.5*5)/24 -> 7.5875 | L152: 27 | M152: 71.5 | N152: =+AN152+AO152+AP152+AQ152 -> 41.250513 | O152: 121.88973 | P152: =SUMPRODUCT(H152:O152,'Fisico ASIG'!F152:M152)*24 -> 9355853.6 | Q152: 0 | R152: =+AJ152*AK152/A152 -> 5889.5464 | S152: =+AM152/A152 -> 2909.9478 | T152: =+(4000*1759+465*1759*1.2)/(4000+465) -> 1795.6376 | U152: 18000 | V152: 0 | W152: 21900 | X152: 0 | Y152: =SUMPRODUCT(Q152:X152,'Fisico ASIG'!O152:V152)/E152 -> 6329891.9 | Z152: =+(P152+Y152) -> 15685746 | AA152: =+Z152/'Fisico ASIG'!N152/24 -> 70.391017 | AB152: =+$AB$16*336/0.52/672*1.1 -> 16.923077 | AC152: =+AA152-AB152 -> 53.46794 | AI152: 7241 | AJ152: 5762594 | AK152: =1.2*1.2 -> 1.44 | AL152: =4403+1752*1.4+(4403*2*5*1.4)/24 -> 9424.2167 | AM152: 4100000 | AN152: 38.225305 | AO152: =0.075*0.9*(AN152-6) -> 2.1752081 | AP152: 0 | AQ152: 0.85
A153: =+A152 -> 1408.96 | B153: 1438.46 | C153: =YEAR(G153) -> 2026 | D153: =+'Fisico ASIG'!B153 -> 46054 | E153: 28 | F153: =+'Fisico ASIG'!D153 -> mié | G153: =+'Fisico ASIG'!E153 -> 46064 | H153: 28 | I153: =AI153/A153 -> 5.1392516 | J153: =+AL153/A153 -> 6.6887752 | K153: =3.5+1.9+(3.5*2*5+3.5*5)/24 -> 7.5875 | L153: 27 | M153: 71.5 | N153: =+AN153+AO153+AP153+AQ153 -> 41.366607 | O153: 65.093516 | P153: =SUMPRODUCT(H153:O153,'Fisico ASIG'!F153:M153)*24 -> 9019247.9 | Q153: 0 | R153: =+AJ153*AK153/A153 -> 5889.5464 | S153: =+AM153/A153 -> 2909.9478 | T153: =+(4000*1759+465*1759*1.2)/(4000+465) -> 1795.6376 | U153: 18000 | V153: 0 | W153: 21900 | X153: 0 | Y153: =SUMPRODUCT(Q153:X153,'Fisico ASIG'!O153:V153)/E153 -> 6353116.2 | Z153: =+(P153+Y153) -> 15372364 | AA153: =+Z153/'Fisico ASIG'!N153/24 -> 74.778556 | AB153: =+$AB$16*336/0.52/672*1.1 -> 16.923077 | AC153: =+AA153-AB153 -> 57.855479 | AI153: 7241 | AJ153: 5762594 | AK153: =1.2*1.2 -> 1.44 | AL153: =4403+1752*1.4+(4403*2*5*1.4)/24 -> 9424.2167 | AM153: 4100000 | AN153: 38.334058 | AO153: =0.075*0.9*(AN153-6) -> 2.1825489 | AP153: 0 | AQ153: 0.85
A154: =+A153 -> 1408.96 | B154: 1438.46 | C154: =YEAR(G154) -> 2026 | D154: =+'Fisico ASIG'!B154 -> 46054 | E154: 28 | F154: =+'Fisico ASIG'!D154 -> jue | G154: =+'Fisico ASIG'!E154 -> 46065 | H154: 28 | I154: =AI154/A154 -> 5.1392516 | J154: =+AL154/A154 -> 6.6887752 | K154: =3.5+1.9+(3.5*2*5+3.5*5)/24 -> 7.5875 | L154: 27 | M154: 71.5 | N154: =+AN154+AO154+AP154+AQ154 -> 40.288198 | O154: 77.250121 | P154: =SUMPRODUCT(H154:O154,'Fisico ASIG'!F154:M154)*24 -> 8612086.7 | Q154: 0 | R154: =+AJ154*AK154/A154 -> 5889.5464 | S154: =+AM154/A154 -> 2909.9478 | T154: =+(4000*1759+465*1759*1.2)/(4000+465) -> 1795.6376 | U154: 18000 | V154: 0 | W154: 21900 | X154: 0 | Y154: =SUMPRODUCT(Q154:X154,'Fisico ASIG'!O154:V154)/E154 -> 6383457.5 | Z154: =+(P154+Y154) -> 14995544 | AA154: =+Z154/'Fisico ASIG'!N154/24 -> 72.157891 | AB154: =+$AB$16*336/0.52/672*1.1 -> 16.923077 | AC154: =+AA154-AB154 -> 55.234814 | AI154: 7241 | AJ154: 5762594 | AK154: =1.2*1.2 -> 1.44 | AL154: =4403+1752*1.4+(4403*2*5*1.4)/24 -> 9424.2167 | AM154: 4100000 | AN154: 37.323839 | AO154: =0.075*0.9*(AN154-6) -> 2.1143591 | AP154: 0 | AQ154: 0.85
A155: =+A154 -> 1408.96 | B155: 1438.46 | C155: =YEAR(G155) -> 2026 | D155: =+'Fisico ASIG'!B155 -> 46054 | E155: 28 | F155: =+'Fisico ASIG'!D155 -> vie | G155: =+'Fisico ASIG'!E155 -> 46066 | H155: 28 | I155: =AI155/A155 -> 5.1392516 | J155: =+AL155/A155 -> 6.6887752 | K155: =3.5+1.9+(3.5*2*5+3.5*5)/24 -> 7.5875 | L155: 27 | M155: 71.5 | N155: =+AN155+AO155+AP155+AQ155 -> 39.925548 | O155: 119.92252 | P155: =SUMPRODUCT(H155:O155,'Fisico ASIG'!F155:M155)*24 -> 7099952.7 | Q155: 0 | R155: =+AJ155*AK155/A155 -> 5889.5464 | S155: =+AM155/A155 -> 2909.9478 | T155: =+(4000*1759+465*1759*1.2)/(4000+465) -> 1795.6376 | U155: 18000 | V155: 0 | W155: 21900 | X155: 0 | Y155: =SUMPRODUCT(Q155:X155,'Fisico ASIG'!O155:V155)/E155 -> 6342915.4 | Z155: =+(P155+Y155) -> 13442868 | AA155: =+Z155/'Fisico ASIG'!N155/24 -> 72.668278 | AB155: =+$AB$16*336/0.52/672*1.1 -> 16.923077 | AC155: =+AA155-AB155 -> 55.745201 | AI155: 7241 | AJ155: 5762594 | AK155: =1.2*1.2 -> 1.44 | AL155: =4403+1752*1.4+(4403*2*5*1.4)/24 -> 9424.2167 | AM155: 4100000 | AN155: 36.98412 | AO155: =0.075*0.9*(AN155-6) -> 2.0914281 | AP155: 0 | AQ155: 0.85
... A170: =+A169 -> 1408.96 | B170: 1423.364 | C170: =YEAR(G170) -> 2026 | D170: =+'Fisico ASIG'!B170 -> 46054 | E170: 28 | F170: =+'Fisico ASIG'!D170 -> sáb | G170: =+'Fisico ASIG'!E170 -> 46081 | H170: 28 | I170: =AI170/A170 -> 5.1392516 | J170: =+AL170/A170 -> 6.6887752 | K170: =3.5+1.9+(3.5*2*5+3.5*5)/24 -> 7.5875 | L170: 27 | M170: 71.5 | N170: =+AN170+AO170+AP170+AQ170 -> 40.528894 | O170: 45.37573 | P170: =SUMPRODUCT(H170:O170,'Fisico ASIG'!F170:M170)*24 -> 7571344.8 | Q170: 0 | R170: =+AJ170*AK170/A170 -> 5889.5464 | S170: =+AM170/A170 -> 2909.9478 | T170: =+(4000*1759+465*1759*1.2)/(4000+465) -> 1795.6376 | U170: 18000 | V170: 0 | W170: 21900 | X170: 0 | Y170: =SUMPRODUCT(Q170:X170,'Fisico ASIG'!O170:V170)/E170 -> 5907362.4 | Z170: =+(P170+Y170) -> 13478707 | AA170: =+Z170/'Fisico ASIG'!N170/24 -> 74.788518 | AB170: =+$AB$16*336/0.52/672*1.1 -> 16.923077 | AC170: =+AA170-AB170 -> 57.865441 | AI170: 7241 | AJ170: 5762594 | AK170: =1.2*1.2 -> 1.44 | AL170: =4403+1752*1.4+(4403*2*5*1.4)/24 -> 9424.2167 | AM170: 4100000 | AN170: 37.549315 | AO170: =0.075*0.9*(AN170-6) -> 2.1295788 | AP170: 0 | AQ170: 0.85
A171: 1382.7578 | B171: 1423.364 | C171: 2026 | D171: =+'Fisico ASIG'!B171 -> 46082 | E171: 31 | F171: dom | G171: 46082 | H171: 28 | I171: =AI171/A171 -> 5.2366365 | J171: =+AL171/A171 -> 5.8867926 | K171: =3.5+1.9+(3.5*1*5+3.5*5)/24 -> 6.8583333 | L171: 27 | M171: 71.5 | N171: =+AN171+AO171+AP171+AQ171 -> 39.231239 | O171: 41.484312 | P171: =SUMPRODUCT(H171:O171,'Fisico ASIG'!F171:M171)*24 -> 7347097.5 | Q171: 0 | R171: =+AJ171*AK171/A171 -> 6001.1488 | S171: =+AM171/A171 -> 2965.089 | T171: =+(4000*1759+465*1759*1.2)/(4000+465) -> 1795.6376 | U171: 18000 | V171: 0 | W171: 21900 | X171: 0 | Y171: =SUMPRODUCT(Q171:X171,'Fisico ASIG'!O171:V171)/E171 -> 5277419.5 | Z171: =+(P171+Y171) -> 12624517 | AA171: =+Z171/'Fisico ASIG'!N171/24 -> 72.57159 | AB171: =+$AB$16*0.9*Precios!$P$11/0.61/Precios!$Q$11 -> 11.866737 | AC171: =+AA171-AB171 -> 60.704853 | AI171: 7241 | AJ171: 5762594 | AK171: =1.2*1.2 -> 1.44 | AL171: =4403+1752*1.4+(4403*1*5*1.4)/24 -> 8140.0083 | AM171: 4100000 | AN171: 36.333714 | AO171: =0.075*0.9*(AN171-6) -> 2.0475257 | AP171: 0 | AQ171: 0.85
A172: 1382.7578 | B172: 1367.236 | C172: 2026 | D172: =+'Fisico ASIG'!B172 -> 46082 | E172: 31 | F172: lun | G172: 46083 | H172: 28 | I172: =AI172/A172 -> 5.2366365 | J172: =+AL172/A172 -> 5.8867926 | K172: =3.5+1.9+(3.5*1*5+3.5*5)/24 -> 6.8583333 | L172: 27 | M172: 71.5 | N172: =+AN172+AO172+AP172+AQ172 -> 40.860157 | O172: 76.070782 | P172: =SUMPRODUCT(H172:O172,'Fisico ASIG'!F172:M172)*24 -> 8020162.9 | Q172: 0 | R172: =+AJ172*AK172/A172 -> 6001.1488 | S172: =+AM172/A172 -> 2965.089 | T172: =+(4000*1759+465*1759*1.2)/(4000+465) -> 1795.6376 | U172: 18000 | V172: 0 | W172: 21900 | X172: 0 | Y172: =SUMPRODUCT(Q172:X172,'Fisico ASIG'!O172:V172)/E172 -> 5267334.8 | Z172: =+(P172+Y172) -> 13287498 | AA172: =+Z172/'Fisico ASIG'!N172/24 -> 67.05529 | AB172: =+$AB$16*0.9*Precios!$P$11/0.61/Precios!$Q$11 -> 11.866737 | AC172: =+AA172-AB172 -> 55.188553 | AI172: 7241 | AJ172: 5762594 | AK172: =1.2*1.2 -> 1.44 | AL172: =4403+1752*1.4+(4403*1*5*1.4)/24 -> 8140.0083 | AM172: 4100000 | AN172: 37.859632 | AO172: =0.075*0.9*(AN172-6) -> 2.1505251 | AP172: 0 | AQ172: 0.85
A173: 1382.7578 | B173: 1367.236 | C173: 2026 | D173: =+'Fisico ASIG'!B173 -> 46082 | E173: 31 | F173: mar | G173: 46084 | H173: 28 | I173: =AI173/A173 -> 5.2366365 | J173: =+AL173/A173 -> 5.8867926 | K173: =3.5+1.9+(3.5*1*5+3.5*5)/24 -> 6.8583333 | L173: 27 | M173: 71.5 | N173: =+AN173+AO173+AP173+AQ173 -> 40.967452 | O173: 68.954859 | P173: =SUMPRODUCT(H173:O173,'Fisico ASIG'!F173:M173)*24 -> 7741728.5 | Q173: 0 | R173: =+AJ173*AK173/A173 -> 6001.1488 | S173: =+AM173/A173 -> 2965.089 | T173: =+(4000*1759+465*1759*1.2)/(4000+465) -> 1795.6376 | U173: 18000 | V173: 0 | W173: 21900 | X173: 0 | Y173: =SUMPRODUCT(Q173:X173,'Fisico ASIG'!O173:V173)/E173 -> 5315695.3 | Z173: =+(P173+Y173) -> 13057424 | AA173: =+Z173/'Fisico ASIG'!N173/24 -> 71.997034 | AB173: =+$AB$16*0.9*Precios!$P$11/0.61/Precios!$Q$11 -> 11.866737 | AC173: =+AA173-AB173 -> 60.130297 | AI173: 7241 | AJ173: 5762594 | AK173: =1.2*1.2 -> 1.44 | AL173: =4403+1752*1.4+(4403*1*5*1.4)/24 -> 8140.0083 | AM173: 4100000 | AN173: 37.960142 | AO173: =0.075*0.9*(AN173-6) -> 2.1573096 | AP173: 0 | AQ173: 0.85
A174: 1382.7578 | B174: 1367.236 | C174: 2026 | D174: =+'Fisico ASIG'!B174 -> 46082 | E174: 31 | F174: mié | G174: 46085 | H174: 28 | I174: =AI174/A174 -> 5.2366365 | J174: =+AL174/A174 -> 5.8867926 | K174: =3.5+1.9+(3.5*1*5+3.5*5)/24 -> 6.8583333 | L174: 27 | M174: 71.5 | N174: =+AN174+AO174+AP174+AQ174 -> 40.716558 | O174: 80.55812 | P174: =SUMPRODUCT(H174:O174,'Fisico ASIG'!F174:M174)*24 -> 8415873 | Q174: 0 | R174: =+AJ174*AK174/A174 -> 6001.1488 | S174: =+AM174/A174 -> 2965.089 | T174: =+(4000*1759+465*1759*1.2)/(4000+465) -> 1795.6376 | U174: 18000 | V174: 0 | W174: 21900 | X174: 0 | Y174: =SUMPRODUCT(Q174:X174,'Fisico ASIG'!O174:V174)/E174 -> 5330361.3 | Z174: =+(P174+Y174) -> 13746234 | AA174: =+Z174/'Fisico ASIG'!N174/24 -> 67.302767 | AB174: =+$AB$16*0.9*Precios!$P$11/0.61/Precios!$Q$11 -> 11.866737 | AC174: =+AA174-AB174 -> 55.43603 | AI174: 7241 | AJ174: 5762594 | AK174: =1.2*1.2 -> 1.44 | AL174: =4403+1752*1.4+(4403*1*5*1.4)/24 -> 8140.0083 | AM174: 4100000 | AN174: 37.725113 | AO174: =0.075*0.9*(AN174-6) -> 2.1414451 | AP174: 0 | AQ174: 0.85
A175: 1382.7578 | B175: 1367.236 | C175: 2026 | D175: =+'Fisico ASIG'!B175 -> 46082 | E175: 31 | F175: jue | G175: 46086 | H175: 28 | I175: =AI175/A175 -> 5.2366365 | J175: =+AL175/A175 -> 5.8867926 | K175: =3.5+1.9+(3.5*1*5+3.5*5)/24 -> 6.8583333 | L175: 27 | M175: 71.5 | N175: =+AN175+AO175+AP175+AQ175 -> 40.129734 | O175: 81.009196 | P175: =SUMPRODUCT(H175:O175,'Fisico ASIG'!F175:M175)*24 -> 7344136.2 | Q175: 0 | R175: =+AJ175*AK175/A175 -> 6001.1488 | S175: =+AM175/A175 -> 2965.089 | T175: =+(4000*1759+465*1759*1.2)/(4000+465) -> 1795.6376 | U175: 18000 | V175: 0 | W175: 21900 | X175: 0 | Y175: =SUMPRODUCT(Q175:X175,'Fisico ASIG'!O175:V175)/E175 -> 5342741.5 | Z175: =+(P175+Y175) -> 12686878 | AA175: =+Z175/'Fisico ASIG'!N175/24 -> 62.463307 | AB175: =+$AB$16*0.9*Precios!$P$11/0.61/Precios!$Q$11 -> 11.866737 | AC175: =+AA175-AB175 -> 50.59657 | AI175: 7241 | AJ175: 5762594 | AK175: =1.2*1.2 -> 1.44 | AL175: =4403+1752*1.4+(4403*1*5*1.4)/24 -> 8140.0083 | AM175: 4100000 | AN175: 37.175395 | AO175: =0.075*0.9*(AN175-6) -> 2.1043392 | AP175: 0 | AQ175: 0.85
A176: 1382.7578 | B176: 1367.236 | C176: 2026 | D176: =+'Fisico ASIG'!B176 -> 46082 | E176: 31 | F176: vie | G176: 46087 | H176: 28 | I176: =AI176/A176 -> 5.2366365 | J176: =+AL176/A176 -> 5.8867926 | K176: =3.5+1.9+(3.5*1*5+3.5*5)/24 -> 6.8583333 | L176: 27 | M176: 71.5 | N176: =+AN176+AO176+AP176+AQ176 -> 39.388539 | O176: 109.98774 | P176: =SUMPRODUCT(H176:O176,'Fisico ASIG'!F176:M176)*24 -> 6959500 | Q176: 0 | R176: =+AJ176*AK176/A176 -> 6001.1488 | S176: =+AM176/A176 -> 2965.089 | T176: =+(4000*1759+465*1759*1.2)/(4000+465) -> 1795.6376 | U176: 18000 | V176: 0 | W176: 21900 | X176: 0 | Y176: =SUMPRODUCT(Q176:X176,'Fisico ASIG'!O176:V176)/E176 -> 5349811.3 | Z176: =+(P176+Y176) -> 12309311 | AA176: =+Z176/'Fisico ASIG'!N176/24 -> 68.653186 | AB176: =+$AB$16*0.9*Precios!$P$11/0.61/Precios!$Q$11 -> 11.866737 | AC176: =+AA176-AB176 -> 56.786448 | AI176: 7241 | AJ176: 5762594 | AK176: =1.2*1.2 -> 1.44 | AL176: =4403+1752*1.4+(4403*1*5*1.4)/24 -> 8140.0083 | AM176: 4100000 | AN176: 36.481067 | AO176: =0.075*0.9*(AN176-6) -> 2.057472 | AP176: 0 | AQ176: 0.85
A177: 1382.7578 | B177: 1367.236 | C177: 2026 | D177: =+'Fisico ASIG'!B177 -> 46082 | E177: 31 | F177: sáb | G177: 46088 | H177: 28 | I177: =AI177/A177 -> 5.2366365 | J177: =+AL177/A177 -> 5.8867926 | K177: =3.5+1.9+(3.5*1*5+3.5*5)/24 -> 6.8583333 | L177: 27 | M177: 71.5 | N177: =+AN177+AO177+AP177+AQ177 -> 40.371425 | O177: 85.187494 | P177: =SUMPRODUCT(H177:O177,'Fisico ASIG'!F177:M177)*24 -> 7007733.3 | Q177: 0 | R177: =+AJ177*AK177/A177 -> 6001.1488 | S177: =+AM177/A177 -> 2965.089 | T177: =+(4000*1759+465*1759*1.2)/(4000+465) -> 1795.6376 | U177: 18000 | V177: 0 | W177: 21900 | X177: 0 | Y177: =SUMPRODUCT(Q177:X177,'Fisico ASIG'!O177:V177)/E177 -> 5317068.5 | Z177: =+(P177+Y177) -> 12324802 | AA177: =+Z177/'Fisico ASIG'!N177/24 -> 74.00667 | AB177: =+$AB$16*0.9*Precios!$P$11/0.61/Precios!$Q$11 -> 11.866737 | AC177: =+AA177-AB177 -> 62.139933 | AI177: 7241 | AJ177: 5762594 | AK177: =1.2*1.2 -> 1.44 | AL177: =4403+1752*1.4+(4403*1*5*1.4)/24 -> 8140.0083 | AM177: 4100000 | AN177: 37.401804 | AO177: =0.075*0.9*(AN177-6) -> 2.1196217 | AP177: 0 | AQ177: 0.85
A178: 1382.7578 | B178: 1367.236 | C178: 2026 | D178: =+'Fisico ASIG'!B178 -> 46082 | E178: 31 | F178: dom | G178: 46089 | H178: 28 | I178: =AI178/A178 -> 5.2366365 | J178: =+AL178/A178 -> 5.8867926 | K178: =3.5+1.9+(3.5*1*5+3.5*5)/24 -> 6.8583333 | L178: 27 | M178: 71.5 | N178: =+AN178+AO178+AP178+AQ178 -> 40.271481 | O178: 101.10141 | P178: =SUMPRODUCT(H178:O178,'Fisico ASIG'!F178:M178)*24 -> 7098487.5 | Q178: 0 | R178: =+AJ178*AK178/A178 -> 6001.1488 | S178: =+AM178/A178 -> 2965.089 | T178: =+(4000*1759+465*1759*1.2)/(4000+465) -> 1795.6376 | U178: 18000 | V178: 0 | W178: 21900 | X178: 0 | Y178: =SUMPRODUCT(Q178:X178,'Fisico ASIG'!O178:V178)/E178 -> 5305949.6 | Z178: =+(P178+Y178) -> 12404437 | AA178: =+Z178/'Fisico ASIG'!N178/24 -> 72.865185 | AB178: =+$AB$16*0.9*Precios!$P$11/0.61/Precios!$Q$11 -> 11.866737 | AC178: =+AA178-AB178 -> 60.998448 | AI178: 7241 | AJ178: 5762594 | AK178: =1.2*1.2 -> 1.44 | AL178: =4403+1752*1.4+(4403*1*5*1.4)/24 -> 8140.0083 | AM178: 4100000 | AN178: 37.308179 | AO178: =0.075*0.9*(AN178-6) -> 2.1133021 | AP178: 0 | AQ178: 0.85
...

Sheet Fisico SPOT MAT
C1: Mercado SPOT / MAT | H1: SPOT - ENERGIA | N1: SPOT - POTENCIA | T1: MAT - ENERGIA | X1: MAT - POTENCIA
C2: Energía Generada por tipo
C3: Potencia disponible por día
H5: ENERGIA | I5: ENERGIA | J5: ENERGIA | K5: ENERGIA | L5: ENERGIA | M5: ENERGIA | N5: POTENCIA | O5: POTENCIA | P5: POTENCIA | Q5: POTENCIA | R5: POTENCIA | S5: POTENCIA | T5: ENERGIA | U5: ENERGIA | V5: ENERGIA | W5: ENERGIA | X5: POTENCIA | Y5: POTENCIA | Z5: POTENCIA | AA5: POTENCIA
E6: VALORES FISICOS | G6: promedio [MW] | H6: MW med | I6: MW med | J6: MW med | K6: MW med | L6: MW med | M6: MW med | N6: MW med | O6: MW med | P6: MW med | Q6: MW med | R6: MW med | S6: MW med | T6: MW med d | U6: MW med d | V6: MW med d | W6: MW med d | X6: MW disp | Y6: MW disp | Z6: MW disp | AA6: MW disp
E7: HRP | G7: MES | H7: TERM SPOT | I7: TERM FON 1 | J7: HIDRO PROV | K7: HIDRO COM | L7: RENOV | M7: SUMA SPOT | N7: TERM SPOT | O7: TERM FON 1 | P7: HIDRO PROV | Q7: HIDRO COM | R7: RENOV | S7: SUMA SPOT | T7: TERM MATE | U7: HIDRO MAT | V7: RENOV MAT | W7: SUMA MAT | X7: TERM MAT | Y7: HIDRO MAT | Z7: RENOV MAT | AA7: SUMA MAT
E8: =SUMIFS(E$20:E$1048576,$D$20:$D$1048576,$G8) -> 348 | G8: =+'Fisico ASIG'!E8 -> 45962 | H8: =AVERAGEIFS(H$20:H$1048576,$D$20:$D$1048576,$G8) -> 4121.9222 | I8: =AVERAGEIFS(I$20:I$1048576,$D$20:$D$1048576,$G8) -> 901.46539 | J8: =AVERAGEIFS(J$20:J$1048576,$D$20:$D$1048576,$G8) -> 320.07786 | L8: =AVERAGEIFS(L$20:L$1048576,$D$20:$D$1048576,$G8) -> 0 | M8: =SUM(H8:L8) -> 5343.4654 | N8: =AVERAGEIFS(N$20:N$1048576,$D$20:$D$1048576,$G8) -> 11446.16 | O8: =AVERAGEIFS(O$20:O$1048576,$D$20:$D$1048576,$G8) -> 1125.6524 | P8: =AVERAGEIFS(P$20:P$1048576,$D$20:$D$1048576,$G8) -> 924.23671 | R8: =AVERAGEIFS(R$20:R$1048576,$D$20:$D$1048576,$G8) -> 0 | S8: =SUM(N8:R8) -> 13496.049 | T8: =AVERAGEIFS(T$20:T$1048576,$D$20:$D$1048576,$G8) -> 0 | U8: =AVERAGEIFS(U$20:U$1048576,$D$20:$D$1048576,$G8) -> 287.79044 | V8: =AVERAGEIFS(V$20:V$1048576,$D$20:$D$1048576,$G8) -> 1356.7029 | W8: =SUM(T8:V8) -> 1644.4933 | X8: =AVERAGEIFS(X$20:X$1048576,$D$20:$D$1048576,$G8) -> 0 | Y8: =AVERAGEIFS(Y$20:Y$1048576,$D$20:$D$1048576,$G8) -> 420.56365 | Z8: =AVERAGEIFS(Z$20:Z$1048576,$D$20:$D$1048576,$G8) -> 0 | AA8: =SUM(X8:Z8) -> 420.56365
E9: =SUMIFS(E$20:E$1048576,$D$20:$D$1048576,$G9) -> 384 | G9: =+'Fisico ASIG'!E9 -> 45992 | H9: =AVERAGEIFS(H$20:H$1048576,$D$20:$D$1048576,$G9) -> 6325.778 | I9: =AVERAGEIFS(I$20:I$1048576,$D$20:$D$1048576,$G9) -> 856.23294 | J9: =AVERAGEIFS(J$20:J$1048576,$D$20:$D$1048576,$G9) -> 342.06469 | L9: =AVERAGEIFS(L$20:L$1048576,$D$20:$D$1048576,$G9) -> 0 | M9: =SUM(H9:L9) -> 7524.0756 | N9: =AVERAGEIFS(N$20:N$1048576,$D$20:$D$1048576,$G9) -> 12168.723 | O9: =AVERAGEIFS(O$20:O$1048576,$D$20:$D$1048576,$G9) -> 1173.5581 | P9: =AVERAGEIFS(P$20:P$1048576,$D$20:$D$1048576,$G9) -> 983.24265 | R9: =AVERAGEIFS(R$20:R$1048576,$D$20:$D$1048576,$G9) -> 0 | S9: =SUM(N9:R9) -> 14325.524 | T9: =AVERAGEIFS(T$20:T$1048576,$D$20:$D$1048576,$G9) -> 0 | U9: =AVERAGEIFS(U$20:U$1048576,$D$20:$D$1048576,$G9) -> 227.45209 | V9: =AVERAGEIFS(V$20:V$1048576,$D$20:$D$1048576,$G9) -> 1436.1624 | W9: =SUM(T9:V9) -> 1663.6145 | X9: =AVERAGEIFS(X$20:X$1048576,$D$20:$D$1048576,$G9) -> 0 | Y9: =AVERAGEIFS(Y$20:Y$1048576,$D$20:$D$1048576,$G9) -> 525 | Z9: =AVERAGEIFS(Z$20:Z$1048576,$D$20:$D$1048576,$G9) -> 0 | AA9: =SUM(X9:Z9) -> 525
E10: =SUMIFS(E$20:E$1048576,$D$20:$D$1048576,$G10) -> 386 | G10: =+'Fisico ASIG'!E10 -> 46023 | H10: =AVERAGEIFS(H$20:H$1048576,$D$20:$D$1048576,$G10) -> 6366.2179 | I10: =AVERAGEIFS(I$20:I$1048576,$D$20:$D$1048576,$G10) -> 1051.2112 | J10: =AVERAGEIFS(J$20:J$1048576,$D$20:$D$1048576,$G10) -> 363.69674 | K10: =AVERAGEIFS(K$20:K$1048576,$D$20:$D$1048576,$G10) -> 35.34614 | L10: =AVERAGEIFS(L$20:L$1048576,$D$20:$D$1048576,$G10) -> 0 | M10: =SUM(H10:L10) -> 7816.472 | N10: =AVERAGEIFS(N$20:N$1048576,$D$20:$D$1048576,$G10) -> 12460.847 | O10: =AVERAGEIFS(O$20:O$1048576,$D$20:$D$1048576,$G10) -> 1372.7497 | P10: =AVERAGEIFS(P$20:P$1048576,$D$20:$D$1048576,$G10) -> 989.72005 | Q10: =AVERAGEIFS(Q$20:Q$1048576,$D$20:$D$1048576,$G10) -> 200.35269 | R10: =AVERAGEIFS(R$20:R$1048576,$D$20:$D$1048576,$G10) -> 0 | S10: =SUM(N10:R10) -> 15023.669 | T10: =AVERAGEIFS(T$20:T$1048576,$D$20:$D$1048576,$G10) -> 0 | U10: =AVERAGEIFS(U$20:U$1048576,$D$20:$D$1048576,$G10) -> 249.12409 | V10: =AVERAGEIFS(V$20:V$1048576,$D$20:$D$1048576,$G10) -> 1441.0389 | W10: =SUM(T10:V10) -> 1690.1629 | X10: =AVERAGEIFS(X$20:X$1048576,$D$20:$D$1048576,$G10) -> 0 | Y10: =AVERAGEIFS(Y$20:Y$1048576,$D$20:$D$1048576,$G10) -> 525 | Z10: =AVERAGEIFS(Z$20:Z$1048576,$D$20:$D$1048576,$G10) -> 0 | AA10: =SUM(X10:Z10) -> 525
E11: =SUMIFS(E$20:E$1048576,$D$20:$D$1048576,$G11) -> 336 | G11: =+'Fisico ASIG'!E11 -> 46054 | H11: =AVERAGEIFS(H$20:H$1048576,$D$20:$D$1048576,$G11) -> 6811.9966 | I11: =AVERAGEIFS(I$20:I$1048576,$D$20:$D$1048576,$G11) -> 1214.4694 | J11: =AVERAGEIFS(J$20:J$1048576,$D$20:$D$1048576,$G11) -> 308.25452 | K11: =AVERAGEIFS(K$20:K$1048576,$D$20:$D$1048576,$G11) -> 25.335641 | L11: =AVERAGEIFS(L$20:L$1048576,$D$20:$D$1048576,$G11) -> 0 | M11: =SUM(H11:L11) -> 8360.0561 | N11: =AVERAGEIFS(N$20:N$1048576,$D$20:$D$1048576,$G11) -> 12737.164 | O11: =AVERAGEIFS(O$20:O$1048576,$D$20:$D$1048576,$G11) -> 1436.3411 | P11: =AVERAGEIFS(P$20:P$1048576,$D$20:$D$1048576,$G11) -> 987.00428 | Q11: =AVERAGEIFS(Q$20:Q$1048576,$D$20:$D$1048576,$G11) -> 202.97179 | R11: =AVERAGEIFS(R$20:R$1048576,$D$20:$D$1048576,$G11) -> 0 | S11: =SUM(N11:R11) -> 15363.481 | T11: =AVERAGEIFS(T$20:T$1048576,$D$20:$D$1048576,$G11) -> 0 | U11: =AVERAGEIFS(U$20:U$1048576,$D$20:$D$1048576,$G11) -> 227.16436 | V11: =AVERAGEIFS(V$20:V$1048576,$D$20:$D$1048576,$G11) -> 1396.5483 | W11: =SUM(T11:V11) -> 1623.7127 | X11: =AVERAGEIFS(X$20:X$1048576,$D$20:$D$1048576,$G11) -> 0 | Y11: =AVERAGEIFS(Y$20:Y$1048576,$D$20:$D$1048576,$G11) -> 515.35714 | Z11: =AVERAGEIFS(Z$20:Z$1048576,$D$20:$D$1048576,$G11) -> 0 | AA11: =SUM(X11:Z11) -> 515.35714
