Workbook

Sheet PRECIOS ACUM
A1: PRECIOS ESTIMADOS DE ENERGIA y POTENCIA x MERCADO | G1: MERCADO SPOT | J1: MATE TOTAL (Hi + Ren + Tér) | M1: GEN ASIGNADA
A2: Incluye CVP y estimación de renta marginal en base a datos operativos
A3: Incluye estimación de costos variables y fijos de la generación asignada | G3: Mercado asociado a Grandes Usuarios y demanda | J3: Mercado a término de Energía | M3: Mercado asociado a demanda estacionalizada | U3: 45962
A4: No incluye costos de servicios adicionales ni de transporte en AT/DT | G4: estacionalizada no cubierta por la generación asignada | J4: Generación asociada al MATE | M4: (Res/NO Res) cubierta por la generación asignada | U4: 45992
A5: No incluye contratos MATE - MATP a ser transaccionados | U5: 46023
A6: Datos provisorios a confirmar con la salida del DTE | G6: POT MEDIA PERIODO | H6: =+VLOOKUP($B$7,'Fisico SPOT MAT'!$G$7:$M$21,7,FALSE) -> 3338.64 | I6: MW med | J6: POT MEDIA PERIODO | K6: =+VLOOKUP($B$7,'Fisico SPOT MAT'!$G$7:$AC$21,23,FALSE) -> 2370.92 | L6: MW med | M6: POT MEDIA PERIODO | N6: =+VLOOKUP($B$7,'Fisico ASIG'!$E$8:$W$20,10,FALSE) -> 9372.16 | O6: MW med | U6: 46054
A7: VALORES ACUMULADO MES | B7: 46296 | C7: =+IF(MONTH(B7)=MONTH(MAX('Mono SPOT MAT'!G24:G1048576)),"Análisis hasta:","") -> Análisis hasta: | D7: =+IF(MONTH(B7)=MONTH(MAX('Mono SPOT MAT'!G24:G1048576)),MAX('Mono SPOT MAT'!G24:G1048576),"") -> 46320 | G7: Costo Marginal Medio | H7: =+VLOOKUP($B$7,Precios!$D$7:$N$20,2,FALSE) -> 35.516 | I7: usd/MWh | U7: 46082
C8: Días del mes: | D8: =+EDATE(B7,1)-B7 -> 31 | G8: MERCADO SPOT [usd/MWh] | H8: =+B7 -> 46296 | I8: Precio Medio Nov-25 a Sep-26 | J8: MERCADO MATE [usd/MWh] | K8: =+$B$7 -> 46296 | L8: =+I8 -> Precio Medio Nov-25 a Sep-26 | M8: MERCADO ASIGNADO [usd/MWh] | N8: =+H8 -> 46296 | O8: =+I8 -> Precio Medio Nov-25 a Sep-26 | U8: 46113
G9: ENERGIA | H9: =+VLOOKUP($B$7,Precios!$D$7:$N$22,3,FALSE) -> 38.737644 | I9: 80.653853 | J9: ENERGIA | K9: =+VLOOKUP($B$7,'Mono SPOT MAT'!$G$8:$AC$21,23,FALSE) -> 63.852513 | L9: 61.706548 | M9: ENERGIA | N9: =+VLOOKUP($B$7,Precios!$D$7:$N$20,6,FALSE) -> 42.519676 | O9: 59.881156 | U9: 46143
G10: POTENCIA | H10: =+VLOOKUP($B$7,Precios!$D$7:$AC$20,18,FALSE)-H9 -> 8.965279 | I10: 9.9255955 | J10: =G10 -> POTENCIA | K10: =H10 -> 8.965279 | L10: 9.9255955 | M10: POTENCIA | N10: =+VLOOKUP($B$7,Precios!$D$7:$N$20,5,FALSE)-N9 -> 12.315987 | O10: 14.260308 | U10: 46174
G11: Servicios | H11: =+VLOOKUP(H8,Precios!$D$7:$AA$20,23,FALSE) -> 4.0558175 | I11: 5.7429044 | J11: =G11 -> Servicios | K11: =H11 -> 4.0558175 | L11: =+I11 -> 5.7429044 | M11: Servicios | N11: =+H11 -> 4.0558175 | O11: =+I11 -> 5.7429044 | U11: 46204
G12: Transporte | H12: =+VLOOKUP(H8,Precios!$D$7:$AA$20,24,FALSE) -> 6.3384833 | I12: 6.0284379 | J12: =G12 -> Transporte | K12: =H12 -> 6.3384833 | L12: =+I12 -> 6.0284379 | M12: Transporte | N12: =+H12 -> 6.3384833 | O12: =+I12 -> 6.0284379 | U12: 46235
G13: Monómico simulado Mercado Spot para FC y HRP | H13: =+SUM(H9:H12) -> 58.097224 | I13: =+SUM(I9:I12) -> 102.35079 | J13: Monómico Mercado MAT | K13: =+SUM(K9:K12) -> 83.212093 | L13: =+SUM(L9:L12) -> 83.403486 | M13: Monómico de Costo de la Generación Asignada | N13: =+SUM(N9:N12) -> 65.229964 | O13: =+SUM(O9:O12) -> 85.912807 | U13: 46266
U14: 46296
G15: PRECIO MEDIO GRANDES USUARIOS MEM
H17: Mix MATE + SPOT [usd/MWh] | J17: =+$B$7 -> 46296 | K17: =+I8 -> Precio Medio Nov-25 a Sep-26
H18: ENERGIA | J18: =+(H9*1800+K9*1800)/3600 -> 51.295079 | K18: =+(I9*1800+L9*2000)/3800 -> 70.681588
H19: POTENCIA | J19: =+H10 -> 8.965279 | K19: =+I10 -> 9.9255955
H20: Servicios | J20: =+H11 -> 4.0558175 | K20: =+I11 -> 5.7429044
H21: Transporte | J21: =+H12 -> 6.3384833 | K21: =+I12 -> 6.0284379
H22: MONO GU | J22: =+SUM(J18:J21) -> 70.654658 | K22: =+SUM(K18:K21) -> 92.378525
G24: ANEXO TÉRMICO
G26: Generación Térmica del Mercado SPOT | H26: =+$B$7 -> 46296 | J26: Generación Térmica asociada al MAT | K26: =+$B$7 -> 46296
G27: POT MEDIA | H27: =+VLOOKUP($B$7,'Fisico SPOT MAT'!$G$7:$AA$21,2,FALSE) -> 2777.4 | I27: MW med | J27: POT MEDIA | K27: =+VLOOKUP($B$7,'Fisico SPOT MAT'!$G$7:$AA$21,14,FALSE) -> 650 | L27: MW med
G28: ENERGIA | H28: =+VLOOKUP($B$7,'Mono SPOT MAT'!$G$7:$M$21,2,FALSE) -> 37.872117 | I28: usd/MWh | J28: ENERGIA | K28: =+VLOOKUP($B$7,Precios!$D$7:$N$20,8,FALSE) -> 80 | L28: usd/MWh
G29: POTENCIA | H29: =+VLOOKUP($B$7,Precios!$D$7:$N$20,4,FALSE) -> 14.4 | I29: usd/MWhrp | J29: POTENCIA | K29: =+IF(K27=0,0,VLOOKUP($B$7,Precios!$D$7:$N$20,7,FALSE)) -> 14.4 | L29: usd/MWhrp
G30: MONO E + P para FC | H30: =+VLOOKUP($B$7,Precios!$D$7:$AC$20,19,FALSE) -> 46.837396 | I30: usd/MWh | J30: MONO MAT | K30: =+IF(K27=0,0,+H30-H28+K28) -> 88.965279 | L30: usd/MWh

Sheet Precios
B1: PRECIOS ESTIMADOS DE ENERGIA y POTENCIA x MERCADO
B2: Incluye CVP y estimación de renta marginal en base a datos operativos
B3: Incluye estimación de costos variables y fijos de la generación asignada
B6: VALORES ECONOMICOS - ACUMULADO MES | E6: usd/MWh | F6: usd/MWh | G6: usd/MWhrp | H6: usd/MWh | I6: usd/MWh | J6: usd/MWhrp | K6: usd/MWh | L6: usd/MWh | T6: usd/MWh | U6: usd/MWh | X6: usd/MWh | Z6: usd/MWh | AA6: usd/MWh
C7: Cant días: | D7: MES | E7: CMg | F7: ENER SPOT | G7: POT SPOT | H7: MONO ASIG | I7: ENER ASIG | J7: POT ASIG | K7: TÉRMICO MATE | L7: total MATE | N7: POT SPOT | P7: HRP | Q7: HMES | R7: Factor Potencia | S7: FC SPOT | T7: POT SPOT | U7: MONO SPOT | V7: TÉRMICO SPOT | W7: FC Asignado | X7: POT asig | Z7: SERVICIOS | AA7: Transporte
C8: =+EDATE(D8,1)-D8 -> 30 | D8: 45962 | E8: =AVERAGEIFS($E$25:$E$1048576,$B$25:$B$1048576,D8) -> 32.334184 | F8: =+SUMPRODUCT(F56:F85,'Fisico SPOT MAT'!M56:M85)/SUM('Fisico SPOT MAT'!M56:M85) -> 35.782032 | G8: =AVERAGEIFS($G$25:$G$1048576,$B$25:$B$1048576,D8) -> 14.4 | H8: =+SUMPRODUCT(H56:H85,'Fisico ASIG'!$P$56:$P$85)/SUM('Fisico ASIG'!$P$56:$P$85) -> 62.0728 | I8: =+SUMPRODUCT(I56:I85,'Fisico ASIG'!$P$56:$P$85)/SUM('Fisico ASIG'!$P$56:$P$85) -> 47.657627 | J8: =AVERAGEIFS($J$25:$J$1048576,$B$25:$B$1048576,D8) -> 14.4 | N8: =AVERAGEIFS($N$25:$N$1048576,$B$25:$B$1048576,D8) -> 11.53116 | P8: ='Fisico SPOT MAT'!E8 -> 348 | Q8: =+C8*24 -> 720 | R8: =AVERAGEIFS(R$24:R$1048576,$B$24:$B$1048576,$D8) -> 0.9 | S8: 0.75 | T8: =+G8*P8/Q8/S8 -> 9.28 | U8: =+T8+F8 -> 45.062032 | V8: =+T8+'Mono SPOT MAT'!H8 -> 47.062843 | W8: 0.52 | X8: =+J8*P8/Q8/W8 -> 13.384615 | Z8: 5.8 | AA8: 5.7
C9: =+EDATE(D9,1)-D9 -> 31 | D9: 45992 | E9: =AVERAGEIFS($E$25:$E$1048576,$B$25:$B$1048576,D9) -> 40.553132 | F9: =+SUMPRODUCT(F86:F116,'Fisico SPOT MAT'!M86:M116)/SUM('Fisico SPOT MAT'!M86:M116) -> 40.399389 | G9: =AVERAGEIFS($G$25:$G$1048576,$B$25:$B$1048576,D9) -> 17.6 | H9: =+SUMPRODUCT(H86:H116,'Fisico ASIG'!$P$86:$P$116)/SUM('Fisico ASIG'!$P$86:$P$116) -> 63.788293 | I9: =+SUMPRODUCT(I86:I116,'Fisico ASIG'!$P$86:$P$116)/SUM('Fisico ASIG'!$P$86:$P$116) -> 46.31931 | J9: =AVERAGEIFS($J$25:$J$1048576,$B$25:$B$1048576,D9) -> 17.6 | N9: =AVERAGEIFS($N$25:$N$1048576,$B$25:$B$1048576,D9) -> 15.772536 | P9: ='Fisico SPOT MAT'!E9 -> 384 | Q9: =+C9*24 -> 744 | R9: =AVERAGEIFS(R$24:R$1048576,$B$24:$B$1048576,$D9) -> 1.1 | S9: 0.75 | T9: =+G9*P9/Q9/S9 -> 12.111828 | U9: =+T9+F9 -> 52.511217 | V9: =+T9+'Mono SPOT MAT'!H9 -> 54.271807 | W9: 0.52 | X9: =+J9*P9/Q9/W9 -> 17.468983 | Z9: 3.9467458 | AA9: 5.2611399
C10: =+EDATE(D10,1)-D10 -> 31 | D10: 46023 | E10: =AVERAGEIFS($E$25:$E$1048576,$B$25:$B$1048576,D10) -> 55.612597 | F10: =+SUMPRODUCT(F117:F147,'Fisico SPOT MAT'!M117:M147)/SUM('Fisico SPOT MAT'!M117:M147) -> 42.573442 | G10: =AVERAGEIFS($G$25:$G$1048576,$B$25:$B$1048576,D10) -> 17.6 | H10: =+SUMPRODUCT(H117:H147,'Fisico ASIG'!$P$117:$P$147)/SUM('Fisico ASIG'!$P$117:$P$147) -> 65.981465 | I10: =+SUMPRODUCT(I117:I147,'Fisico ASIG'!$P$117:$P$147)/SUM('Fisico ASIG'!$P$117:$P$147) -> 48.421499 | J10: =AVERAGEIFS($J$25:$J$1048576,$B$25:$B$1048576,D10) -> 17.6 | N10: =AVERAGEIFS($N$25:$N$1048576,$B$25:$B$1048576,D10) -> 15.674033 | P10: ='Fisico SPOT MAT'!E10 -> 386 | Q10: =+C10*24 -> 744 | R10: =AVERAGEIFS(R$24:R$1048576,$B$24:$B$1048576,$D10) -> 1.1 | S10: 0.75 | T10: =+G10*P10/Q10/S10 -> 12.17491 | U10: =+T10+F10 -> 54.748353 | V10: =+T10+'Mono SPOT MAT'!H10 -> 56.984422 | W10: 0.60886856 | X10: =+J10*P10/Q10/W10 -> 14.996969 | Z10: 3.9 | AA10: 5.4
C11: =+EDATE(D11,1)-D11 -> 28 | D11: 46054 | E11: =AVERAGEIFS($E$25:$E$1048576,$B$25:$B$1048576,D11) -> 52.514713 | F11: =+SUMPRODUCT(F148:F175,'Fisico SPOT MAT'!M148:M175)/SUM('Fisico SPOT MAT'!M148:M175) -> 42.909911 | G11: =AVERAGEIFS($G$25:$G$1048576,$B$25:$B$1048576,D11) -> 17.6 | H11: =+SUMPRODUCT(H148:H175,'Fisico ASIG'!$N$148:$N$175)/SUM('Fisico ASIG'!$N$148:$N$175) -> 73.131269 | I11: =+SUMPRODUCT(I148:I175,'Fisico ASIG'!$N$148:$N$175)/SUM('Fisico ASIG'!$N$148:$N$175) -> 56.208193 | J11: =AVERAGEIFS($J$25:$J$1048576,$B$25:$B$1048576,D11) -> 17.6 | N11: =AVERAGEIFS($N$25:$N$1048576,$B$25:$B$1048576,D11) -> 15.854857 | P11: ='Fisico SPOT MAT'!E11 -> 336 | Q11: =+C11*24 -> 672 | R11: =AVERAGEIFS(R$24:R$1048576,$B$24:$B$1048576,$D11) -> 1.1 | S11: 0.75 | T11: =+G11*P11/Q11/S11 -> 11.733333 | U11: =+T11+F11 -> 54.643244 | V11: =+T11+'Mono SPOT MAT'!H11 -> 57.10384 | W11: 0.60935733 | X11: =+J11*P11/Q11/W11 -> 14.441444 | Z11: 4.2415654 | AA11: 5.5316882
C12: =+EDATE(D12,1)-D12 -> 31 | D12: 46082 | E12: =AVERAGEIFS($E$25:$E$1048576,$B$25:$B$1048576,D12) -> 62.286214 | F12: =+SUMPRODUCT(F176:F206,'Fisico SPOT MAT'!M176:M206)/SUM('Fisico SPOT MAT'!M176:M206) -> 45.274491 | G12: =AVERAGEIFS($G$25:$G$1048576,$B$25:$B$1048576,D12) -> 14.4 | H12: =+SUMPRODUCT(H176:H206,'Fisico ASIG'!$N$176:$N$206)/SUM('Fisico ASIG'!$N$176:$N$206) -> 71.173352 | I12: =+SUMPRODUCT(I176:I206,'Fisico ASIG'!$N$176:$N$206)/SUM('Fisico ASIG'!$N$176:$N$206) -> 58.645315 | J12: =AVERAGEIFS($J$25:$J$1048576,$B$25:$B$1048576,D12) -> 14.4 | N12: =AVERAGEIFS($N$25:$N$1048576,$B$25:$B$1048576,D12) -> 15.212011 | P12: ='Fisico SPOT MAT'!E12 -> 374 | Q12: =+C12*24 -> 744 | R12: =AVERAGEIFS(R$24:R$1048576,$B$24:$B$1048576,$D12) -> 0.9 | S12: 0.82756876 | T12: =+G12*P12/Q12/S12 -> 8.7469586 | U12: =+T12+F12 -> 54.021449 | V12: =+T12+'Mono SPOT MAT'!H12 -> 55.751221 | W12: 0.57780079 | X12: =+J12*P12/Q12/W12 -> 12.528037 | Z12: 4.3271912 | AA12: 6.3890889
C13: =+'Mono SPOT MAT'!F13 -> 30 | D13: 46113 | E13: =AVERAGEIFS($E$25:$E$1048576,$B$25:$B$1048576,D13) -> 86.168556 | F13: =+SUMPRODUCT(F207:F236,'Fisico SPOT MAT'!M207:M236)/SUM('Fisico SPOT MAT'!M207:M236) -> 51.723013 | G13: =AVERAGEIFS($G$25:$G$1048576,$B$25:$B$1048576,D13) -> 14.4 | H13: =+SUMPRODUCT(H207:H236,'Fisico ASIG'!$N$207:$N$236)/SUM('Fisico ASIG'!$N$207:$N$236) -> 72.749403 | I13: =+SUMPRODUCT(I207:I236,'Fisico ASIG'!$N$207:$N$236)/SUM('Fisico ASIG'!$N$207:$N$236) -> 59.782581 | J13: =AVERAGEIFS($J$25:$J$1048576,$B$25:$B$1048576,D13) -> 14.4 | N13: =AVERAGEIFS($N$25:$N$1048576,$B$25:$B$1048576,D13) -> 15.093951 | P13: 368 | Q13: =30*24 -> 720 | R13: =AVERAGEIFS(R$24:R$1048576,$B$24:$B$1048576,$D13) -> 0.9 | S13: 0.82756876 | T13: =+G13*P13/Q13/S13 -> 8.8935208 | U13: =+T13+F13 -> 60.616534 | V13: =+T13+'Mono SPOT MAT'!H13 -> 63.092365 | W13: 0.56760247 | X13: =+J13*P13/Q13/W13 -> 12.966822 | Z13: 4.3350157 | AA13: 6.9556699
C14: =+'Mono SPOT MAT'!F14 -> 31 | D14: 46143 | E14: =AVERAGEIFS($E$25:$E$1048576,$B$25:$B$1048576,D14) -> 188.32262 | F14: =+SUMPRODUCT(F237:F267,'Fisico SPOT MAT'!M237:M267)/SUM('Fisico SPOT MAT'!M237:M267) -> 117.98009 | G14: =AVERAGEIFS($G$25:$G$1048576,$B$25:$B$1048576,D14) -> 14.4 | H14: =+SUMPRODUCT(H237:H267,'Fisico ASIG'!$N$237:$N$267)/SUM('Fisico ASIG'!$N$237:$N$267) -> 85.537689 | I14: =+SUMPRODUCT(I237:I267,'Fisico ASIG'!$N$237:$N$267)/SUM('Fisico ASIG'!$N$237:$N$267) -> 74.380304 | J14: =AVERAGEIFS($J$25:$J$1048576,$B$25:$B$1048576,D14) -> 14.4 | N14: =AVERAGEIFS($N$25:$N$1048576,$B$25:$B$1048576,D14) -> 15.324438 | P14: 362 | Q14: =31*24 -> 744 | R14: =AVERAGEIFS(R$24:R$1048576,$B$24:$B$1048576,$D14) -> 0.9 | S14: 0.82756876 | T14: =+G14*P14/Q14/S14 -> 8.4663075 | U14: =+T14+F14 -> 126.4464 | V14: =+T14+'Mono SPOT MAT'!H14 -> 122.59214 | W14: 0.62796537 | X14: =+J14*P14/Q14/W14 -> 11.157385 | Z14: 6.2696035 | AA14: 6.2922056
C15: =+'Mono SPOT MAT'!F15 -> 30 | D15: 46174 | E15: =AVERAGEIFS($E$25:$E$1048576,$B$25:$B$1048576,D15) -> 202.55727 | F15: =+SUMPRODUCT(F268:F297,'Fisico SPOT MAT'!M267:M296)/SUM('Fisico SPOT MAT'!M268:M296) -> 176.47464 | G15: =AVERAGEIFS($G$25:$G$1048576,$B$25:$B$1048576,D15) -> 17.6 | H15: =+SUMPRODUCT(H268:H297,'Fisico ASIG'!$N$268:$N$297)/SUM('Fisico ASIG'!$N$268:$N$297) -> 97.092179 | I15: =+SUMPRODUCT(I268:I297,'Fisico ASIG'!$N$268:$N$297)/SUM('Fisico ASIG'!$N$268:$N$297) -> 83.305327 | J15: =AVERAGEIFS($J$25:$J$1048576,$B$25:$B$1048576,D15) -> 17.6 | K15: =+SUMPRODUCT(K268:K297,'Fisico SPOT MAT'!T268:T297)/SUM('Fisico SPOT MAT'!T268:T297) -> 70 | L15: =+'Mono SPOT MAT'!AC15 -> 62.568231 | N15: =AVERAGEIFS($N$25:$N$1048576,$B$25:$B$1048576,D15) -> 16.434821 | P15: 378 | Q15: =30*24 -> 720 | R15: =AVERAGEIFS(R$24:R$1048576,$B$24:$B$1048576,$D15) -> 1.1 | S15: 0.82756876 | T15: =+G15*P15/Q15/S15 -> 11.165235 | U15: =+T15+F15 -> 187.63987 | V15: =+T15+'Mono SPOT MAT'!H15 -> 182.57927 | W15: 0.67020374 | X15: =+J15*P15/Q15/W15 -> 13.786852 | Z15: 8.9 | AA15: 5.8551075
C16: =+'Mono SPOT MAT'!F16 -> 31 | D16: 46204 | E16: =AVERAGEIFS($E$25:$E$1048576,$B$25:$B$1048576,D16) -> 154.21003 | F16: =+SUMPRODUCT(F298:F328,'Fisico SPOT MAT'!M298:M328)/SUM('Fisico SPOT MAT'!M298:M328) -> 143.1864 | G16: =AVERAGEIFS($G$25:$G$1048576,$B$25:$B$1048576,D16) -> 17.6 | H16: =+SUMPRODUCT(H298:H328,'Fisico ASIG'!$N$298:$N$328)/SUM('Fisico ASIG'!$N$298:$N$328) -> 79.568531 | I16: =+SUMPRODUCT(I298:I328,'Fisico ASIG'!$N$298:$N$328)/SUM('Fisico ASIG'!$N$298:$N$328) -> 65.431018 | J16: =AVERAGEIFS($J$25:$J$1048576,$B$25:$B$1048576,D16) -> 17.6 | K16: =+SUMPRODUCT(K298:K328,'Fisico SPOT MAT'!T298:T328)/SUM('Fisico SPOT MAT'!T298:T328) -> 80 | L16: =+'Mono SPOT MAT'!AC16 -> 66.471181 | N16: =AVERAGEIFS($N$25:$N$1048576,$B$25:$B$1048576,D16) -> 16.293318 | P16: 386 | Q16: =31*24 -> 744 | R16: =AVERAGEIFS(R$24:R$1048576,$B$24:$B$1048576,$D16) -> 1.1 | S16: 0.82756876 | T16: =+G16*P16/Q16/S16 -> 11.033745 | U16: =+T16+F16 -> 154.22014 | V16: =+T16+'Mono SPOT MAT'!H16 -> 153.58662 | W16: 0.64588324 | X16: =+J16*P16/Q16/W16 -> 14.137513 | Z16: 8.3474685 | AA16: 5.9359257
C17: =+'Mono SPOT MAT'!F17 -> 31 | D17: 46235 | E17: =AVERAGEIFS($E$25:$E$1048576,$B$25:$B$1048576,D17) -> 141.37171 | F17: =+SUMPRODUCT(F329:F359,'Fisico SPOT MAT'!M329:M359)/SUM('Fisico SPOT MAT'!M329:M359) -> 133.28858 | G17: =AVERAGEIFS($G$25:$G$1048576,$B$25:$B$1048576,D17) -> 17.6 | H17: =+SUMPRODUCT(H329:H359,'Fisico ASIG'!$N329:$N$359)/SUM('Fisico ASIG'!$N329:$N$359) -> 80.768274 | I17: =+SUMPRODUCT(I329:I359,'Fisico ASIG'!$N329:$N$359)/SUM('Fisico ASIG'!$N329:$N359) -> 66.869884 | J17: =AVERAGEIFS($J$25:$J$1048576,$B$25:$B$1048576,D17) -> 17.6 | K17: =+SUMPRODUCT(K329:K359,'Fisico SPOT MAT'!T329:T359)/SUM('Fisico SPOT MAT'!T329:T359) -> 80 | L17: =+'Mono SPOT MAT'!AC17 -> 64.918897 | N17: =AVERAGEIFS($N$25:$N$1048576,$B$25:$B$1048576,D17) -> 16.36389 | P17: 374 | Q17: =31*24 -> 744 | R17: =AVERAGEIFS(R$24:R$1048576,$B$24:$B$1048576,$D17) -> 1.1 | S17: 0.83332239 | T17: =+G17*P17/Q17/S17 -> 10.616914 | U17: =+T17+F17 -> 143.9055 | V17: =+T17+'Mono SPOT MAT'!H17 -> 145.2139 | W17: 0.63657099 | X17: =+J17*P17/Q17/W17 -> 13.89839 | Z17: 7.9673582 | AA17: 6.3619912
C18: =+'Mono SPOT MAT'!F18 -> 30 | D18: 46266 | E18: =AVERAGEIFS($E$25:$E$1048576,$B$25:$B$1048576,D18) -> 62.269959 | F18: =+SUMPRODUCT(F360:F389,'Fisico SPOT MAT'!M360:M389)/SUM('Fisico SPOT MAT'!M360:M389) -> 71.50995 | G18: =AVERAGEIFS($G$25:$G$1048576,$B$25:$B$1048576,D18) -> 14.4 | H18: =+SUMPRODUCT(H360:H389,'Fisico ASIG'!$N$360:$N389)/SUM('Fisico ASIG'!$N$360:$N389) -> 63.540031 | I18: =+SUMPRODUCT(I360:I389,'Fisico ASIG'!$N360:$N$389)/SUM('Fisico ASIG'!$N360:$N389) -> 51.224044 | J18: =AVERAGEIFS($J$25:$J$1048576,$B$25:$B$1048576,D18) -> 14.4 | K18: =+SUMPRODUCT(K360:K389,'Fisico SPOT MAT'!T360:T389)/SUM('Fisico SPOT MAT'!T360:T389) -> 80 | L18: =+'Mono SPOT MAT'!AC18 -> 63.668157 | N18: =AVERAGEIFS($N$25:$N$1048576,$B$25:$B$1048576,D18) -> 15.758075 | P18: 392 | Q18: =30*24 -> 720 | R18: =AVERAGEIFS(R$24:R$1048576,$B$24:$B$1048576,$D18) -> 0.9 | S18: 0.83332239 | T18: =+G18*P18/Q18/S18 -> 9.4081235 | U18: =+T18+F18 -> 80.918073 | V18: =+T18+'Mono SPOT MAT'!H18 -> 82.972537 | W18: 0.63657099 | X18: =+J18*P18/Q18/W18 -> 12.315987 | Z18: 5.137 | AA18: 6.63
B19: =+'Mono SPOT MAT'!E19 -> días en análisis: | C19: =+'Mono SPOT MAT'!F19 -> 25 | D19: 46296 | E19: =AVERAGEIFS($E$25:$E$1048576,$B$25:$B$1048576,D19) -> 35.516 | F19: =+SUMPRODUCT(F390:F414,'Fisico SPOT MAT'!M390:M414)/SUM('Fisico SPOT MAT'!M390:M414) -> 38.737644 | G19: =AVERAGEIFS($G$25:$G$1048576,$B$25:$B$1048576,D19) -> 14.4 | H19: =+SUMPRODUCT(H390:H414,'Fisico ASIG'!$N390:$N$414)/SUM('Fisico ASIG'!$N390:$N$414) -> 54.835663 | I19: =+SUMPRODUCT(I390:I414,'Fisico ASIG'!$N390:$N$414)/SUM('Fisico ASIG'!$N390:$N414) -> 42.519676 | J19: =AVERAGEIFS($J$25:$J$1048576,$B$25:$B$1048576,D19) -> 14.4 | K19: =+SUMPRODUCT(K390:K414,'Fisico SPOT MAT'!T390:T414)/SUM('Fisico SPOT MAT'!T390:T414) -> 80 | L19: =+'Mono SPOT MAT'!AC19 -> 63.852513 | N19: =AVERAGEIFS($N$25:$N$1048576,$B$25:$B$1048576,D19) -> 15.595352 | P19: 386 | Q19: =31*24 -> 744 | R19: =AVERAGEIFS(R$24:R$1048576,$B$24:$B$1048576,$D19) -> 0.9 | S19: 0.83332239 | T19: =+G19*P19/Q19/S19 -> 8.965279 | U19: =+T19+F19 -> 47.702923 | V19: =+T19+'Mono SPOT MAT'!H19 -> 46.837396 | W19: 0.63657099 | X19: =+J19*P19/Q19/W19 -> 11.736268 | Z19: =3.5%*F19+2.7 -> 4.0558175 | AA19: =+AVERAGE(AA13:AA18) -> 6.3384833
B22: VALORES FISICOS - PASO DIARIO
E23: usd/MWh | F23: usd/MWh | G23: usd/MWhrp | H23: usd/MWh | I23: usd/MWh | J23: usd/MWhrp | K23: usd/MWh
A24: AÑO | B24: MES | C24: TIPO dia | D24: DIA | E24: CMg | F24: ENER SPOT | G24: POT SPOT | H24: MONO ASIG | I24: ENER ASIG | J24: POT ASIG | K24: ENER TERM MAT | N24: POT SPOT | R24: Factor Potencia | Y24: =$D24 -> DIA | Z24: =+E24 -> CMg | AA24: CVP | AB24: RMA
A25: =YEAR(D25) -> 2025 | B25: =DATE(A25,MONTH(D25),1) -> 45931 | C25: mié. | D25: 45931 | E25: 24.854148 | F25: =+'Mono SPOT MAT'!M25/'Fisico SPOT MAT'!M25/24 -> 29.684186 | G25: =16*R25 -> 14.4 | H25: =+'Mono ASIG'!AA25 -> 61.946815 | I25: =+H25-J25*380/730/0.52 -> 47.531641 | J25: =16*R25 -> 14.4 | N25: =+'Mono SPOT MAT'!S25/'Fisico SPOT MAT'!S25/'Fisico SPOT MAT'!E25 -> 11.3809 | R25: 0.9
A26: =YEAR(D26) -> 2025 | B26: =DATE(A26,MONTH(D26),1) -> 45931 | C26: jue. | D26: =+ D25+1 -> 45932 | E26: 27.983237 | F26: =+'Mono SPOT MAT'!M26/'Fisico SPOT MAT'!M26/24 -> 30.044257 | G26: =16*R26 -> 14.4 | H26: =+'Mono ASIG'!AA26 -> 60.116829 | I26: =+H26-J26*380/730/0.52 -> 45.701655 | J26: =16*R26 -> 14.4 | N26: =+'Mono SPOT MAT'!S26/'Fisico SPOT MAT'!S26/'Fisico SPOT MAT'!E26 -> 11.407825 | R26: 0.9
A27: =YEAR(D27) -> 2025 | B27: =DATE(A27,MONTH(D27),1) -> 45931 | C27: vie. | D27: =+ D26+1 -> 45933 | E27: 27.892877 | F27: =+'Mono SPOT MAT'!M27/'Fisico SPOT MAT'!M27/24 -> 30.691543 | G27: =16*R27 -> 14.4 | H27: =+'Mono ASIG'!AA27 -> 58.649 | I27: =+H27-J27*380/730/0.52 -> 44.233826 | J27: =16*R27 -> 14.4 | N27: =+'Mono SPOT MAT'!S27/'Fisico SPOT MAT'!S27/'Fisico SPOT MAT'!E27 -> 11.413798 | R27: 0.9
A28: =YEAR(D28) -> 2025 | B28: =DATE(A28,MONTH(D28),1) -> 45931 | C28: sáb. | D28: =+ D27+1 -> 45934 | E28: 31.530274 | F28: =+'Mono SPOT MAT'!M28/'Fisico SPOT MAT'!M28/24 -> 32.022819 | G28: =16*R28 -> 14.4 | H28: =+'Mono ASIG'!AA28 -> 61.22392 | I28: =+H28-J28*380/730/0.52 -> 46.808746 | J28: =16*R28 -> 14.4 | N28: =+'Mono SPOT MAT'!S28/'Fisico SPOT MAT'!S28/'Fisico SPOT MAT'!E28 -> 11.377526 | R28: 0.9
A29: =YEAR(D29) -> 2025 | B29: =DATE(A29,MONTH(D29),1) -> 45931 | C29: dom. | D29: =+ D28+1 -> 45935 | E29: 28.785433 | F29: =+'Mono SPOT MAT'!M29/'Fisico SPOT MAT'!M29/24 -> 31.941739 | G29: =16*R29 -> 14.4 | H29: =+'Mono ASIG'!AA29 -> 63.180646 | I29: =+H29-J29*380/730/0.52 -> 48.765472 | J29: =16*R29 -> 14.4 | N29: =+'Mono SPOT MAT'!S29/'Fisico SPOT MAT'!S29/'Fisico SPOT MAT'!E29 -> 11.37484 | R29: 0.9
A30: =YEAR(D30) -> 2025 | B30: =DATE(A30,MONTH(D30),1) -> 45931 | C30: lun. | D30: =+ D29+1 -> 45936 | E30: 31.612932 | F30: =+'Mono SPOT MAT'!M30/'Fisico SPOT MAT'!M30/24 -> 30.996048 | G30: =16*R30 -> 14.4 | H30: =+'Mono ASIG'!AA30 -> 61.080366 | I30: =+H30-J30*380/730/0.52 -> 46.665192 | J30: =16*R30 -> 14.4 | N30: =+'Mono SPOT MAT'!S30/'Fisico SPOT MAT'!S30/'Fisico SPOT MAT'!E30 -> 11.380223 | R30: 0.9
A31: =YEAR(D31) -> 2025 | B31: =DATE(A31,MONTH(D31),1) -> 45931 | C31: mar. | D31: =+ D30+1 -> 45937 | E31: 31.570178 | F31: =+'Mono SPOT MAT'!M31/'Fisico SPOT MAT'!M31/24 -> 30.784964 | G31: =16*R31 -> 14.4 | H31: =+'Mono ASIG'!AA31 -> 63.155935 | I31: =+H31-J31*380/730/0.52 -> 48.740761 | J31: =16*R31 -> 14.4 | N31: =+'Mono SPOT MAT'!S31/'Fisico SPOT MAT'!S31/'Fisico SPOT MAT'!E31 -> 11.376157 | R31: 0.9
A32: =YEAR(D32) -> 2025 | B32: =DATE(A32,MONTH(D32),1) -> 45931 | C32: mié. | D32: =+ D31+1 -> 45938 | E32: 27.96837 | F32: =+'Mono SPOT MAT'!M32/'Fisico SPOT MAT'!M32/24 -> 31.348177 | G32: =16*R32 -> 14.4 | H32: =+'Mono ASIG'!AA32 -> 65.376973 | I32: =+H32-J32*380/730/0.52 -> 50.961799 | J32: =16*R32 -> 14.4 | N32: =+'Mono SPOT MAT'!S32/'Fisico SPOT MAT'!S32/'Fisico SPOT MAT'!E32 -> 11.379375 | R32: 0.9
A33: =YEAR(D33) -> 2025 | B33: =DATE(A33,MONTH(D33),1) -> 45931 | C33: jue. | D33: =+ D32+1 -> 45939 | E33: 29.918786 | F33: =+'Mono SPOT MAT'!M33/'Fisico SPOT MAT'!M33/24 -> 30.859801 | G33: =16*R33 -> 14.4 | H33: =+'Mono ASIG'!AA33 -> 63.346287 | I33: =+H33-J33*380/730/0.52 -> 48.931114 | J33: =16*R33 -> 14.4 | N33: =+'Mono SPOT MAT'!S33/'Fisico SPOT MAT'!S33/'Fisico SPOT MAT'!E33 -> 11.37513 | R33: 0.9
A34: =YEAR(D34) -> 2025 | B34: =DATE(A34,MONTH(D34),1) -> 45931 | C34: vie. | D34: =+ D33+1 -> 45940 | E34: 28.943681 | F34: =+'Mono SPOT MAT'!M34/'Fisico SPOT MAT'!M34/24 -> 31.651831 | G34: =16*R34 -> 14.4 | H34: =+'Mono ASIG'!AA34 -> 63.163796 | I34: =+H34-J34*380/730/0.52 -> 48.748622 | J34: =16*R34 -> 14.4 | N34: =+'Mono SPOT MAT'!S34/'Fisico SPOT MAT'!S34/'Fisico SPOT MAT'!E34 -> 11.374467 | R34: 0.9
A35: =YEAR(D35) -> 2025 | B35: =DATE(A35,MONTH(D35),1) -> 45931 | C35: sáb. | D35: =+ D34+1 -> 45941 | E35: 30.423262 | F35: =+'Mono SPOT MAT'!M35/'Fisico SPOT MAT'!M35/24 -> 31.926912 | G35: =16*R35 -> 14.4 | H35: =+'Mono ASIG'!AA35 -> 62.649776 | I35: =+H35-J35*380/730/0.52 -> 48.234602 | J35: =16*R35 -> 14.4 | N35: =+'Mono SPOT MAT'!S35/'Fisico SPOT MAT'!S35/'Fisico SPOT MAT'!E35 -> 11.373415 | R35: 0.9
A36: =YEAR(D36) -> 2025 | B36: =DATE(A36,MONTH(D36),1) -> 45931 | C36: dom. | D36: =+ D35+1 -> 45942 | E36: 19.247504 | F36: =+'Mono SPOT MAT'!M36/'Fisico SPOT MAT'!M36/24 -> 32.592034 | G36: =16*R36 -> 14.4 | H36: =+'Mono ASIG'!AA36 -> 68.841525 | I36: =+H36-J36*380/730/0.52 -> 54.426351 | J36: =16*R36 -> 14.4 | N36: =+'Mono SPOT MAT'!S36/'Fisico SPOT MAT'!S36/'Fisico SPOT MAT'!E36 -> 11.366155 | R36: 0.9
A37: =YEAR(D37) -> 2025 | B37: =DATE(A37,MONTH(D37),1) -> 45931 | C37: lun. | D37: =+ D36+1 -> 45943 | E37: 28.342066 | F37: =+'Mono SPOT MAT'!M37/'Fisico SPOT MAT'!M37/24 -> 31.780016 | G37: =16*R37 -> 14.4 | H37: =+'Mono ASIG'!AA37 -> 61.633753 | I37: =+H37-J37*380/730/0.52 -> 47.218579 | J37: =16*R37 -> 14.4 | N37: =+'Mono SPOT MAT'!S37/'Fisico SPOT MAT'!S37/'Fisico SPOT MAT'!E37 -> 11.369995 | R37: 0.9
... A85: =YEAR(D85) -> 2025 | B85: =DATE(A85,MONTH(D85),1) -> 45962 | C85: dom | D85: =+ D84+1 -> 45991 | E85: 37.418409 | F85: =+'Mono SPOT MAT'!M85/'Fisico SPOT MAT'!M85/24 -> 35.166272 | G85: =16*R85 -> 14.4 | H85: =+'Mono ASIG'!AA85 -> 71.721664 | I85: =+H85-J85*380/730/0.52 -> 57.30649 | J85: =16*R85 -> 14.4 | N85: =+'Mono SPOT MAT'!S85/'Fisico SPOT MAT'!S85/'Fisico SPOT MAT'!E85 -> 11.571719 | R85: 0.9
A86: =YEAR(D86) -> 2025 | B86: =DATE(A86,MONTH(D86),1) -> 45992 | C86: lun | D86: =+ D85+1 -> 45992 | E86: 47.852748 | F86: =+'Mono SPOT MAT'!M86/'Fisico SPOT MAT'!M86/24 -> 39.212751 | G86: =16*R86 -> 17.6 | H86: =+'Mono ASIG'!AA86 -> 64.022508 | I86: =+H86-J86*384/744/0.52 -> 46.553526 | J86: =16*R86 -> 17.6 | N86: =+'Mono SPOT MAT'!S86/'Fisico SPOT MAT'!S86/'Fisico SPOT MAT'!E86 -> 15.791563 | R86: 1.1
A87: =YEAR(D87) -> 2025 | B87: =DATE(A87,MONTH(D87),1) -> 45992 | C87: mar | D87: =+ D86+1 -> 45993 | E87: 44.491079 | F87: =+'Mono SPOT MAT'!M87/'Fisico SPOT MAT'!M87/24 -> 38.655333 | G87: =16*R87 -> 17.6 | H87: =+'Mono ASIG'!AA87 -> 65.403461 | I87: =+H87-J87*384/744/0.52 -> 47.934479 | J87: =16*R87 -> 17.6 | N87: =+'Mono SPOT MAT'!S87/'Fisico SPOT MAT'!S87/'Fisico SPOT MAT'!E87 -> 15.717185 | R87: 1.1
A88: =YEAR(D88) -> 2025 | B88: =DATE(A88,MONTH(D88),1) -> 45992 | C88: mié | D88: =+ D87+1 -> 45994 | E88: 49.450391 | F88: =+'Mono SPOT MAT'!M88/'Fisico SPOT MAT'!M88/24 -> 40.563123 | G88: =16*R88 -> 17.6 | H88: =+'Mono ASIG'!AA88 -> 60.136069 | I88: =+H88-J88*384/744/0.52 -> 42.667086 | J88: =16*R88 -> 17.6 | N88: =+'Mono SPOT MAT'!S88/'Fisico SPOT MAT'!S88/'Fisico SPOT MAT'!E88 -> 15.603869 | R88: 1.1
A89: =YEAR(D89) -> 2025 | B89: =DATE(A89,MONTH(D89),1) -> 45992 | C89: jue | D89: =+ D88+1 -> 45995 | E89: 48.991631 | F89: =+'Mono SPOT MAT'!M89/'Fisico SPOT MAT'!M89/24 -> 41.329226 | G89: =16*R89 -> 17.6 | H89: =+'Mono ASIG'!AA89 -> 58.429944 | I89: =+H89-J89*384/744/0.52 -> 40.960961 | J89: =16*R89 -> 17.6 | N89: =+'Mono SPOT MAT'!S89/'Fisico SPOT MAT'!S89/'Fisico SPOT MAT'!E89 -> 15.598166 | R89: 1.1
A90: =YEAR(D90) -> 2025 | B90: =DATE(A90,MONTH(D90),1) -> 45992 | C90: vie | D90: =+ D89+1 -> 45996 | E90: 46.55726 | F90: =+'Mono SPOT MAT'!M90/'Fisico SPOT MAT'!M90/24 -> 41.49849 | G90: =16*R90 -> 17.6 | H90: =+'Mono ASIG'!AA90 -> 57.10996 | I90: =+H90-J90*384/744/0.52 -> 39.640978 | J90: =16*R90 -> 17.6 | N90: =+'Mono SPOT MAT'!S90/'Fisico SPOT MAT'!S90/'Fisico SPOT MAT'!E90 -> 15.745533 | R90: 1.1
A91: =YEAR(D91) -> 2025 | B91: =DATE(A91,MONTH(D91),1) -> 45992 | C91: sáb | D91: =+ D90+1 -> 45997 | E91: 59.777719 | F91: =+'Mono SPOT MAT'!M91/'Fisico SPOT MAT'!M91/24 -> 45.074175 | G91: =16*R91 -> 17.6 | H91: =+'Mono ASIG'!AA91 -> 61.338369 | I91: =+H91-J91*384/744/0.52 -> 43.869387 | J91: =16*R91 -> 17.6 | N91: =+'Mono SPOT MAT'!S91/'Fisico SPOT MAT'!S91/'Fisico SPOT MAT'!E91 -> 15.666099 | R91: 1.1
A92: =YEAR(D92) -> 2025 | B92: =DATE(A92,MONTH(D92),1) -> 45992 | C92: dom | D92: =+ D91+1 -> 45998 | E92: 59.788687 | F92: =+'Mono SPOT MAT'!M92/'Fisico SPOT MAT'!M92/24 -> 44.279852 | G92: =16*R92 -> 17.6 | H92: =+'Mono ASIG'!AA92 -> 65.415919 | I92: =+H92-J92*384/744/0.52 -> 47.946937 | J92: =16*R92 -> 17.6 | N92: =+'Mono SPOT MAT'!S92/'Fisico SPOT MAT'!S92/'Fisico SPOT MAT'!E92 -> 15.759381 | R92: 1.1
A93: =YEAR(D93) -> 2025 | B93: =DATE(A93,MONTH(D93),1) -> 45992 | C93: lun | D93: =+ D92+1 -> 45999 | E93: 33.099054 | F93: =+'Mono SPOT MAT'!M93/'Fisico SPOT MAT'!M93/24 -> 39.03201 | G93: =16*R93 -> 17.6 | H93: =+'Mono ASIG'!AA93 -> 69.521917 | I93: =+H93-J93*384/744/0.52 -> 52.052934 | J93: =16*R93 -> 17.6 | N93: =+'Mono SPOT MAT'!S93/'Fisico SPOT MAT'!S93/'Fisico SPOT MAT'!E93 -> 15.821781 | R93: 1.1
A94: =YEAR(D94) -> 2025 | B94: =DATE(A94,MONTH(D94),1) -> 45992 | C94: mar | D94: =+ D93+1 -> 46000 | E94: 44.732648 | F94: =+'Mono SPOT MAT'!M94/'Fisico SPOT MAT'!M94/24 -> 39.734637 | G94: =16*R94 -> 17.6 | H94: =+'Mono ASIG'!AA94 -> 63.943977 | I94: =+H94-J94*384/744/0.52 -> 46.474994 | J94: =16*R94 -> 17.6 | N94: =+'Mono SPOT MAT'!S94/'Fisico SPOT MAT'!S94/'Fisico SPOT MAT'!E94 -> 15.758849 | R94: 1.1
A95: =YEAR(D95) -> 2025 | B95: =DATE(A95,MONTH(D95),1) -> 45992 | C95: mié | D95: =+ D94+1 -> 46001 | E95: 42.887197 | F95: =+'Mono SPOT MAT'!M95/'Fisico SPOT MAT'!M95/24 -> 40.253765 | G95: =16*R95 -> 17.6 | H95: =+'Mono ASIG'!AA95 -> 59.940251 | I95: =+H95-J95*384/744/0.52 -> 42.471268 | J95: =16*R95 -> 17.6 | N95: =+'Mono SPOT MAT'!S95/'Fisico SPOT MAT'!S95/'Fisico SPOT MAT'!E95 -> 15.797692 | R95: 1.1
A96: =YEAR(D96) -> 2025 | B96: =DATE(A96,MONTH(D96),1) -> 45992 | C96: jue | D96: =+ D95+1 -> 46002 | E96: 40.287078 | F96: =+'Mono SPOT MAT'!M96/'Fisico SPOT MAT'!M96/24 -> 39.64408 | G96: =16*R96 -> 17.6 | H96: =+'Mono ASIG'!AA96 -> 62.351925 | I96: =+H96-J96*384/744/0.52 -> 44.882943 | J96: =16*R96 -> 17.6 | N96: =+'Mono SPOT MAT'!S96/'Fisico SPOT MAT'!S96/'Fisico SPOT MAT'!E96 -> 15.80086 | R96: 1.1
A97: =YEAR(D97) -> 2025 | B97: =DATE(A97,MONTH(D97),1) -> 45992 | C97: vie | D97: =+ D96+1 -> 46003 | E97: 42.528427 | F97: =+'Mono SPOT MAT'!M97/'Fisico SPOT MAT'!M97/24 -> 40.594159 | G97: =16*R97 -> 17.6 | H97: =+'Mono ASIG'!AA97 -> 63.615281 | I97: =+H97-J97*384/744/0.52 -> 46.146299 | J97: =16*R97 -> 17.6 | N97: =+'Mono SPOT MAT'!S97/'Fisico SPOT MAT'!S97/'Fisico SPOT MAT'!E97 -> 15.796272 | R97: 1.1
... A106: =YEAR(D106) -> 2025 | B106: =DATE(A106,MONTH(D106),1) -> 45992 | C106: dom | D106: =+ D105+1 -> 46012 | E106: 37.462857 | F106: =+'Mono SPOT MAT'!M106/'Fisico SPOT MAT'!M106/24 -> 39.039134 | G106: =16*R106 -> 17.6 | H106: =+'Mono ASIG'!AA106 -> 69.787774 | I106: =+H106-J106*384/744/0.52 -> 52.318792 | J106: =16*R106 -> 17.6 | N106: =+'Mono SPOT MAT'!S106/'Fisico SPOT MAT'!S106/'Fisico SPOT MAT'!E106 -> 15.755226 | R106: 1.1
A107: =YEAR(D107) -> 2025 | B107: =DATE(A107,MONTH(D107),1) -> 45992 | C107: lun | D107: 46013 | E107: 34.908333 | F107: =+'Mono SPOT MAT'!M107/'Fisico SPOT MAT'!M107/24 -> 38.472386 | G107: =16*R107 -> 17.6 | H107: =+'Mono ASIG'!AA107 -> 65.328749 | I107: =+H107-J107*384/744/0.52 -> 47.859766 | J107: =16*R107 -> 17.6 | N107: =+'Mono SPOT MAT'!S107/'Fisico SPOT MAT'!S107/'Fisico SPOT MAT'!E107 -> 15.777341 | R107: 1.1
A108: =YEAR(D108) -> 2025 | B108: =DATE(A108,MONTH(D108),1) -> 45992 | C108: mar | D108: 46014 | E108: 39.053963 | F108: =+'Mono SPOT MAT'!M108/'Fisico SPOT MAT'!M108/24 -> 39.503472 | G108: =16*R108 -> 17.6 | H108: =+'Mono ASIG'!AA108 -> 60.802257 | I108: =+H108-J108*384/744/0.52 -> 43.333274 | J108: =16*R108 -> 17.6 | N108: =+'Mono SPOT MAT'!S108/'Fisico SPOT MAT'!S108/'Fisico SPOT MAT'!E108 -> 15.795271 | R108: 1.1
A109: =YEAR(D109) -> 2025 | B109: =DATE(A109,MONTH(D109),1) -> 45992 | C109: mié | D109: 46015 | E109: 33.616898 | F109: =+'Mono SPOT MAT'!M109/'Fisico SPOT MAT'!M109/24 -> 39.37575 | G109: =16*R109 -> 17.6 | H109: =+'Mono ASIG'!AA109 -> 60.369524 | I109: =+H109-J109*384/744/0.52 -> 42.900541 | J109: =16*R109 -> 17.6 | N109: =+'Mono SPOT MAT'!S109/'Fisico SPOT MAT'!S109/'Fisico SPOT MAT'!E109 -> 15.800721 | R109: 1.1
A110: =YEAR(D110) -> 2025 | B110: =DATE(A110,MONTH(D110),1) -> 45992 | C110: jue | D110: 46016 | E110: 17.542253 | F110: =+'Mono SPOT MAT'!M110/'Fisico SPOT MAT'!M110/24 -> 39.991515 | G110: =16*R110 -> 17.6 | H110: =+'Mono ASIG'!AA110 -> 67.776056 | I110: =+H110-J110*384/744/0.52 -> 50.307074 | J110: =16*R110 -> 17.6 | N110: =+'Mono SPOT MAT'!S110/'Fisico SPOT MAT'!S110/'Fisico SPOT MAT'!E110 -> 15.823145 | R110: 1.1
A111: =YEAR(D111) -> 2025 | B111: =DATE(A111,MONTH(D111),1) -> 45992 | C111: vie | D111: 46017 | E111: 37.063625 | F111: =+'Mono SPOT MAT'!M111/'Fisico SPOT MAT'!M111/24 -> 38.44424 | G111: =16*R111 -> 17.6 | H111: =+'Mono ASIG'!AA111 -> 61.168835 | I111: =+H111-J111*384/744/0.52 -> 43.699853 | J111: =16*R111 -> 17.6 | N111: =+'Mono SPOT MAT'!S111/'Fisico SPOT MAT'!S111/'Fisico SPOT MAT'!E111 -> 15.812135 | R111: 1.1
A112: =YEAR(D112) -> 2025 | B112: =DATE(A112,MONTH(D112),1) -> 45992 | C112: sáb | D112: 46018 | E112: 40.308242 | F112: =+'Mono SPOT MAT'!M112/'Fisico SPOT MAT'!M112/24 -> 38.133047 | G112: =16*R112 -> 17.6 | H112: =+'Mono ASIG'!AA112 -> 60.679224 | I112: =+H112-J112*384/744/0.52 -> 43.210241 | J112: =16*R112 -> 17.6 | N112: =+'Mono SPOT MAT'!S112/'Fisico SPOT MAT'!S112/'Fisico SPOT MAT'!E112 -> 15.773487 | R112: 1.1
A113: =YEAR(D113) -> 2025 | B113: =DATE(A113,MONTH(D113),1) -> 45992 | C113: dom | D113: 46019 | E113: 32.1828 | F113: =+'Mono SPOT MAT'!M113/'Fisico SPOT MAT'!M113/24 -> 41.386755 | G113: =16*R113 -> 17.6 | H113: =+'Mono ASIG'!AA113 -> 67.390299 | I113: =+H113-J113*384/744/0.52 -> 49.921316 | J113: =16*R113 -> 17.6 | N113: =+'Mono SPOT MAT'!S113/'Fisico SPOT MAT'!S113/'Fisico SPOT MAT'!E113 -> 15.784405 | R113: 1.1
A114: =YEAR(D114) -> 2025 | B114: =DATE(A114,MONTH(D114),1) -> 45992 | C114: lun | D114: =+D113+1 -> 46020 | E114: 48.711246 | F114: =+'Mono SPOT MAT'!M114/'Fisico SPOT MAT'!M114/24 -> 43.179977 | G114: =16*R114 -> 17.6 | H114: =+'Mono ASIG'!AA114 -> 66.639511 | I114: =+H114-J114*384/744/0.52 -> 49.170528 | J114: =16*R114 -> 17.6 | N114: =+'Mono SPOT MAT'!S114/'Fisico SPOT MAT'!S114/'Fisico SPOT MAT'!E114 -> 15.736548 | R114: 1.1
A115: =YEAR(D115) -> 2025 | B115: =DATE(A115,MONTH(D115),1) -> 45992 | C115: mar | D115: =+D114+1 -> 46021 | E115: 55.088441 | F115: =+'Mono SPOT MAT'!M115/'Fisico SPOT MAT'!M115/24 -> 45.833905 | G115: =16*R115 -> 17.6 | H115: =+'Mono ASIG'!AA115 -> 63.025879 | I115: =+H115-J115*384/744/0.52 -> 45.556897 | J115: =16*R115 -> 17.6 | N115: =+'Mono SPOT MAT'!S115/'Fisico SPOT MAT'!S115/'Fisico SPOT MAT'!E115 -> 15.677197 | R115: 1.1
A116: =YEAR(D116) -> 2025 | B116: =DATE(A116,MONTH(D116),1) -> 45992 | C116: mié | D116: =+D115+1 -> 46022 | E116: 42.938045 | F116: =+'Mono SPOT MAT'!M116/'Fisico SPOT MAT'!M116/24 -> 44.087568 | G116: =16*R116 -> 17.6 | H116: =+'Mono ASIG'!AA116 -> 58.57096 | I116: =+H116-J116*384/744/0.52 -> 41.101978 | J116: =16*R116 -> 17.6 | N116: =+'Mono SPOT MAT'!S116/'Fisico SPOT MAT'!S116/'Fisico SPOT MAT'!E116 -> 15.607928 | R116: 1.1
A117: =YEAR(D117) -> 2026 | B117: =DATE(A117,MONTH(D117),1) -> 46023 | C117: jue | D117: =+D116+1 -> 46023 | E117: 34.517233 | F117: =+'Mono SPOT MAT'!M117/'Fisico SPOT MAT'!M117/24 -> 39.606391 | G117: =16*R117 -> 17.6 | H117: =+'Mono ASIG'!AA117 -> 64.068085 | I117: =+H117-J117*386/744/0.52 -> 46.508118 | J117: =16*R117 -> 17.6 | N117: =+'Mono SPOT MAT'!S117/'Fisico SPOT MAT'!S117/'Fisico SPOT MAT'!E117 -> 15.779392 | R117: 1.1 | Y117: =$D117 -> 46023 | Z117: =+E117 -> 34.517233 | AA117: =+F117-AB117 -> 38.14846 | AB117: 1.4579313
A118: =YEAR(D118) -> 2026 | B118: =DATE(A118,MONTH(D118),1) -> 46023 | C118: vie | D118: =+D117+1 -> 46024 | E118: 35.878218 | F118: =+'Mono SPOT MAT'!M118/'Fisico SPOT MAT'!M118/24 -> 39.634232 | G118: =16*R118 -> 17.6 | H118: =+'Mono ASIG'!AA118 -> 62.876543 | I118: =+H118-J118*386/744/0.52 -> 45.316576 | J118: =16*R118 -> 17.6 | N118: =+'Mono SPOT MAT'!S118/'Fisico SPOT MAT'!S118/'Fisico SPOT MAT'!E118 -> 15.799891 | R118: 1.1 | Y118: =$D118 -> 46024 | Z118: =+E118 -> 35.878218 | AA118: =+F118-AB118 -> 38.565699 | AB118: 1.0685324
A119: =YEAR(D119) -> 2026 | B119: =DATE(A119,MONTH(D119),1) -> 46023 | C119: sáb | D119: =+D118+1 -> 46025 | E119: 24.226801 | F119: =+'Mono SPOT MAT'!M119/'Fisico SPOT MAT'!M119/24 -> 38.103484 | G119: =16*R119 -> 17.6 | H119: =+'Mono ASIG'!AA119 -> 65.956512 | I119: =+H119-J119*386/744/0.52 -> 48.396545 | J119: =16*R119 -> 17.6 | N119: =+'Mono SPOT MAT'!S119/'Fisico SPOT MAT'!S119/'Fisico SPOT MAT'!E119 -> 15.815076 | R119: 1.1 | Y119: =$D119 -> 46025 | Z119: =+E119 -> 24.226801 | AA119: =+F119-AB119 -> 36.075475 | AB119: 2.028009
A120: =YEAR(D120) -> 2026 | B120: =DATE(A120,MONTH(D120),1) -> 46023 | C120: dom | D120: =+D119+1 -> 46026 | E120: 27.778996 | F120: =+'Mono SPOT MAT'!M120/'Fisico SPOT MAT'!M120/24 -> 37.052894 | G120: =16*R120 -> 17.6 | H120: =+'Mono ASIG'!AA120 -> 65.893342 | I120: =+H120-J120*386/744/0.52 -> 48.333375 | J120: =16*R120 -> 17.6 | N120: =+'Mono SPOT MAT'!S120/'Fisico SPOT MAT'!S120/'Fisico SPOT MAT'!E120 -> 15.864421 | R120: 1.1 | Y120: =$D120 -> 46026 | Z120: =+E120 -> 27.778996 | AA120: =+F120-AB120 -> 35.02642 | AB120: 2.0264735
A121: =YEAR(D121) -> 2026 | B121: =DATE(A121,MONTH(D121),1) -> 46023 | C121: lun | D121: =+D120+1 -> 46027 | E121: 30.161741 | F121: =+'Mono SPOT MAT'!M121/'Fisico SPOT MAT'!M121/24 -> 37.0432 | G121: =16*R121 -> 17.6 | H121: =+'Mono ASIG'!AA121 -> 64.231325 | I121: =+H121-J121*386/744/0.52 -> 46.671358 | J121: =16*R121 -> 17.6 | N121: =+'Mono SPOT MAT'!S121/'Fisico SPOT MAT'!S121/'Fisico SPOT MAT'!E121 -> 15.819606 | R121: 1.1 | Y121: =$D121 -> 46027 | Z121: =+E121 -> 30.161741 | AA121: =+F121-AB121 -> 35.00991 | AB121: 2.0332904
A122: =YEAR(D122) -> 2026 | B122: =DATE(A122,MONTH(D122),1) -> 46023 | C122: mar | D122: =+D121+1 -> 46028 | E122: 32.978166 | F122: =+'Mono SPOT MAT'!M122/'Fisico SPOT MAT'!M122/24 -> 37.732777 | G122: =16*R122 -> 17.6 | H122: =+'Mono ASIG'!AA122 -> 61.637048 | I122: =+H122-J122*386/744/0.52 -> 44.077081 | J122: =16*R122 -> 17.6 | N122: =+'Mono SPOT MAT'!S122/'Fisico SPOT MAT'!S122/'Fisico SPOT MAT'!E122 -> 15.827167 | R122: 1.1 | Y122: =$D122 -> 46028 | Z122: =+E122 -> 32.978166 | AA122: =+F122-AB122 -> 35.968903 | AB122: 1.7638735
A123: =YEAR(D123) -> 2026 | B123: =DATE(A123,MONTH(D123),1) -> 46023 | C123: mié | D123: =+D122+1 -> 46029 | E123: 34.478205 | F123: =+'Mono SPOT MAT'!M123/'Fisico SPOT MAT'!M123/24 -> 37.312837 | G123: =16*R123 -> 17.6 | H123: =+'Mono ASIG'!AA123 -> 62.485193 | I123: =+H123-J123*386/744/0.52 -> 44.925226 | J123: =16*R123 -> 17.6 | N123: =+'Mono SPOT MAT'!S123/'Fisico SPOT MAT'!S123/'Fisico SPOT MAT'!E123 -> 15.846615 | R123: 1.1 | Y123: =$D123 -> 46029 | Z123: =+E123 -> 34.478205 | AA123: =+F123-AB123 -> 36.277591 | AB123: 1.0352455
A124: =YEAR(D124) -> 2026 | B124: =DATE(A124,MONTH(D124),1) -> 46023 | C124: jue | D124: =+D123+1 -> 46030 | E124: 32.759909 | F124: =+'Mono SPOT MAT'!M124/'Fisico SPOT MAT'!M124/24 -> 37.253902 | G124: =16*R124 -> 17.6 | H124: =+'Mono ASIG'!AA124 -> 64.891477 | I124: =+H124-J124*386/744/0.52 -> 47.33151 | J124: =16*R124 -> 17.6 | N124: =+'Mono SPOT MAT'!S124/'Fisico SPOT MAT'!S124/'Fisico SPOT MAT'!E124 -> 15.852105 | R124: 1.1 | Y124: =$D124 -> 46030 | Z124: =+E124 -> 32.759909 | AA124: =+F124-AB124 -> 35.630193 | AB124: 1.6237091
A125: =YEAR(D125) -> 2026 | B125: =DATE(A125,MONTH(D125),1) -> 46023 | C125: vie | D125: =+D124+1 -> 46031 | E125: 34.173237 | F125: =+'Mono SPOT MAT'!M125/'Fisico SPOT MAT'!M125/24 -> 37.210622 | G125: =16*R125 -> 17.6 | H125: =+'Mono ASIG'!AA125 -> 66.192726 | I125: =+H125-J125*386/744/0.52 -> 48.632759 | J125: =16*R125 -> 17.6 | N125: =+'Mono SPOT MAT'!S125/'Fisico SPOT MAT'!S125/'Fisico SPOT MAT'!E125 -> 15.717305 | R125: 1.1 | Y125: =$D125 -> 46031 | Z125: =+E125 -> 34.173237 | AA125: =+F125-AB125 -> 36.173431 | AB125: 1.0371909
A126: =YEAR(D126) -> 2026 | B126: =DATE(A126,MONTH(D126),1) -> 46023 | C126: sáb | D126: =+D125+1 -> 46032 | E126: 31.925392 | F126: =+'Mono SPOT MAT'!M126/'Fisico SPOT MAT'!M126/24 -> 36.358019 | G126: =16*R126 -> 17.6 | H126: =+'Mono ASIG'!AA126 -> 65.607898 | I126: =+H126-J126*386/744/0.52 -> 48.047931 | J126: =16*R126 -> 17.6 | N126: =+'Mono SPOT MAT'!S126/'Fisico SPOT MAT'!S126/'Fisico SPOT MAT'!E126 -> 15.562575 | R126: 1.1 | Y126: =$D126 -> 46032 | Z126: =+E126 -> 31.925392 | AA126: =+F126-AB126 -> 34.365406 | AB126: 1.9926132
A127: =YEAR(D127) -> 2026 | B127: =DATE(A127,MONTH(D127),1) -> 46023 | C127: dom | D127: =+D126+1 -> 46033 | E127: 34.015781 | F127: =+'Mono SPOT MAT'!M127/'Fisico SPOT MAT'!M127/24 -> 37.391593 | G127: =16*R127 -> 17.6 | H127: =+'Mono ASIG'!AA127 -> 66.510212 | I127: =+H127-J127*386/744/0.52 -> 48.950245 | J127: =16*R127 -> 17.6 | N127: =+'Mono SPOT MAT'!S127/'Fisico SPOT MAT'!S127/'Fisico SPOT MAT'!E127 -> 15.598204 | R127: 1.1 | Y127: =$D127 -> 46033 | Z127: =+E127 -> 34.015781 | AA127: =+F127-AB127 -> 36.159628 | AB127: 1.2319647
A128: =YEAR(D128) -> 2026 | B128: =DATE(A128,MONTH(D128),1) -> 46023 | C128: lun | D128: =+D127+1 -> 46034 | E128: 43.634912 | F128: =+'Mono SPOT MAT'!M128/'Fisico SPOT MAT'!M128/24 -> 39.319317 | G128: =16*R128 -> 17.6 | H128: =+'Mono ASIG'!AA128 -> 58.906847 | I128: =+H128-J128*386/744/0.52 -> 41.34688 | J128: =16*R128 -> 17.6 | N128: =+'Mono SPOT MAT'!S128/'Fisico SPOT MAT'!S128/'Fisico SPOT MAT'!E128 -> 15.582214 | R128: 1.1 | Y128: =$D128 -> 46034 | Z128: =+E128 -> 43.634912 | AA128: =+F128-AB128 -> 37.873646 | AB128: 1.4456716
... A147: =YEAR(D147) -> 2026 | B147: =DATE(A147,MONTH(D147),1) -> 46023 | C147: sáb | D147: =+D146+1 -> 46053 | E147: 101.10165 | F147: =+'Mono SPOT MAT'!M147/'Fisico SPOT MAT'!M147/24 -> 53.928609 | G147: =16*R147 -> 17.6 | H147: =+'Mono ASIG'!AA147 -> 73.51756 | I147: =+H147-J147*386/744/0.52 -> 55.957594 | J147: =16*R147 -> 17.6 | N147: =+'Mono SPOT MAT'!S147/'Fisico SPOT MAT'!S147/'Fisico SPOT MAT'!E147 -> 15.620164 | R147: 1.1 | Y147: =$D147 -> 46053 | Z147: =+E147 -> 101.10165 | AA147: =+F147-AB147 -> 45.257569 | AB147: 8.6710403
A148: =YEAR(D148) -> 2026 | B148: =DATE(A148,MONTH(D148),1) -> 46054 | C148: =+C141 -> dom | D148: =+D147+1 -> 46054 | E148: 75.550678 | F148: =+'Mono SPOT MAT'!M148/'Fisico SPOT MAT'!M148/24 -> 48.79352 | G148: =16*R148 -> 17.6 | H148: =+'Mono ASIG'!AA148 -> 79.435128 | I148: =+H148-J148*336/672/0.52 -> 62.512051 | J148: =16*R148 -> 17.6 | N148: =+'Mono SPOT MAT'!S148/'Fisico SPOT MAT'!S148/'Fisico SPOT MAT'!E148 -> 15.856572 | R148: 1.1 | Y148: =$D148 -> 46054 | Z148: =+E148 -> 75.550678 | AA148: =+F148-AB148 -> 45.312336 | AB148: 3.4811847
A149: =YEAR(D149) -> 2026 | B149: =DATE(A149,MONTH(D149),1) -> 46054 | C149: =+C142 -> lun | D149: =+D148+1 -> 46055 | E149: 91.368709 | F149: =+'Mono SPOT MAT'!M149/'Fisico SPOT MAT'!M149/24 -> 47.665601 | G149: =16*R149 -> 17.6 | H149: =+'Mono ASIG'!AA149 -> 69.64472 | I149: =+H149-J149*336/672/0.52 -> 52.721643 | J149: =16*R149 -> 17.6 | N149: =+'Mono SPOT MAT'!S149/'Fisico SPOT MAT'!S149/'Fisico SPOT MAT'!E149 -> 15.826627 | R149: 1.1 | Y149: =$D149 -> 46055 | Z149: =+E149 -> 91.368709 | AA149: =+F149-AB149 -> 42.237891 | AB149: 5.4277097
A150: =YEAR(D150) -> 2026 | B150: =DATE(A150,MONTH(D150),1) -> 46054 | C150: =+C143 -> mar | D150: =+D149+1 -> 46056 | E150: 116.15318 | F150: =+'Mono SPOT MAT'!M150/'Fisico SPOT MAT'!M150/24 -> 55.052221 | G150: =16*R150 -> 17.6 | H150: =+'Mono ASIG'!AA150 -> 66.876128 | I150: =+H150-J150*336/672/0.52 -> 49.953051 | J150: =16*R150 -> 17.6 | N150: =+'Mono SPOT MAT'!S150/'Fisico SPOT MAT'!S150/'Fisico SPOT MAT'!E150 -> 15.755029 | R150: 1.1 | Y150: =$D150 -> 46056 | Z150: =+E150 -> 116.15318 | AA150: =+F150-AB150 -> 46.616663 | AB150: 8.4355585
A151: =YEAR(D151) -> 2026 | B151: =DATE(A151,MONTH(D151),1) -> 46054 | C151: =+C144 -> mié | D151: =+D150+1 -> 46057 | E151: 120.72378 | F151: =+'Mono SPOT MAT'!M151/'Fisico SPOT MAT'!M151/24 -> 54.407782 | G151: =16*R151 -> 17.6 | H151: =+'Mono ASIG'!AA151 -> 78.487661 | I151: =+H151-J151*336/672/0.52 -> 61.564584 | J151: =16*R151 -> 17.6 | N151: =+'Mono SPOT MAT'!S151/'Fisico SPOT MAT'!S151/'Fisico SPOT MAT'!E151 -> 15.809792 | R151: 1.1 | Y151: =$D151 -> 46057 | Z151: =+E151 -> 120.72378 | AA151: =+F151-AB151 -> 45.688142 | AB151: 8.71964
A152: =YEAR(D152) -> 2026 | B152: =DATE(A152,MONTH(D152),1) -> 46054 | C152: =+C145 -> jue | D152: =+D151+1 -> 46058 | E152: 60.581577 | F152: =+'Mono SPOT MAT'!M152/'Fisico SPOT MAT'!M152/24 -> 48.861947 | G152: =16*R152 -> 17.6 | H152: =+'Mono ASIG'!AA152 -> 79.127153 | I152: =+H152-J152*336/672/0.52 -> 62.204076 | J152: =16*R152 -> 17.6 | N152: =+'Mono SPOT MAT'!S152/'Fisico SPOT MAT'!S152/'Fisico SPOT MAT'!E152 -> 15.857808 | R152: 1.1 | Y152: =$D152 -> 46058 | Z152: =+E152 -> 60.581577 | AA152: =+F152-AB152 -> 46.80786 | AB152: 2.054087
A153: =YEAR(D153) -> 2026 | B153: =DATE(A153,MONTH(D153),1) -> 46054 | C153: =+C146 -> vie | D153: =+D152+1 -> 46059 | E153: 44.886909 | F153: =+'Mono SPOT MAT'!M153/'Fisico SPOT MAT'!M153/24 -> 44.742679 | G153: =16*R153 -> 17.6 | H153: =+'Mono ASIG'!AA153 -> 80.974168 | I153: =+H153-J153*336/672/0.52 -> 64.051091 | J153: =16*R153 -> 17.6 | N153: =+'Mono SPOT MAT'!S153/'Fisico SPOT MAT'!S153/'Fisico SPOT MAT'!E153 -> 15.870658 | R153: 1.1 | Y153: =$D153 -> 46059 | Z153: =+E153 -> 44.886909 | AA153: =+F153-AB153 -> 43.460743 | AB153: 1.2819364
A154: =YEAR(D154) -> 2026 | B154: =DATE(A154,MONTH(D154),1) -> 46054 | C154: =+C147 -> sáb | D154: =+D153+1 -> 46060 | E154: 40.387389 | F154: =+'Mono SPOT MAT'!M154/'Fisico SPOT MAT'!M154/24 -> 43.266406 | G154: =16*R154 -> 17.6 | H154: =+'Mono ASIG'!AA154 -> 73.957868 | I154: =+H154-J154*336/672/0.52 -> 57.034791 | J154: =16*R154 -> 17.6 | N154: =+'Mono SPOT MAT'!S154/'Fisico SPOT MAT'!S154/'Fisico SPOT MAT'!E154 -> 15.870618 | R154: 1.1 | Y154: =$D154 -> 46060 | Z154: =+E154 -> 40.387389 | AA154: =+F154-AB154 -> 41.897372 | AB154: 1.3690345
A155: =YEAR(D155) -> 2026 | B155: =DATE(A155,MONTH(D155),1) -> 46054 | C155: =+C148 -> dom | D155: =+D154+1 -> 46061 | E155: 39.628152 | F155: =+'Mono SPOT MAT'!M155/'Fisico SPOT MAT'!M155/24 -> 42.714827 | G155: =16*R155 -> 17.6 | H155: =+'Mono ASIG'!AA155 -> 74.987166 | I155: =+H155-J155*336/672/0.52 -> 58.064089 | J155: =16*R155 -> 17.6 | N155: =+'Mono SPOT MAT'!S155/'Fisico SPOT MAT'!S155/'Fisico SPOT MAT'!E155 -> 15.827654 | R155: 1.1 | Y155: =$D155 -> 46061 | Z155: =+E155 -> 39.628152 | AA155: =+F155-AB155 -> 41.372382 | AB155: 1.3424453
A156: =YEAR(D156) -> 2026 | B156: =DATE(A156,MONTH(D156),1) -> 46054 | C156: =+C149 -> lun | D156: =+D155+1 -> 46062 | E156: 52.190661 | F156: =+'Mono SPOT MAT'!M156/'Fisico SPOT MAT'!M156/24 -> 43.436601 | G156: =16*R156 -> 17.6 | H156: =+'Mono ASIG'!AA156 -> 70.944141 | I156: =+H156-J156*336/672/0.52 -> 54.021064 | J156: =16*R156 -> 17.6 | N156: =+'Mono SPOT MAT'!S156/'Fisico SPOT MAT'!S156/'Fisico SPOT MAT'!E156 -> 15.805166 | R156: 1.1 | Y156: =$D156 -> 46062 | Z156: =+E156 -> 52.190661 | AA156: =+F156-AB156 -> 41.574005 | AB156: 1.8625965
A157: =YEAR(D157) -> 2026 | B157: =DATE(A157,MONTH(D157),1) -> 46054 | C157: =+C150 -> mar | D157: =+D156+1 -> 46063 | E157: 123.31218 | F157: =+'Mono SPOT MAT'!M157/'Fisico SPOT MAT'!M157/24 -> 52.226837 | G157: =16*R157 -> 17.6 | H157: =+'Mono ASIG'!AA157 -> 70.391017 | I157: =+H157-J157*336/672/0.52 -> 53.46794 | J157: =16*R157 -> 17.6 | N157: =+'Mono SPOT MAT'!S157/'Fisico SPOT MAT'!S157/'Fisico SPOT MAT'!E157 -> 15.789901 | R157: 1.1 | Y157: =$D157 -> 46063 | Z157: =+E157 -> 123.31218 | AA157: =+F157-AB157 -> 41.839368 | AB157: 10.38747
A158: =YEAR(D158) -> 2026 | B158: =DATE(A158,MONTH(D158),1) -> 46054 | C158: =+C151 -> mié | D158: =+D157+1 -> 46064 | E158: 37.373168 | F158: =+'Mono SPOT MAT'!M158/'Fisico SPOT MAT'!M158/24 -> 43.470922 | G158: =16*R158 -> 17.6 | H158: =+'Mono ASIG'!AA158 -> 74.778556 | I158: =+H158-J158*336/672/0.52 -> 57.855479 | J158: =16*R158 -> 17.6 | N158: =+'Mono SPOT MAT'!S158/'Fisico SPOT MAT'!S158/'Fisico SPOT MAT'!E158 -> 15.853507 | R158: 1.1 | Y158: =$D158 -> 46064 | Z158: =+E158 -> 37.373168 | AA158: =+F158-AB158 -> 42.349165 | AB158: 1.121757
A159: =YEAR(D159) -> 2026 | B159: =DATE(A159,MONTH(D159),1) -> 46054 | C159: =+C152 -> jue | D159: =+D158+1 -> 46065 | E159: 37.98426 | F159: =+'Mono SPOT MAT'!M159/'Fisico SPOT MAT'!M159/24 -> 39.908513 | G159: =16*R159 -> 17.6 | H159: =+'Mono ASIG'!AA159 -> 72.157891 | I159: =+H159-J159*336/672/0.52 -> 55.234814 | J159: =16*R159 -> 17.6 | N159: =+'Mono SPOT MAT'!S159/'Fisico SPOT MAT'!S159/'Fisico SPOT MAT'!E159 -> 15.874062 | R159: 1.1 | Y159: =$D159 -> 46065 | Z159: =+E159 -> 37.98426 | AA159: =+F159-AB159 -> 38.46153 | AB159: 1.4469827
... A175: =YEAR(D175) -> 2026 | B175: =DATE(A175,MONTH(D175),1) -> 46054 | C175: =+C168 -> sáb | D175: =+D174+1 -> 46081 | E175: 33.721986 | F175: =+'Mono SPOT MAT'!M175/'Fisico SPOT MAT'!M175/24 -> 38.805707 | G175: =16*R175 -> 17.6 | H175: =+'Mono ASIG'!AA175 -> 74.788518 | I175: =+H175-J175*336/672/0.52 -> 57.865441 | J175: =16*R175 -> 17.6 | N175: =+'Mono SPOT MAT'!S175/'Fisico SPOT MAT'!S175/'Fisico SPOT MAT'!E175 -> 15.903193 | R175: 1.1 | Y175: =$D175 -> 46081 | Z175: =+E175 -> 33.721986 | AA175: =+F175-AB175 -> 37.737443 | AB175: 1.0682643
A176: =YEAR(D176) -> 2026 | B176: =DATE(A176,MONTH(D176),1) -> 46082 | C176: =+C169 -> dom | D176: =+D175+1 -> 46082 | E176: 31.87602 | F176: =+'Mono SPOT MAT'!M176/'Fisico SPOT MAT'!M176/24 -> 38.685705 | G176: =16*R176 -> 14.4 | H176: =+'Mono ASIG'!AA176 -> 72.57159 | I176: =+H176-J176*$P$12/$Q$12/$W$12 -> 60.043553 | J176: =16*R176 -> 14.4 | N176: =+'Mono SPOT MAT'!S176/'Fisico SPOT MAT'!S176/'Fisico SPOT MAT'!E176 -> 15.30143 | R176: 0.9 | Y176: =$D176 -> 46082 | Z176: =+E176 -> 31.87602 | AA176: =+F176-AB176 -> 37.822672 | AB176: 0.86303328
A177: =YEAR(D177) -> 2026 | B177: =DATE(A177,MONTH(D177),1) -> 46082 | C177: =+C170 -> lun | D177: =+D176+1 -> 46083 | E177: 41.855326 | F177: =+'Mono SPOT MAT'!M177/'Fisico SPOT MAT'!M177/24 -> 44.074983 | G177: =16*R177 -> 14.4 | H177: =+'Mono ASIG'!AA177 -> 67.05529 | I177: =+H177-J177*$P$12/$Q$12/$W$12 -> 54.527253 | J177: =16*R177 -> 14.4 | N177: =+'Mono SPOT MAT'!S177/'Fisico SPOT MAT'!S177/'Fisico SPOT MAT'!E177 -> 15.300693 | R177: 0.9 | Y177: =$D177 -> 46083 | Z177: =+E177 -> 41.855326 | AA177: =+F177-AB177 -> 42.826095 | AB177: 1.2488885
A178: =YEAR(D178) -> 2026 | B178: =DATE(A178,MONTH(D178),1) -> 46082 | C178: =+C171 -> mar | D178: =+D177+1 -> 46084 | E178: 36.195883 | F178: =+'Mono SPOT MAT'!M178/'Fisico SPOT MAT'!M178/24 -> 45.083406 | G178: =16*R178 -> 14.4 | H178: =+'Mono ASIG'!AA178 -> 71.997034 | I178: =+H178-J178*$P$12/$Q$12/$W$12 -> 59.468997 | J178: =16*R178 -> 14.4 | N178: =+'Mono SPOT MAT'!S178/'Fisico SPOT MAT'!S178/'Fisico SPOT MAT'!E178 -> 15.295613 | R178: 0.9 | Y178: =$D178 -> 46084 | Z178: =+E178 -> 36.195883 | AA178: =+F178-AB178 -> 44.294403 | AB178: 0.78900277
A179: =YEAR(D179) -> 2026 | B179: =DATE(A179,MONTH(D179),1) -> 46082 | C179: =+C172 -> mié | D179: =+D178+1 -> 46085 | E179: 36.6657 | F179: =+'Mono SPOT MAT'!M179/'Fisico SPOT MAT'!M179/24 -> 40.569296 | G179: =16*R179 -> 14.4 | H179: =+'Mono ASIG'!AA179 -> 67.302767 | I179: =+H179-J179*$P$12/$Q$12/$W$12 -> 54.77473 | J179: =16*R179 -> 14.4 | N179: =+'Mono SPOT MAT'!S179/'Fisico SPOT MAT'!S179/'Fisico SPOT MAT'!E179 -> 15.296886 | R179: 0.9 | Y179: =$D179 -> 46085 | Z179: =+E179 -> 36.6657 | AA179: =+F179-AB179 -> 39.368226 | AB179: 1.2010702
A180: =YEAR(D180) -> 2026 | B180: =DATE(A180,MONTH(D180),1) -> 46082 | C180: =+C173 -> jue | D180: =+D179+1 -> 46086 | E180: 40.343759 | F180: =+'Mono SPOT MAT'!M180/'Fisico SPOT MAT'!M180/24 -> 38.9535 | G180: =16*R180 -> 14.4 | H180: =+'Mono ASIG'!AA180 -> 62.463307 | I180: =+H180-J180*$P$12/$Q$12/$W$12 -> 49.93527 | J180: =16*R180 -> 14.4 | N180: =+'Mono SPOT MAT'!S180/'Fisico SPOT MAT'!S180/'Fisico SPOT MAT'!E180 -> 15.305328 | R180: 0.9 | Y180: =$D180 -> 46086 | Z180: =+E180 -> 40.343759 | AA180: =+F180-AB180 -> 37.507492 | AB180: 1.4460076
A181: =YEAR(D181) -> 2026 | B181: =DATE(A181,MONTH(D181),1) -> 46082 | C181: =+C174 -> vie | D181: =+D180+1 -> 46087 | E181: 37.580815 | F181: =+'Mono SPOT MAT'!M181/'Fisico SPOT MAT'!M181/24 -> 38.309149 | G181: =16*R181 -> 14.4 | H181: =+'Mono ASIG'!AA181 -> 68.653186 | I181: =+H181-J181*$P$12/$Q$12/$W$12 -> 56.125149 | J181: =16*R181 -> 14.4 | N181: =+'Mono SPOT MAT'!S181/'Fisico SPOT MAT'!S181/'Fisico SPOT MAT'!E181 -> 15.321114 | R181: 0.9 | Y181: =$D181 -> 46087 | Z181: =+E181 -> 37.580815 | AA181: =+F181-AB181 -> 36.930478 | AB181: 1.3786713
A182: =YEAR(D182) -> 2026 | B182: =DATE(A182,MONTH(D182),1) -> 46082 | C182: =+C175 -> sáb | D182: =+D181+1 -> 46088 | E182: 33.389054 | F182: =+'Mono SPOT MAT'!M182/'Fisico SPOT MAT'!M182/24 -> 37.928164 | G182: =16*R182 -> 14.4 | H182: =+'Mono ASIG'!AA182 -> 74.00667 | I182: =+H182-J182*$P$12/$Q$12/$W$12 -> 61.478633 | J182: =16*R182 -> 14.4 | N182: =+'Mono SPOT MAT'!S182/'Fisico SPOT MAT'!S182/'Fisico SPOT MAT'!E182 -> 15.256709 | R182: 0.9 | Y182: =$D182 -> 46088 | Z182: =+E182 -> 33.389054 | AA182: =+F182-AB182 -> 36.955352 | AB182: 0.97281238
A183: =YEAR(D183) -> 2026 | B183: =DATE(A183,MONTH(D183),1) -> 46082 | C183: =+C176 -> dom | D183: =+D182+1 -> 46089 | E183: 30.592164 | F183: =+'Mono SPOT MAT'!M183/'Fisico SPOT MAT'!M183/24 -> 37.601907 | G183: =16*R183 -> 14.4 | H183: =+'Mono ASIG'!AA183 -> 72.865185 | I183: =+H183-J183*$P$12/$Q$12/$W$12 -> 60.337148 | J183: =16*R183 -> 14.4 | N183: =+'Mono SPOT MAT'!S183/'Fisico SPOT MAT'!S183/'Fisico SPOT MAT'!E183 -> 15.272889 | R183: 0.9 | Y183: =$D183 -> 46089 | Z183: =+E183 -> 30.592164 | AA183: =+F183-AB183 -> 36.813317 | AB183: 0.78859007
A184: =YEAR(D184) -> 2026 | B184: =DATE(A184,MONTH(D184),1) -> 46082 | C184: =+C177 -> lun | D184: =+D183+1 -> 46090 | E184: 33.375228 | F184: =+'Mono SPOT MAT'!M184/'Fisico SPOT MAT'!M184/24 -> 37.423552 | G184: =16*R184 -> 14.4 | H184: =+'Mono ASIG'!AA184 -> 68.466351 | I184: =+H184-J184*$P$12/$Q$12/$W$12 -> 55.938314 | J184: =16*R184 -> 14.4 | N184: =+'Mono SPOT MAT'!S184/'Fisico SPOT MAT'!S184/'Fisico SPOT MAT'!E184 -> 15.253004 | R184: 0.9 | Y184: =$D184 -> 46090 | Z184: =+E184 -> 33.375228 | AA184: =+F184-AB184 -> 36.351954 | AB184: 1.0715982
A185: =YEAR(D185) -> 2026 | B185: =DATE(A185,MONTH(D185),1) -> 46082 | C185: =+C178 -> mar | D185: =+D184+1 -> 46091 | E185: 38.141885 | F185: =+'Mono SPOT MAT'!M185/'Fisico SPOT MAT'!M185/24 -> 38.577213 | G185: =16*R185 -> 14.4 | H185: =+'Mono ASIG'!AA185 -> 67.263404 | I185: =+H185-J185*$P$12/$Q$12/$W$12 -> 54.735367 | J185: =16*R185 -> 14.4 | N185: =+'Mono SPOT MAT'!S185/'Fisico SPOT MAT'!S185/'Fisico SPOT MAT'!E185 -> 15.250393 | R185: 0.9 | Y185: =$D185 -> 46091 | Z185: =+E185 -> 38.141885 | AA185: =+F185-AB185 -> 37.182308 | AB185: 1.3949055
A186: =YEAR(D186) -> 2026 | B186: =DATE(A186,MONTH(D186),1) -> 46082 | C186: =+C179 -> mié | D186: =+D185+1 -> 46092 | E186: 36.512986 | F186: =+'Mono SPOT MAT'!M186/'Fisico SPOT MAT'!M186/24 -> 38.154221 | G186: =16*R186 -> 14.4 | H186: =+'Mono ASIG'!AA186 -> 70.52964 | I186: =+H186-J186*$P$12/$Q$12/$W$12 -> 58.001603 | J186: =16*R186 -> 14.4 | N186: =+'Mono SPOT MAT'!S186/'Fisico SPOT MAT'!S186/'Fisico SPOT MAT'!E186 -> 15.250798 | R186: 0.9 | Y186: =$D186 -> 46092 | Z186: =+E186 -> 36.512986 | AA186: =+F186-AB186 -> 36.775775 | AB186: 1.3784464
A187: =YEAR(D187) -> 2026 | B187: =DATE(A187,MONTH(D187),1) -> 46082 | C187: =+C180 -> jue | D187: =+D186+1 -> 46093 | E187: 40.316809 | F187: =+'Mono SPOT MAT'!M187/'Fisico SPOT MAT'!M187/24 -> 38.265919 | G187: =16*R187 -> 14.4 | H187: =+'Mono ASIG'!AA187 -> 66.869305 | I187: =+H187-J187*$P$12/$Q$12/$W$12 -> 54.341268 | J187: =16*R187 -> 14.4 | N187: =+'Mono SPOT MAT'!S187/'Fisico SPOT MAT'!S187/'Fisico SPOT MAT'!E187 -> 15.269356 | R187: 0.9 | Y187: =$D187 -> 46093 | Z187: =+E187 -> 40.316809 | AA187: =+F187-AB187 -> 36.787942 | AB187: 1.4779776
... A206: =YEAR(D206) -> 2026 | B206: =DATE(A206,MONTH(D206),1) -> 46082 | C206: =+C199 -> mar | D206: =+D205+1 -> 46112 | E206: 277.47484 | F206: =+'Mono SPOT MAT'!M206/'Fisico SPOT MAT'!M206/24 -> 107.59038 | G206: =16*R206 -> 14.4 | H206: =+'Mono ASIG'!AA206 -> 95.476747 | I206: =+H206-J206*$P$12/$Q$12/$W$12 -> 82.94871 | J206: =16*R206 -> 14.4 | N206: =+'Mono SPOT MAT'!S206/'Fisico SPOT MAT'!S206/'Fisico SPOT MAT'!E206 -> 14.91676 | R206: 0.9 | Y206: =$D206 -> 46112 | Z206: =+E206 -> 277.47484 | AA206: =+F206-AB206 -> 79.313823 | AB206: 28.276559
A207: =YEAR(D207) -> 2026 | B207: =DATE(A207,MONTH(D207),1) -> 46113 | C207: =+C200 -> mié | D207: =+D206+1 -> 46113 | E207: 209.85886 | F207: =+'Mono SPOT MAT'!M207/'Fisico SPOT MAT'!M207/24 -> 95.547376 | G207: =16*R207 -> 14.4 | H207: =+'Mono ASIG'!AA207 -> 90.82892 | I207: =+H207-J207*$P$13/$Q$13/$W$13 -> 77.862098 | J207: =16*R207 -> 14.4 | N207: =+'Mono SPOT MAT'!S207/'Fisico SPOT MAT'!S207/'Fisico SPOT MAT'!E207 -> 14.940473 | R207: 0.9 | Y207: =$D207 -> 46113 | Z207: =+E207 -> 209.85886 | AA207: =+F207-AB207 -> 76.135224 | AB207: 19.412151
A208: =YEAR(D208) -> 2026 | B208: =DATE(A208,MONTH(D208),1) -> 46113 | C208: =+C201 -> jue | D208: =+D207+1 -> 46114 | E208: 134.99318 | F208: =+'Mono SPOT MAT'!M208/'Fisico SPOT MAT'!M208/24 -> 57.660895 | G208: =16*R208 -> 14.4 | H208: =+'Mono ASIG'!AA208 -> 73.904738 | I208: =+H208-J208*$P$13/$Q$13/$W$13 -> 60.937917 | J208: =16*R208 -> 14.4 | N208: =+'Mono SPOT MAT'!S208/'Fisico SPOT MAT'!S208/'Fisico SPOT MAT'!E208 -> 15.038887 | R208: 0.9 | Y208: =$D208 -> 46114 | Z208: =+E208 -> 134.99318 | AA208: =+F208-AB208 -> 46.965917 | AB208: 10.694978
A209: =YEAR(D209) -> 2026 | B209: =DATE(A209,MONTH(D209),1) -> 46113 | C209: =+C202 -> vie | D209: =+D208+1 -> 46115 | E209: 87.25231 | F209: =+'Mono SPOT MAT'!M209/'Fisico SPOT MAT'!M209/24 -> 53.576837 | G209: =16*R209 -> 14.4 | H209: =+'Mono ASIG'!AA209 -> 78.128705 | I209: =+H209-J209*$P$13/$Q$13/$W$13 -> 65.161884 | J209: =16*R209 -> 14.4 | N209: =+'Mono SPOT MAT'!S209/'Fisico SPOT MAT'!S209/'Fisico SPOT MAT'!E209 -> 15.117494 | R209: 0.9 | Y209: =$D209 -> 46115 | Z209: =+E209 -> 87.25231 | AA209: =+F209-AB209 -> 46.467675 | AB209: 7.1091619
A210: =YEAR(D210) -> 2026 | B210: =DATE(A210,MONTH(D210),1) -> 46113 | C210: =+C203 -> sáb | D210: =+D209+1 -> 46116 | E210: 109.74053 | F210: =+'Mono SPOT MAT'!M210/'Fisico SPOT MAT'!M210/24 -> 57.214619 | G210: =16*R210 -> 14.4 | H210: =+'Mono ASIG'!AA210 -> 76.325844 | I210: =+H210-J210*$P$13/$Q$13/$W$13 -> 63.359022 | J210: =16*R210 -> 14.4 | N210: =+'Mono SPOT MAT'!S210/'Fisico SPOT MAT'!S210/'Fisico SPOT MAT'!E210 -> 15.124252 | R210: 0.9 | Y210: =$D210 -> 46116 | Z210: =+E210 -> 109.74053 | AA210: =+F210-AB210 -> 48.899404 | AB210: 8.315216
...

Sheet Fisico ASIG
B1: Mercado ASIGNADO | O1: ASIGNADA - POTENCIA
B2: Energía Generada por tipo
B3: Potencia disponible por día
F5: ENERGIA | G5: ENERGIA | H5: ENERGIA | I5: ENERGIA | J5: ENERGIA | K5: ENERGIA | L5: ENERGIA | M5: ENERGIA | N5: ENERGIA | O5: POTENCIA | P5: POTENCIA | Q5: POTENCIA | R5: POTENCIA | S5: POTENCIA | T5: POTENCIA | U5: POTENCIA | V5: POTENCIA | W5: POTENCIA
C6: VALORES FISICOS - ACUMULADO MES | F6: MW med | G6: MW med | H6: MW med | I6: MW med | J6: MW med | K6: MW med | L6: MW med | M6: MW med | N6: MW med | O6: MW disp | P6: MW disp | Q6: MW disp | R6: MW disp | S6: MW disp | T6: MW disp | U6: MW disp | V6: MW disp | W6: MW disp
D7: promedio MW/dia | E7: MES | F7: YACYRETA | G7: SALTO GRANDE | H7: HIDRO NAC Resto | I7: HIDRO COM CONCESION | J7: NUCLEAR | K7: PPA RENOV | L7: PPA TERM | M7: IMPORTACION | N7: ENER ASIG | O7: YACYRETA | P7: SALTO GRANDE | Q7: HIDRO NAC Resto | R7: HIDRO COM CONCESION | S7: NUCLEAR | T7: PPA RENOV | U7: PPA TERM | V7: IMPORTACION | W7: POT ASIG
E8: =+Precios!D8 -> 45962 | F8: =AVERAGEIFS(F$25:F$1048576,$B$25:$B$1048576,$E8) -> 2017.5955 | G8: =AVERAGEIFS(G$25:G$1048576,$B$25:$B$1048576,$E8) -> 555.64954 | H8: =AVERAGEIFS(H$25:H$1048576,$B$25:$B$1048576,$E8) -> 887.6217 | I8: =IFERROR(AVERAGEIFS(I$25:I$1048576,$B$25:$B$1048576,$E8),"-") -> - | J8: =AVERAGEIFS(J$25:J$1048576,$B$25:$B$1048576,$E8) -> 1259.5973 | K8: =AVERAGEIFS(K$25:K$1048576,$B$25:$B$1048576,$E8) -> 1752.0802 | L8: =AVERAGEIFS(L$25:L$1048576,$B$25:$B$1048576,$E8) -> 1973.3487 | M8: =AVERAGEIFS(M$25:M$1048576,$B$25:$B$1048576,$E8) -> 24.52265 | N8: =+SUM(F8:M8) -> 8470.4155 | O8: =AVERAGEIFS(O$25:O$1048576,$B$25:$B$1048576,$E8) -> 1500 | P8: =AVERAGEIFS(P$25:P$1048576,$B$25:$B$1048576,$E8) -> 842.66661 | Q8: =AVERAGEIFS(Q$25:Q$1048576,$B$25:$B$1048576,$E8) -> 5079.0934 | S8: =AVERAGEIFS(S$25:S$1048576,$B$25:$B$1048576,$E8) -> 1755 | T8: =AVERAGEIFS(T$25:T$1048576,$B$25:$B$1048576,$E8) -> 0 | U8: =AVERAGEIFS(U$25:U$1048576,$B$25:$B$1048576,$E8) -> 5296.6354 | V8: =AVERAGEIFS(V$25:V$1048576,$B$25:$B$1048576,$E8) -> 0 | W8: =+SUM(O8:V8) -> 14473.395
E9: =+Precios!D9 -> 45992 | F9: =AVERAGEIFS(F$25:F$1048576,$B$25:$B$1048576,$E9) -> 1809.1539 | G9: =AVERAGEIFS(G$25:G$1048576,$B$25:$B$1048576,$E9) -> 386.73617 | H9: =AVERAGEIFS(H$25:H$1048576,$B$25:$B$1048576,$E9) -> 814.48058 | I9: =IFERROR(AVERAGEIFS(I$25:I$1048576,$B$25:$B$1048576,$E9),"-") -> - | J9: =AVERAGEIFS(J$25:J$1048576,$B$25:$B$1048576,$E9) -> 1243.1001 | K9: =AVERAGEIFS(K$25:K$1048576,$B$25:$B$1048576,$E9) -> 1850.225 | L9: =AVERAGEIFS(L$25:L$1048576,$B$25:$B$1048576,$E9) -> 2942.6651 | M9: =AVERAGEIFS(M$25:M$1048576,$B$25:$B$1048576,$E9) -> 75.102478 | N9: =+SUM(F9:M9) -> 9121.4633 | O9: =AVERAGEIFS(O$25:O$1048576,$B$25:$B$1048576,$E9) -> 1500 | P9: =AVERAGEIFS(P$25:P$1048576,$B$25:$B$1048576,$E9) -> 892.71694 | Q9: =AVERAGEIFS(Q$25:Q$1048576,$B$25:$B$1048576,$E9) -> 5261.9461 | S9: =AVERAGEIFS(S$25:S$1048576,$B$25:$B$1048576,$E9) -> 1755 | T9: =AVERAGEIFS(T$25:T$1048576,$B$25:$B$1048576,$E9) -> 0 | U9: =AVERAGEIFS(U$25:U$1048576,$B$25:$B$1048576,$E9) -> 5727.8809 | V9: =AVERAGEIFS(V$25:V$1048576,$B$25:$B$1048576,$E9) -> 0 | W9: =+SUM(O9:V9) -> 15137.544
E10: =+Precios!D10 -> 46023 | F10: =AVERAGEIFS(F$25:F$1048576,$B$25:$B$1048576,$E10) -> 1269.4977 | G10: =AVERAGEIFS(G$25:G$1048576,$B$25:$B$1048576,$E10) -> 548.6778 | H10: =AVERAGEIFS(H$25:H$1048576,$B$25:$B$1048576,$E10) -> 353.4675 | I10: =AVERAGEIFS(I$25:I$1048576,$B$25:$B$1048576,$E10) -> 678.96589 | J10: =AVERAGEIFS(J$25:J$1048576,$B$25:$B$1048576,$E10) -> 1253.595 | K10: =AVERAGEIFS(K$25:K$1048576,$B$25:$B$1048576,$E10) -> 1731.0907 | L10: =AVERAGEIFS(L$25:L$1048576,$B$25:$B$1048576,$E10) -> 3019.2708 | M10: =AVERAGEIFS(M$25:M$1048576,$B$25:$B$1048576,$E10) -> 203.58483 | N10: =+SUM(F10:M10) -> 9058.1502 | O10: =AVERAGEIFS(O$25:O$1048576,$B$25:$B$1048576,$E10) -> 1500 | P10: =AVERAGEIFS(P$25:P$1048576,$B$25:$B$1048576,$E10) -> 922.52379 | Q10: =AVERAGEIFS(Q$25:Q$1048576,$B$25:$B$1048576,$E10) -> 2204.7347 | R10: =AVERAGEIFS(R$25:R$1048576,$B$25:$B$1048576,$E10) -> 3896.0358 | S10: =AVERAGEIFS(S$25:S$1048576,$B$25:$B$1048576,$E10) -> 1755 | T10: =AVERAGEIFS(T$25:T$1048576,$B$25:$B$1048576,$E10) -> 0 | U10: =AVERAGEIFS(U$25:U$1048576,$B$25:$B$1048576,$E10) -> 5820.8805 | V10: =AVERAGEIFS(V$25:V$1048576,$B$25:$B$1048576,$E10) -> 0 | W10: =+SUM(O10:V10) -> 16099.175
E11: =+Precios!D11 -> 46054 | F11: =AVERAGEIFS(F$25:F$1048576,$B$25:$B$1048576,$E11) -> 985.05709 | G11: =AVERAGEIFS(G$25:G$1048576,$B$25:$B$1048576,$E11) -> 245.57043 | H11: =AVERAGEIFS(H$25:H$1048576,$B$25:$B$1048576,$E11) -> 243.47859 | I11: =AVERAGEIFS(I$25:I$1048576,$B$25:$B$1048576,$E11) -> 481.37719 | J11: =AVERAGEIFS(J$25:J$1048576,$B$25:$B$1048576,$E11) -> 1234.5675 | K11: =AVERAGEIFS(K$25:K$1048576,$B$25:$B$1048576,$E11) -> 1782.9666 | L11: =AVERAGEIFS(L$25:L$1048576,$B$25:$B$1048576,$E11) -> 3090.1065 | M11: =AVERAGEIFS(M$25:M$1048576,$B$25:$B$1048576,$E11) -> 195.57906 | N11: =+SUM(F11:M11) -> 8258.7029 | O11: =AVERAGEIFS(O$25:O$1048576,$B$25:$B$1048576,$E11) -> 1500 | P11: =AVERAGEIFS(P$25:P$1048576,$B$25:$B$1048576,$E11) -> 899.3488 | Q11: =AVERAGEIFS(Q$25:Q$1048576,$B$25:$B$1048576,$E11) -> 1026.3623 | R11: =AVERAGEIFS(R$25:R$1048576,$B$25:$B$1048576,$E11) -> 3856.4639 | S11: =AVERAGEIFS(S$25:S$1048576,$B$25:$B$1048576,$E11) -> 1755 | T11: =AVERAGEIFS(T$25:T$1048576,$B$25:$B$1048576,$E11) -> 0 | U11: =AVERAGEIFS(U$25:U$1048576,$B$25:$B$1048576,$E11) -> 5825.4073 | V11: =AVERAGEIFS(V$25:V$1048576,$B$25:$B$1048576,$E11) -> 0 | W11: =+SUM(O11:V11) -> 14862.582
E12: =+Precios!D12 -> 46082 | F12: =AVERAGEIFS(F$25:F$1048576,$B$25:$B$1048576,$E12) -> 1031.0641 | G12: =AVERAGEIFS(G$25:G$1048576,$B$25:$B$1048576,$E12) -> 237.71785 | H12: =AVERAGEIFS(H$25:H$1048576,$B$25:$B$1048576,$E12) -> 247.8823 | I12: =AVERAGEIFS(I$25:I$1048576,$B$25:$B$1048576,$E12) -> 595.96721 | J12: =AVERAGEIFS(J$25:J$1048576,$B$25:$B$1048576,$E12) -> 792.34466 | K12: =AVERAGEIFS(K$25:K$1048576,$B$25:$B$1048576,$E12) -> 1740.137 | L12: =AVERAGEIFS(L$25:L$1048576,$B$25:$B$1048576,$E12) -> 3012.0061 | M12: =AVERAGEIFS(M$25:M$1048576,$B$25:$B$1048576,$E12) -> 109.93972 | N12: =+SUM(F12:M12) -> 7767.0589 | O12: =AVERAGEIFS(O$25:O$1048576,$B$25:$B$1048576,$E12) -> 1500 | P12: =AVERAGEIFS(P$25:P$1048576,$B$25:$B$1048576,$E12) -> 804.5187 | Q12: =AVERAGEIFS(Q$25:Q$1048576,$B$25:$B$1048576,$E12) -> 1006.4949 | R12: =AVERAGEIFS(R$25:R$1048576,$B$25:$B$1048576,$E12) -> 3800.676 | S12: =AVERAGEIFS(S$25:S$1048576,$B$25:$B$1048576,$E12) -> 1755 | T12: =AVERAGEIFS(T$25:T$1048576,$B$25:$B$1048576,$E12) -> 0 | U12: =AVERAGEIFS(U$25:U$1048576,$B$25:$B$1048576,$E12) -> 5369.8895 | V12: =AVERAGEIFS(V$25:V$1048576,$B$25:$B$1048576,$E12) -> 0 | W12: =+SUM(O12:V12) -> 14236.579
E13: =+Precios!D13 -> 46113 | F13: =AVERAGEIFS(F$25:F$1048576,$B$25:$B$1048576,$E13) -> 1375.4281 | G13: =AVERAGEIFS(G$25:G$1048576,$B$25:$B$1048576,$E13) -> 333.06879 | H13: =AVERAGEIFS(H$25:H$1048576,$B$25:$B$1048576,$E13) -> 250.78597 | I13: =AVERAGEIFS(I$25:I$1048576,$B$25:$B$1048576,$E13) -> 583.99947 | J13: =AVERAGEIFS(J$25:J$1048576,$B$25:$B$1048576,$E13) -> 599.63981 | K13: =AVERAGEIFS(K$25:K$1048576,$B$25:$B$1048576,$E13) -> 1634.2925 | L13: =AVERAGEIFS(L$25:L$1048576,$B$25:$B$1048576,$E13) -> 2396.1315 | M13: =AVERAGEIFS(M$25:M$1048576,$B$25:$B$1048576,$E13) -> 251.91863 | N13: =+SUM(F13:M13) -> 7425.2648 | O13: =AVERAGEIFS(O$25:O$1048576,$B$25:$B$1048576,$E13) -> 1500 | P13: =AVERAGEIFS(P$25:P$1048576,$B$25:$B$1048576,$E13) -> 827.57642 | Q13: =AVERAGEIFS(Q$25:Q$1048576,$B$25:$B$1048576,$E13) -> 969.32118 | R13: =AVERAGEIFS(R$25:R$1048576,$B$25:$B$1048576,$E13) -> 3717.7575 | S13: =AVERAGEIFS(S$25:S$1048576,$B$25:$B$1048576,$E13) -> 1755 | T13: =AVERAGEIFS(T$25:T$1048576,$B$25:$B$1048576,$E13) -> 0 | U13: =AVERAGEIFS(U$25:U$1048576,$B$25:$B$1048576,$E13) -> 5122.7089 | V13: =AVERAGEIFS(V$25:V$1048576,$B$25:$B$1048576,$E13) -> 0 | W13: =+SUM(O13:V13) -> 13892.364
E14: =+Precios!D14 -> 46143 | F14: =AVERAGEIFS(F$25:F$1048576,$B$25:$B$1048576,$E14) -> 1564.0244 | G14: =AVERAGEIFS(G$25:G$1048576,$B$25:$B$1048576,$E14) -> 451.72274 | H14: =AVERAGEIFS(H$25:H$1048576,$B$25:$B$1048576,$E14) -> 297.85809 | I14: =AVERAGEIFS(I$25:I$1048576,$B$25:$B$1048576,$E14) -> 1073.5445 | J14: =AVERAGEIFS(J$25:J$1048576,$B$25:$B$1048576,$E14) -> 1046.1918 | K14: =AVERAGEIFS(K$25:K$1048576,$B$25:$B$1048576,$E14) -> 1429.5537 | L14: =AVERAGEIFS(L$25:L$1048576,$B$25:$B$1048576,$E14) -> 2289.658 | M14: =AVERAGEIFS(M$25:M$1048576,$B$25:$B$1048576,$E14) -> 1020.0108 | N14: =+SUM(F14:M14) -> 9172.5639 | O14: =AVERAGEIFS(O$25:O$1048576,$B$25:$B$1048576,$E14) -> 1500 | P14: =AVERAGEIFS(P$25:P$1048576,$B$25:$B$1048576,$E14) -> 886.00852 | Q14: =AVERAGEIFS(Q$25:Q$1048576,$B$25:$B$1048576,$E14) -> 998.39305 | R14: =AVERAGEIFS(R$25:R$1048576,$B$25:$B$1048576,$E14) -> 3579.6586 | S14: =AVERAGEIFS(S$25:S$1048576,$B$25:$B$1048576,$E14) -> 1755 | T14: =AVERAGEIFS(T$25:T$1048576,$B$25:$B$1048576,$E14) -> 0 | U14: =AVERAGEIFS(U$25:U$1048576,$B$25:$B$1048576,$E14) -> 5148.9697 | V14: =AVERAGEIFS(V$25:V$1048576,$B$25:$B$1048576,$E14) -> 0 | W14: =+SUM(O14:V14) -> 13868.03
E15: =+Precios!D15 -> 46174 | F15: =AVERAGEIFS(F$25:F$1048576,$B$25:$B$1048576,$E15) -> 1686.7725 | G15: =AVERAGEIFS(G$25:G$1048576,$B$25:$B$1048576,$E15) -> 348.26269 | H15: =AVERAGEIFS(H$25:H$1048576,$B$25:$B$1048576,$E15) -> 260.21876 | I15: =AVERAGEIFS(I$25:I$1048576,$B$25:$B$1048576,$E15) -> 758.34585 | J15: =AVERAGEIFS(J$25:J$1048576,$B$25:$B$1048576,$E15) -> 1233.9479 | K15: =AVERAGEIFS(K$25:K$1048576,$B$25:$B$1048576,$E15) -> 1533.7654 | L15: =AVERAGEIFS(L$25:L$1048576,$B$25:$B$1048576,$E15) -> 2446.5202 | M15: =AVERAGEIFS(M$25:M$1048576,$B$25:$B$1048576,$E15) -> 1171.8153 | N15: =+SUM(F15:M15) -> 9439.6486 | O15: =AVERAGEIFS(O$25:O$1048576,$B$25:$B$1048576,$E15) -> 1500 | P15: =AVERAGEIFS(P$25:P$1048576,$B$25:$B$1048576,$E15) -> 872.24784 | Q15: =AVERAGEIFS(Q$25:Q$1048576,$B$25:$B$1048576,$E15) -> 964.06059 | R15: =AVERAGEIFS(R$25:R$1048576,$B$25:$B$1048576,$E15) -> 3616.286 | S15: =AVERAGEIFS(S$25:S$1048576,$B$25:$B$1048576,$E15) -> 1755 | T15: =AVERAGEIFS(T$25:T$1048576,$B$25:$B$1048576,$E15) -> 0 | U15: =AVERAGEIFS(U$25:U$1048576,$B$25:$B$1048576,$E15) -> 5768.451 | V15: =AVERAGEIFS(V$25:V$1048576,$B$25:$B$1048576,$E15) -> 0 | W15: =+SUM(O15:V15) -> 14476.045
E16: =+Precios!D16 -> 46204 | F16: =AVERAGEIFS(F$25:F$1048576,$B$25:$B$1048576,$E16) -> 2132.8486 | G16: =AVERAGEIFS(G$25:G$1048576,$B$25:$B$1048576,$E16) -> 840.25403 | H16: =AVERAGEIFS(H$25:H$1048576,$B$25:$B$1048576,$E16) -> 253.64798 | I16: =AVERAGEIFS(I$25:I$1048576,$B$25:$B$1048576,$E16) -> 778.4504 | J16: =AVERAGEIFS(J$25:J$1048576,$B$25:$B$1048576,$E16) -> 1306.2581 | K16: =AVERAGEIFS(K$25:K$1048576,$B$25:$B$1048576,$E16) -> 1253.179 | L16: =AVERAGEIFS(L$25:L$1048576,$B$25:$B$1048576,$E16) -> 1925.6332 | M16: =AVERAGEIFS(M$25:M$1048576,$B$25:$B$1048576,$E16) -> 1159.3605 | N16: =+SUM(F16:M16) -> 9649.6318 | O16: =AVERAGEIFS(O$25:O$1048576,$B$25:$B$1048576,$E16) -> 1500 | P16: =AVERAGEIFS(P$25:P$1048576,$B$25:$B$1048576,$E16) -> 875.50121 | Q16: =AVERAGEIFS(Q$25:Q$1048576,$B$25:$B$1048576,$E16) -> 997.64124 | R16: =AVERAGEIFS(R$25:R$1048576,$B$25:$B$1048576,$E16) -> 3603.5241 | S16: =AVERAGEIFS(S$25:S$1048576,$B$25:$B$1048576,$E16) -> 1755 | T16: =AVERAGEIFS(T$25:T$1048576,$B$25:$B$1048576,$E16) -> 0 | U16: =AVERAGEIFS(U$25:U$1048576,$B$25:$B$1048576,$E16) -> 5952.6802 | V16: =AVERAGEIFS(V$25:V$1048576,$B$25:$B$1048576,$E16) -> 0 | W16: =+SUM(O16:V16) -> 14684.347
E17: =+Precios!D17 -> 46235 | F17: =AVERAGEIFS(F$25:F$1048576,$B$25:$B$1048576,$E17) -> 2017.1744 | G17: =AVERAGEIFS(G$25:G$1048576,$B$25:$B$1048576,$E17) -> 776.2816 | H17: =AVERAGEIFS(H$25:H$1048576,$B$25:$B$1048576,$E17) -> 301.20812 | I17: =AVERAGEIFS(I$25:I$1048576,$B$25:$B$1048576,$E17) -> 1063.0158 | J17: =AVERAGEIFS(J$25:J$1048576,$B$25:$B$1048576,$E17) -> 1305.9753 | K17: =AVERAGEIFS(K$25:K$1048576,$B$25:$B$1048576,$E17) -> 1584.9492 | L17: =AVERAGEIFS(L$25:L$1048576,$B$25:$B$1048576,$E17) -> 2015.9006 | M17: =AVERAGEIFS(M$25:M$1048576,$B$25:$B$1048576,$E17) -> 1223.0406 | N17: =+SUM(F17:M17) -> 10287.546 | O17: =AVERAGEIFS(O$25:O$1048576,$B$25:$B$1048576,$E17) -> 1500 | P17: =AVERAGEIFS(P$25:P$1048576,$B$25:$B$1048576,$E17) -> 841.13132 | Q17: =AVERAGEIFS(Q$25:Q$1048576,$B$25:$B$1048576,$E17) -> 994.39424 | R17: =AVERAGEIFS(R$25:R$1048576,$B$25:$B$1048576,$E17) -> 3738.7223 | S17: =AVERAGEIFS(S$25:S$1048576,$B$25:$B$1048576,$E17) -> 1755 | T17: =AVERAGEIFS(T$25:T$1048576,$B$25:$B$1048576,$E17) -> 0 | U17: =AVERAGEIFS(U$25:U$1048576,$B$25:$B$1048576,$E17) -> 5996.1898 | V17: =AVERAGEIFS(V$25:V$1048576,$B$25:$B$1048576,$E17) -> 0 | W17: =+SUM(O17:V17) -> 14825.438
E18: =+Precios!D18 -> 46266 | F18: =AVERAGEIFS(F$25:F$1048576,$B$25:$B$1048576,$E18) -> 2256.4592 | G18: =AVERAGEIFS(G$25:G$1048576,$B$25:$B$1048576,$E18) -> 789.69389 | H18: =AVERAGEIFS(H$25:H$1048576,$B$25:$B$1048576,$E18) -> 276.37435 | I18: =AVERAGEIFS(I$25:I$1048576,$B$25:$B$1048576,$E18) -> 1062.7791 | J18: =AVERAGEIFS(J$25:J$1048576,$B$25:$B$1048576,$E18) -> 1308.8005 | K18: =AVERAGEIFS(K$25:K$1048576,$B$25:$B$1048576,$E18) -> 1756.6042 | L18: =AVERAGEIFS(L$25:L$1048576,$B$25:$B$1048576,$E18) -> 1787.6781 | M18: =AVERAGEIFS(M$25:M$1048576,$B$25:$B$1048576,$E18) -> 651.224 | N18: =+SUM(F18:M18) -> 9889.6133 | O18: =AVERAGEIFS(O$25:O$1048576,$B$25:$B$1048576,$E18) -> 1500 | P18: =AVERAGEIFS(P$25:P$1048576,$B$25:$B$1048576,$E18) -> 873.635 | Q18: =AVERAGEIFS(Q$25:Q$1048576,$B$25:$B$1048576,$E18) -> 1029.9629 | R18: =AVERAGEIFS(R$25:R$1048576,$B$25:$B$1048576,$E18) -> 3787.7661 | S18: =AVERAGEIFS(S$25:S$1048576,$B$25:$B$1048576,$E18) -> 1755 | T18: =AVERAGEIFS(T$25:T$1048576,$B$25:$B$1048576,$E18) -> 0 | U18: =AVERAGEIFS(U$25:U$1048576,$B$25:$B$1048576,$E18) -> 5616.1774 | V18: =AVERAGEIFS(V$25:V$1048576,$B$25:$B$1048576,$E18) -> 0 | W18: =+SUM(O18:V18) -> 14562.541
E19: =+Precios!D19 -> 46296 | F19: =AVERAGEIFS(F$25:F$1048576,$B$25:$B$1048576,$E19) -> 2329.52 | G19: =AVERAGEIFS(G$25:G$1048576,$B$25:$B$1048576,$E19) -> 630.92 | H19: =AVERAGEIFS(H$25:H$1048576,$B$25:$B$1048576,$E19) -> 404.28 | I19: =AVERAGEIFS(I$25:I$1048576,$B$25:$B$1048576,$E19) -> 1781.72 | J19: =AVERAGEIFS(J$25:J$1048576,$B$25:$B$1048576,$E19) -> 734.36 | K19: =AVERAGEIFS(K$25:K$1048576,$B$25:$B$1048576,$E19) -> 1572.92 | L19: =AVERAGEIFS(L$25:L$1048576,$B$25:$B$1048576,$E19) -> 1605.2 | M19: =AVERAGEIFS(M$25:M$1048576,$B$25:$B$1048576,$E19) -> 313.24 | N19: =+SUM(F19:M19) -> 9372.16 | O19: =AVERAGEIFS(O$25:O$1048576,$B$25:$B$1048576,$E19) -> 1500 | P19: =AVERAGEIFS(P$25:P$1048576,$B$25:$B$1048576,$E19) -> 687.84 | Q19: =AVERAGEIFS(Q$25:Q$1048576,$B$25:$B$1048576,$E19) -> 1012.64 | R19: =AVERAGEIFS(R$25:R$1048576,$B$25:$B$1048576,$E19) -> 3923.44 | S19: =AVERAGEIFS(S$25:S$1048576,$B$25:$B$1048576,$E19) -> 1755 | T19: =AVERAGEIFS(T$25:T$1048576,$B$25:$B$1048576,$E19) -> 0 | U19: =AVERAGEIFS(U$25:U$1048576,$B$25:$B$1048576,$E19) -> 5053.08 | V19: =AVERAGEIFS(V$25:V$1048576,$B$25:$B$1048576,$E19) -> 0 | W19: =+SUM(O19:V19) -> 13932
C22: VALORES FISICOS - PASO DIARIO | F22: ENERGIA | G22: ENERGIA | H22: ENERGIA | I22: ENERGIA | J22: ENERGIA | K22: ENERGIA | L22: ENERGIA | M22: ENERGIA | N22: ENERGIA | O22: POTENCIA | P22: POTENCIA | Q22: POTENCIA | R22: POTENCIA | S22: POTENCIA | T22: POTENCIA | U22: POTENCIA | V22: POTENCIA | W22: POTENCIA
F23: MW med | G23: MW med | H23: MW med | I23: MW med | J23: MW med | K23: MW med | L23: MW med | M23: MW med | N23: MW med | O23: MW disp | P23: MW disp | Q23: MW disp | R23: MW disp | S23: MW disp | T23: MW disp | U23: MW disp | V23: MW disp | W23: MW disp
A24: AÑO | B24: MES | C24: # dias/mes | D24: TIPO dia | E24: DIA | F24: YACYRETA | G24: SALTO GRANDE | H24: HIDRO NAC Resto | I24: HIDRO COM CONCESION | J24: NUCLEAR | K24: PPA RENOV | L24: PPA TERM | M24: IMPORTACION | N24: ENER ASIG | O24: YACYRETA | P24: SALTO GRANDE | Q24: HIDRO NAC Resto | R24: HIDRO COM CONCESION | S24: NUCLEAR | T24: PPA RENOV | U24: PPA TERM | V24: IMPORTACION | W24: POT ASIG
A25: =YEAR(E25) -> 2025 | B25: =DATE(A25,MONTH(E25),1) -> 45931 | C25: 31 | D25: mié. | E25: 45931 | F25: 1815.8247 | G25: 733.327 | H25: 754.569 | J25: 915.93338 | K25: 2226.5328 | L25: 1431.3534 | M25: 237.28671 | N25: =SUM(F25:M25) -> 8114.827 | O25: 1500 | P25: 791.63437 | Q25: 5516.6738 | S25: 1755 | T25: 0 | U25: 4819.1509 | V25: 0 | W25: =SUM(O25:V25) -> 14382.459
A26: =YEAR(E26) -> 2025 | B26: =DATE(A26,MONTH(E26),1) -> 45931 | C26: 31 | D26: jue. | E26: =+ E25+1 -> 45932 | F26: 1949.3443 | G26: 745.48846 | H26: 703.37642 | J26: 1258.4156 | K26: 2009.3687 | L26: 1408.0382 | M26: 277.71912 | N26: =SUM(F26:M26) -> 8351.7507 | O26: 1500 | P26: 808.47812 | Q26: 5504.205 | S26: 1755 | T26: 0 | U26: 4860.7804 | V26: 0 | W26: =SUM(O26:V26) -> 14428.464
A27: =YEAR(E27) -> 2025 | B27: =DATE(A27,MONTH(E27),1) -> 45931 | C27: 31 | D27: vie. | E27: =+ E26+1 -> 45933 | F27: 1939.6475 | G27: 749.67129 | H27: 961.37013 | J27: 1264.0865 | K27: 1946.2811 | L27: 1451.441 | M27: 243.12 | N27: =SUM(F27:M27) -> 8555.6174 | O27: 1500 | P27: 823.2 | Q27: 5506.8017 | S27: 1755 | T27: 0 | U27: 4945.3649 | V27: 0 | W27: =SUM(O27:V27) -> 14530.367
A28: =YEAR(E28) -> 2025 | B28: =DATE(A28,MONTH(E28),1) -> 45931 | C28: 31 | D28: sáb. | E28: =+ E27+1 -> 45934 | F28: 1438.7366 | G28: 724.03604 | H28: 941.07954 | J28: 1263.1498 | K28: 1780.7511 | L28: 1782.2303 | M28: 390.35292 | N28: =SUM(F28:M28) -> 8320.3363 | O28: 1500 | P28: 773.85 | Q28: 5526.5394 | S28: 1755 | T28: 0 | U28: 5447.4902 | V28: 0 | W28: =SUM(O28:V28) -> 15002.88
A29: =YEAR(E29) -> 2025 | B29: =DATE(A29,MONTH(E29),1) -> 45931 | C29: 31 | D29: dom. | E29: =+ E28+1 -> 45935 | F29: 1269.1058 | G29: 744.76929 | H29: 785.91979 | J29: 1262.7215 | K29: 1435.3352 | L29: 1583.318 | M29: 388.39271 | N29: =SUM(F29:M29) -> 7469.5624 | O29: 1500 | P29: 806.4 | Q29: 5529.8206 | S29: 1755 | T29: 0 | U29: 5519.7136 | V29: 0 | W29: =SUM(O29:V29) -> 15110.934
A30: =YEAR(E30) -> 2025 | B30: =DATE(A30,MONTH(E30),1) -> 45931 | C30: 31 | D30: lun. | E30: =+ E29+1 -> 45936 | F30: 1395.5035 | G30: 808.06504 | H30: 995.723 | J30: 1265.3228 | K30: 1864.646 | L30: 1753.2998 | M30: 454.37788 | N30: =SUM(F30:M30) -> 8536.938 | O30: 1500 | P30: 866.775 | Q30: 5426.6389 | S30: 1755 | T30: 0 | U30: 5682.5243 | V30: 0 | W30: =SUM(O30:V30) -> 15230.938
A31: =YEAR(E31) -> 2025 | B31: =DATE(A31,MONTH(E31),1) -> 45931 | C31: 31 | D31: mar. | E31: =+ E30+1 -> 45937 | F31: 1526.2629 | G31: 806.14721 | H31: 730.13079 | J31: 1262.5886 | K31: 1904.3338 | L31: 1640.3768 | M31: 392.88387 | N31: =SUM(F31:M31) -> 8262.724 | O31: 1500 | P31: 866.775 | Q31: 5416.7982 | S31: 1755 | T31: 0 | U31: 5766.5573 | V31: 0 | W31: =SUM(O31:V31) -> 15305.131
A32: =YEAR(E32) -> 2025 | B32: =DATE(A32,MONTH(E32),1) -> 45931 | C32: 31 | D32: mié. | E32: =+ E31+1 -> 45938 | F32: 1752.877 | G32: 789.48825 | H32: 513.77558 | J32: 1261.121 | K32: 2365.9218 | L32: 1484.0511 | M32: 231.80233 | N32: =SUM(F32:M32) -> 8399.0371 | O32: 1500 | P32: 921.375 | Q32: 5403.7869 | S32: 1755 | T32: 0 | U32: 5766.4922 | V32: 0 | W32: =SUM(O32:V32) -> 15346.654
A33: =YEAR(E33) -> 2025 | B33: =DATE(A33,MONTH(E33),1) -> 45931 | C33: 31 | D33: jue. | E33: =+ E32+1 -> 45939 | F33: 1707.2012 | G33: 786.09621 | H33: 696.89167 | J33: 1263.1178 | K33: 2157.2767 | L33: 1449.6966 | M33: 333.56487 | N33: =SUM(F33:M33) -> 8393.845 | O33: 1500 | P33: 845.25 | Q33: 5417.7331 | S33: 1755 | T33: 0 | U33: 5662.2557 | V33: 0 | W33: =SUM(O33:V33) -> 15180.239
A34: =YEAR(E34) -> 2025 | B34: =DATE(A34,MONTH(E34),1) -> 45931 | C34: 31 | D34: vie. | E34: =+ E33+1 -> 45940 | F34: 1531.6256 | G34: 797.369 | H34: 752.35717 | J34: 1261.3803 | K34: 1617.7095 | L34: 1350.1886 | M34: 392.8985 | N34: =SUM(F34:M34) -> 7703.5286 | O34: 1500 | P34: 863.1 | Q34: 5410.6675 | S34: 1755 | T34: 0 | U34: 5621.8471 | V34: 0 | W34: =SUM(O34:V34) -> 15150.615
A35: =YEAR(E35) -> 2025 | B35: =DATE(A35,MONTH(E35),1) -> 45931 | C35: 31 | D35: sáb. | E35: =+ E34+1 -> 45941 | F35: 1190.0365 | G35: 803.90588 | H35: 989.83675 | J35: 1261.7599 | K35: 1695.1419 | L35: 1465.5125 | M35: 459.20975 | N35: =SUM(F35:M35) -> 7865.4032 | O35: 1500 | P35: 863.1 | Q35: 5421.1093 | S35: 1755 | T35: 0 | U35: 5674.1109 | V35: 0 | W35: =SUM(O35:V35) -> 15213.32
A36: =YEAR(E36) -> 2025 | B36: =DATE(A36,MONTH(E36),1) -> 45931 | C36: 31 | D36: dom. | E36: =+ E35+1 -> 45942 | F36: 1351.191 | G36: 738.99133 | H36: 346.50833 | J36: 1263.5628 | K36: 2058.52 | L36: 1599.3693 | M36: 149.024 | N36: =SUM(F36:M36) -> 7507.1667 | O36: 1500 | P36: 793.275 | Q36: 5454.68 | S36: 1755 | T36: 0 | U36: 5743.3811 | V36: 0 | W36: =SUM(O36:V36) -> 15246.336
A37: =YEAR(E37) -> 2025 | B37: =DATE(A37,MONTH(E37),1) -> 45931 | C37: 31 | D37: lun. | E37: =+ E36+1 -> 45943 | F37: 2007.1348 | G37: 791.20429 | H37: 704.90517 | J37: 1262.6753 | K37: 2101.7496 | L37: 1450.4282 | M37: 391.76054 | N37: =SUM(F37:M37) -> 8709.8579 | O37: 1500 | P37: 849.45 | Q37: 5243.6318 | S37: 1755 | T37: 0 | U37: 5646.301 | V37: 0 | W37: =SUM(O37:V37) -> 14994.383
... A55: =YEAR(E55) -> 2025 | B55: =DATE(A55,MONTH(E55),1) -> 45931 | C55: 31 | D55: vie. | E55: =+ E54+1 -> 45961 | F55: 2095.6783 | G55: 657.10521 | H55: 516.52708 | J55: 1267.4595 | K55: 2283.1108 | L55: 1707.1944 | M55: 17.609167 | N55: =SUM(F55:M55) -> 8544.6844 | O55: 1500 | P55: 850.5 | Q55: 4727.6425 | S55: 1755 | T55: 0 | U55: 5142.6631 | V55: 0 | W55: =SUM(O55:V55) -> 13975.806
A56: =YEAR(E56) -> 2025 | B56: =DATE(A56,MONTH(E56),1) -> 45962 | C56: 30 | D56: sáb. | E56: 45962 | F56: 2209.085 | G56: 321.88921 | H56: 697.51738 | J56: 1266.7247 | K56: 2017.0351 | L56: 1499.8579 | M56: 13.447542 | N56: =SUM(F56:M56) -> 8025.5568 | O56: 1500 | P56: 831.075 | Q56: 4763.8894 | S56: 1755 | T56: 0 | U56: 5101.2881 | V56: 0 | W56: =+SUM(O56:V56) -> 13951.252
A57: =YEAR(E57) -> 2025 | B57: =DATE(A57,MONTH(E57),1) -> 45962 | C57: 30 | D57: dom. | E57: 45963 | F57: 1940.7099 | G57: 181.6755 | H57: 685.36642 | J57: 1268.5178 | K57: 1604.6535 | L57: 1644.6367 | M57: 12.637542 | N57: =SUM(F57:M57) -> 7338.1975 | O57: 1500 | P57: 799.575 | Q57: 4958.6863 | S57: 1755 | T57: 0 | U57: 5145.2362 | V57: 0 | W57: =+SUM(O57:V57) -> 14158.497
A58: =YEAR(E58) -> 2025 | B58: =DATE(A58,MONTH(E58),1) -> 45962 | C58: 30 | D58: lun. | E58: 45964 | F58: 2566.9223 | G58: 742.09762 | H58: 1171.6898 | J58: 1263.4837 | K58: 1371.3671 | L58: 2205.5945 | M58: 19.220458 | N58: =SUM(F58:M58) -> 9340.3756 | O58: 1500 | P58: 862.21844 | Q58: 5174.4613 | S58: 1755 | T58: 0 | U58: 5164.9815 | V58: 0 | W58: =+SUM(O58:V58) -> 14456.661
A59: =YEAR(E59) -> 2025 | B59: =DATE(A59,MONTH(E59),1) -> 45962 | C59: 30 | D59: mar. | E59: 45965 | F59: 2120.224 | G59: 804.13142 | H59: 1297.0475 | J59: 1266.0334 | K59: 1669.3403 | L59: 2117.4936 | M59: 47.099333 | N59: =SUM(F59:M59) -> 9321.3697 | O59: 1500 | P59: 884.10831 | Q59: 5172.0331 | S59: 1755 | T59: 0 | U59: 5235.2733 | V59: 0 | W59: =+SUM(O59:V59) -> 14546.415
A60: =YEAR(E60) -> 2025 | B60: =DATE(A60,MONTH(E60),1) -> 45962 | C60: 30 | D60: mié. | E60: 45966 | F60: 2221.3129 | G60: 799.9175 | H60: 990.329 | J60: 1265.661 | K60: 1646.794 | L60: 1572.1316 | M60: 57.503583 | N60: =SUM(F60:M60) -> 8553.6496 | O60: 1500 | P60: 866.55691 | Q60: 5047.6195 | S60: 1755 | T60: 0 | U60: 5238.7988 | V60: 0 | W60: =+SUM(O60:V60) -> 14407.975
A61: =YEAR(E61) -> 2025 | B61: =DATE(A61,MONTH(E61),1) -> 45962 | C61: 30 | D61: jue. | E61: 45967 | F61: 2147.8214 | G61: 787.643 | H61: 837.57121 | J61: 1265.9419 | K61: 1514.5848 | L61: 1761.9135 | M61: 38.018708 | N61: =SUM(F61:M61) -> 8353.4945 | O61: 1500 | P61: 895.125 | Q61: 4908.7938 | S61: 1755 | T61: 0 | U61: 5394.4889 | V61: 0 | W61: =+SUM(O61:V61) -> 14453.408
A62: =YEAR(E62) -> 2025 | B62: =DATE(A62,MONTH(E62),1) -> 45962 | C62: 30 | D62: vie | E62: 45968 | F62: 2202.98 | G62: 769.01133 | H62: 822.90487 | J62: 1261.0498 | K62: 1312.7663 | L62: 2052.2768 | M62: 45.161875 | N62: =SUM(F62:M62) -> 8466.1509 | O62: 1500 | P62: 883.21319 | Q62: 5105.8175 | S62: 1755 | T62: 0 | U62: 5449.7766 | V62: 0 | W62: =+SUM(O62:V62) -> 14693.807
A63: =YEAR(E63) -> 2025 | B63: =DATE(A63,MONTH(E63),1) -> 45962 | C63: 30 | D63: sáb | E63: 45969 | F63: 2482.1984 | G63: 736.43033 | H63: 711.33679 | J63: 1266.0703 | K63: 1080.0504 | L63: 1843.7426 | M63: 35.545167 | N63: =SUM(F63:M63) -> 8155.374 | O63: 1500 | P63: 884.70375 | Q63: 5093.13 | S63: 1755 | T63: 0 | U63: 5468.7402 | V63: 0 | W63: =+SUM(O63:V63) -> 14701.574
A64: =YEAR(E64) -> 2025 | B64: =DATE(A64,MONTH(E64),1) -> 45962 | C64: 30 | D64: dom | E64: 45970 | F64: 2482.1747 | G64: 697.45429 | H64: 667.476 | J64: 1264.5537 | K64: 1179.0226 | L64: 1497.2533 | M64: 17.823583 | N64: =SUM(F64:M64) -> 7805.7581 | O64: 1500 | P64: 896.7 | Q64: 5097.505 | S64: 1755 | T64: 0 | U64: 5364.1029 | V64: 0 | W64: =+SUM(O64:V64) -> 14613.308
A65: =YEAR(E65) -> 2025 | B65: =DATE(A65,MONTH(E65),1) -> 45962 | C65: 30 | D65: lun | E65: 45971 | F65: 2279.4452 | G65: 528.70633 | H65: 1030.4401 | J65: 1265.5863 | K65: 1565.4017 | L65: 2054.198 | M65: 16.77825 | N65: =SUM(F65:M65) -> 8740.5558 | O65: 1500 | P65: 824.43944 | Q65: 5202.3794 | S65: 1755 | T65: 0 | U65: 5500.2342 | V65: 0 | W65: =+SUM(O65:V65) -> 14782.053
A66: =YEAR(E66) -> 2025 | B66: =DATE(A66,MONTH(E66),1) -> 45962 | C66: 30 | D66: mar | E66: 45972 | F66: 2052.6205 | G66: 545.69871 | H66: 903.86729 | J66: 1264.9767 | K66: 2078.4277 | L66: 2387.0551 | M66: 34.465125 | N66: =SUM(F66:M66) -> 9267.1111 | O66: 1500 | P66: 759.675 | Q66: 5377.071 | S66: 1755 | T66: 0 | U66: 5695.0132 | V66: 0 | W66: =+SUM(O66:V66) -> 15086.759
A67: =YEAR(E67) -> 2025 | B67: =DATE(A67,MONTH(E67),1) -> 45962 | C67: 30 | D67: mié | E67: 45973 | F67: 2323.6918 | G67: 578.19604 | H67: 738.879 | J67: 1264.8066 | K67: 2181.336 | L67: 2099.2603 | M67: 33.297875 | N67: =SUM(F67:M67) -> 9219.4675 | O67: 1500 | P67: 790.04909 | Q67: 5367.8914 | S67: 1755 | T67: 0 | U67: 5698.4674 | V67: 0 | W67: =+SUM(O67:V67) -> 15111.408
... A116: =YEAR(E116) -> 2025 | B116: =DATE(A116,MONTH(E116),1) -> 45992 | C116: 31 | D116: mié | E116: 46022 | F116: 1912.3788 | G116: 850.08146 | H116: 891.59854 | J116: 1231.8576 | K116: 1902.3186 | L116: 3806.3925 | M116: 151.15088 | N116: =SUM(F116:M116) -> 10745.778 | O116: 1500 | P116: 939.75 | Q116: 5450.1874 | S116: 1755 | T116: 0 | U116: 5739.5255 | V116: 0 | W116: =+SUM(O116:V116) -> 15384.463
A117: 2026 | B117: =DATE(A117,MONTH(E117),1) -> 46023 | C117: 31 | D117: jue | E117: 46023 | F117: 1556.8488 | G117: 861.79217 | H117: 487.26513 | J117: 1231.6482 | K117: 1857.048 | L117: 2585.6083 | M117: 170.32708 | N117: =+SUM(F117:M117) -> 8750.5377 | O117: 1500 | P117: 943.95 | Q117: 5470.3124 | S117: 1755 | T117: 0 | U117: 5764.7307 | V117: 0 | W117: =+SUM(O117:V117) -> 15433.993
A118: 2026 | B118: =DATE(A118,MONTH(E118),1) -> 46023 | C118: 31 | D118: vie | E118: 46024 | F118: 1521.4055 | G118: 820.88221 | H118: 808.38504 | J118: 1236.3631 | K118: 1744.4353 | L118: 2711.1392 | M118: 59.266333 | N118: =+SUM(F118:M118) -> 8901.8767 | O118: 1500 | P118: 951.825 | Q118: 5464.9487 | S118: 1755 | T118: 0 | U118: 5786.9705 | V118: 0 | W118: =+SUM(O118:V118) -> 15458.744
A119: 2026 | B119: =DATE(A119,MONTH(E119),1) -> 46023 | C119: 31 | D119: sáb | E119: 46025 | F119: 1515.4549 | G119: 793.04625 | H119: 632.36371 | J119: 1236.8698 | K119: 1345.6653 | L119: 1950.5776 | M119: 92.297 | N119: =+SUM(F119:M119) -> 7566.2745 | O119: 1500 | P119: 861 | Q119: 5479.0187 | S119: 1755 | T119: 0 | U119: 5833.9047 | V119: 0 | W119: =+SUM(O119:V119) -> 15428.923
A120: 2026 | B120: =DATE(A120,MONTH(E120),1) -> 46023 | C120: 31 | D120: dom | E120: 46026 | F120: 2017.7594 | G120: 793.27371 | H120: 518.71679 | J120: 1237.1574 | K120: 1202.165 | L120: 1438.2895 | M120: 74.4515 | N120: =+SUM(F120:M120) -> 7281.8133 | O120: 1500 | P120: 881.475 | Q120: 5408.9749 | S120: 1755 | T120: 0 | U120: 5848.5677 | V120: 0 | W120: =+SUM(O120:V120) -> 15394.018
A121: 2026 | B121: =DATE(A121,MONTH(E121),1) -> 46023 | C121: 31 | D121: lun | E121: 46027 | F121: 1853.1122 | G121: 780.90596 | H121: 709.01229 | J121: 1234.0453 | K121: 2067.5084 | L121: 2035.7236 | M121: 31.309042 | N121: =+SUM(F121:M121) -> 8711.6167 | O121: 1500 | P121: 905.625 | Q121: 5415.2831 | S121: 1755 | T121: 0 | U121: 5838.4286 | V121: 0 | W121: =+SUM(O121:V121) -> 15414.337
A122: 2026 | B122: =DATE(A122,MONTH(E122),1) -> 46023 | C122: 31 | D122: mar | E122: 46028 | F122: 1672.5356 | G122: 805.40071 | H122: 1034.7974 | J122: 1237.0618 | K122: 2172.2336 | L122: 2576.2994 | M122: 53.352125 | N122: =+SUM(F122:M122) -> 9551.6807 | O122: 1500 | P122: 904.575 | Q122: 5417.2738 | S122: 1755 | T122: 0 | U122: 5837.7627 | V122: 0 | W122: =+SUM(O122:V122) -> 15414.611
A123: 2026 | B123: =DATE(A123,MONTH(E123),1) -> 46023 | C123: 31 | D123: mié | E123: 46029 | F123: 1344.1991 | G123: 824.64504 | H123: 939.59454 | J123: 1235.2611 | K123: 1912.3342 | L123: 2710.9245 | M123: 84.2035 | N123: =+SUM(F123:M123) -> 9051.162 | O123: 1500 | P123: 903 | Q123: 5400.6925 | S123: 1755 | T123: 0 | U123: 5842.9817 | V123: 0 | W123: =+SUM(O123:V123) -> 15401.674
A124: 2026 | B124: =DATE(A124,MONTH(E124),1) -> 46023 | C124: 31 | D124: jue | E124: 46030 | F124: 1150.5087 | G124: 808.40933 | H124: 712.68129 | J124: 1239.5191 | K124: 1782.2076 | L124: 2417.3471 | M124: 85.335083 | N124: =+SUM(F124:M124) -> 8196.0082 | O124: 1500 | P124: 868.875 | Q124: 5402.0925 | S124: 1755 | T124: 0 | U124: 5643.8319 | V124: 0 | W124: =+SUM(O124:V124) -> 15169.799
A125: 2026 | B125: =DATE(A125,MONTH(E125),1) -> 46023 | C125: 31 | D125: vie | E125: 46031 | F125: 1274.0091 | G125: 806.00067 | H125: 189.3245 | I125: 349.34648 | J125: 1241.2685 | K125: 1608.417 | L125: 2217.4441 | M125: 85.140417 | N125: =+SUM(F125:M125) -> 7770.9508 | O125: 1500 | P125: 881.475 | Q125: 1081.01 | R125: 4006.665 | S125: 1755 | T125: 0 | U125: 5659.0887 | V125: 0 | W125: =+SUM(O125:V125) -> 14883.239
A126: 2026 | B126: =DATE(A126,MONTH(E126),1) -> 46023 | C126: 31 | D126: sáb | E126: 46032 | F126: 1592.886 | G126: 849.4185 | H126: 162.75371 | I126: 350.4664 | J126: 1246.1381 | K126: 1606.837 | L126: 1660.1191 | M126: 63.934708 | N126: =+SUM(F126:M126) -> 7532.5535 | O126: 1500 | P126: 920.85 | Q126: 1084.685 | R126: 3903.93 | S126: 1755 | T126: 0 | U126: 5405.5811 | V126: 0 | W126: =+SUM(O126:V126) -> 14570.046
A127: 2026 | B127: =DATE(A127,MONTH(E127),1) -> 46023 | C127: 31 | D127: dom | E127: 46033 | F127: 1483.9771 | G127: 784.09025 | H127: 188.21554 | I127: 261.57929 | J127: 1244.2687 | K127: 1782.6222 | L127: 2128.0509 | M127: 24.165375 | N127: =+SUM(F127:M127) -> 7896.9693 | O127: 1500 | P127: 947.625 | Q127: 1093.6756 | R127: 3903.93 | S127: 1755 | T127: 0 | U127: 5409.301 | V127: 0 | W127: =+SUM(O127:V127) -> 14609.532
A128: 2026 | B128: =DATE(A128,MONTH(E128),1) -> 46023 | C128: 31 | D128: lun | E128: 46034 | F128: 1680.6538 | G128: 835.26079 | H128: 218.51317 | I128: 1036.713 | J128: 1242.6239 | K128: 1809.5082 | L128: 3287.674 | M128: 37.970292 | N128: =+SUM(F128:M128) -> 10148.917 | O128: 1500 | P128: 939.55313 | Q128: 1090.5331 | R128: 3903.93 | S128: 1755 | T128: 0 | U128: 5852.7115 | V128: 0 | W128: =+SUM(O128:V128) -> 15041.728
A129: 2026 | B129: =DATE(A129,MONTH(E129),1) -> 46023 | C129: 31 | D129: mar | E129: 46035 | F129: 1392.5868 | G129: 828.05292 | H129: 208.06879 | I129: 1081.8988 | J129: 1245.457 | K129: 1621.1448 | L129: 3868.1666 | M129: 67.453042 | N129: =+SUM(F129:M129) -> 10312.829 | O129: 1500 | P129: 937.49578 | Q129: 1091.1163 | R129: 3903.93 | S129: 1755 | T129: 0 | U129: 6086.8634 | V129: 0 | W129: =+SUM(O129:V129) -> 15274.405
A130: 2026 | B130: =DATE(A130,MONTH(E130),1) -> 46023 | C130: 31 | D130: mié | E130: 46036 | F130: 1337.3549 | G130: 739.70221 | H130: 209.80404 | I130: 957.67877 | J130: 1250.3778 | K130: 2112.7848 | L130: 4033.9801 | M130: 14.646458 | N130: =+SUM(F130:M130) -> 10656.329 | O130: 1500 | P130: 937.65 | Q130: 1087.3975 | R130: 3903.93 | S130: 1755 | T130: 0 | U130: 5970.9846 | V130: 0 | W130: =+SUM(O130:V130) -> 15154.962
A131: 2026 | B131: =DATE(A131,MONTH(E131),1) -> 46023 | C131: 31 | D131: jue | E131: 46037 | F131: 1250.3885 | G131: 589.79242 | H131: 211.26004 | I131: 717.91492 | J131: 1266.1626 | K131: 2161.2892 | L131: 4219.5695 | M131: 15.846875 | N131: =+SUM(F131:M131) -> 10432.224 | O131: 1500 | P131: 921.60797 | Q131: 1085.21 | R131: 3790.5 | S131: 1755 | T131: 0 | U131: 5870.6424 | V131: 0 | W131: =+SUM(O131:V131) -> 14922.96
A132: 2026 | B132: =DATE(A132,MONTH(E132),1) -> 46023 | C132: 31 | D132: vie | E132: 46038 | F132: 1126.5217 | G132: 433.33704 | H132: 226.40283 | I132: 463.05854 | J132: 1270.3822 | K132: 2159.9748 | L132: 3450.86 | M132: 15.354375 | N132: =+SUM(F132:M132) -> 9145.8916 | O132: 1500 | P132: 923.475 | Q132: 1090.285 | R132: 3903.93 | S132: 1755 | T132: 0 | U132: 5363.4424 | V132: 0 | W132: =+SUM(O132:V132) -> 14536.132
A133: 2026 | B133: =DATE(A133,MONTH(E133),1) -> 46023 | C133: 31 | D133: sáb | E133: 46039 | F133: 1099.6092 | G133: 419.7625 | H133: 212.55883 | I133: 576.23141 | J133: 1269.3816 | K133: 2104.2991 | L133: 3214.1423 | M133: 14.036292 | N133: =+SUM(F133:M133) -> 8910.0212 | O133: 1500 | P133: 923.475 | Q133: 1083.8975 | R133: 3903.93 | S133: 1755 | T133: 0 | U133: 5200.3266 | V133: 0 | W133: =+SUM(O133:V133) -> 14366.629
A134: 2026 | B134: =DATE(A134,MONTH(E134),1) -> 46023 | C134: 31 | D134: dom | E134: 46040 | F134: 1089.196 | G134: 259.56637 | H134: 201.31612 | I134: 226.15953 | J134: 1269.181 | K134: 1386.4306 | L134: 2559.756 | M134: 234.58354 | N134: =+SUM(F134:M134) -> 7226.1892 | O134: 1500 | P134: 919.8 | Q134: 1086.435 | R134: 3903.93 | S134: 1755 | T134: 0 | U134: 5427.543 | V134: 0 | W134: =+SUM(O134:V134) -> 14592.708
A135: 2026 | B135: =DATE(A135,MONTH(E135),1) -> 46023 | C135: 31 | D135: lun | E135: 46041 | F135: 1090.3254 | G135: 219.46713 | H135: 207.25258 | I135: 164.59423 | J135: 1273.5385 | K135: 1880.9453 | L135: 2741.7972 | M135: 15.177208 | N135: =+SUM(F135:M135) -> 7593.0975 | O135: 1500 | P135: 917.14481 | Q135: 1082.235 | R135: 3903.93 | S135: 1755 | T135: 0 | U135: 5731.9326 | V135: 0 | W135: =+SUM(O135:V135) -> 14890.242
A136: 2026 | B136: =DATE(A136,MONTH(E136),1) -> 46023 | C136: 31 | D136: mar | E136: 46042 | F136: 1401.2916 | G136: 188.05446 | H136: 251.88992 | I136: 226.55814 | J136: 1271.8312 | K136: 1720.3492 | L136: 2817.5511 | M136: 12.615083 | N136: =+SUM(F136:M136) -> 7890.1407 | O136: 1500 | P136: 927.85547 | Q136: 1079.9254 | R136: 3903.93 | S136: 1755 | T136: 0 | U136: 6024.2103 | V136: 0 | W136: =+SUM(O136:V136) -> 15190.921
... A175: 2026 | B175: =DATE(A175,MONTH(E175),1) -> 46054 | C175: 28 | D175: sáb | E175: 46081 | F175: 1007.0386 | G175: 210.34871 | H175: 231.08125 | I175: 337.6034 | J175: 1104.0421 | K175: 2091.6843 | L175: 2468.9262 | M175: 58.620625 | N175: =+SUM(F175:M175) -> 7509.3452 | O175: 1500 | P175: 917.175 | Q175: 1038.7081 | R175: 3838 | S175: 1755 | T175: 0 | U175: 5410.9661 | V175: 0 | W175: =+SUM(O175:V175) -> 14459.849
A176: 2026 | B176: 46082 | C176: 31 | D176: dom | E176: 46082 | F176: 950.09262 | G176: 204.44058 | H176: 239.18413 | I176: 275.77455 | J176: 1102.8087 | K176: 2157.4426 | L176: 2246.1396 | M176: 72.429417 | N176: =+SUM(F176:M176) -> 7248.3122 | O176: 1500 | P176: 919.8 | Q176: 1037.5181 | R176: 3838 | S176: 1755 | T176: 0 | U176: 5320.6465 | V176: 0 | W176: =+SUM(O176:V176) -> 14370.965
A177: 2026 | B177: 46082 | C177: 31 | D177: lun | E177: 46083 | F177: 869.58592 | G177: 305.78675 | H177: 240.71338 | I177: 488.42037 | J177: 1104.6227 | K177: 1817.9065 | L177: 3329.5186 | M177: 100.00154 | N177: =+SUM(F177:M177) -> 8256.5557 | O177: 1500 | P177: 888.75784 | Q177: 1038.6556 | R177: 3838 | S177: 1755 | T177: 0 | U177: 5314.7237 | V177: 0 | W177: =+SUM(O177:V177) -> 14335.137
A178: 2026 | B178: 46082 | C178: 31 | D178: mar | E178: 46084 | F178: 664.95508 | G178: 146.05108 | H178: 225.83163 | I178: 318.4153 | J178: 1104.7131 | K178: 1878.5053 | L178: 3086.281 | M178: 131.93829 | N178: =+SUM(F178:M178) -> 7556.6908 | O178: 1500 | P178: 874.65 | Q178: 1028.6828 | R178: 3838 | S178: 1755 | T178: 0 | U178: 5388.3953 | V178: 0 | W178: =+SUM(O178:V178) -> 14384.728
A179: 2026 | B179: 46082 | C179: 31 | D179: mié | E179: 46085 | F179: 1001.7302 | G179: 228.69937 | H179: 229.90913 | I179: 623.68272 | J179: 1103.3723 | K179: 2125.7335 | L179: 3100.943 | M179: 96.126125 | N179: =+SUM(F179:M179) -> 8510.1963 | O179: 1500 | P179: 875.7 | Q179: 1014.524 | R179: 3833.25 | S179: 1755 | T179: 0 | U179: 5411.1741 | V179: 0 | W179: =+SUM(O179:V179) -> 14389.648
A180: 2026 | B180: 46082 | C180: 31 | D180: jue | E180: 46086 | F180: 1100.91 | G180: 249.05838 | H180: 241.81821 | I180: 1071.0544 | J180: 1102.4588 | K180: 1373.6957 | L180: 3232.5431 | M180: 91.348458 | N180: =+SUM(F180:M180) -> 8462.887 | O180: 1500 | P180: 877.275 | Q180: 1033.3838 | R180: 3833.25 | S180: 1755 | T180: 0 | U180: 5425.7135 | V180: 0 | W180: =+SUM(O180:V180) -> 14424.622
A181: 2026 | B181: 46082 | C181: 31 | D181: vie | E181: 46087 | F181: 967.70579 | G181: 195.72183 | H181: 240.80487 | I181: 451.83718 | J181: 1104.4538 | K181: 1514.8515 | L181: 2977.9388 | M181: 17.395333 | N181: =+SUM(F181:M181) -> 7470.709 | O181: 1500 | P181: 877.275 | Q181: 1031.3902 | R181: 3833.25 | S181: 1755 | T181: 0 | U181: 5435.991 | V181: 0 | W181: =+SUM(O181:V181) -> 14432.906
A182: 2026 | B182: 46082 | C182: 31 | D182: sáb | E182: 46088 | F182: 791.55279 | G182: 230.853 | H182: 242.78592 | I182: 177.65059 | J182: 1112.4045 | K182: 1864.6689 | L182: 2498.7828 | M182: 20.316667 | N182: =+SUM(F182:M182) -> 6939.0152 | O182: 1500 | P182: 877.275 | Q182: 1028.2363 | R182: 3833.25 | S182: 1755 | T182: 0 | U182: 5390.0696 | V182: 0 | W182: =+SUM(O182:V182) -> 14383.831
A183: 2026 | B183: 46082 | C183: 31 | D183: dom | E183: 46089 | F183: 754.35946 | G183: 322.74004 | H183: 259.75771 | I183: 270.61854 | J183: 1115.5784 | K183: 2001.7875 | L183: 2352.8812 | M183: 15.535 | N183: =+SUM(F183:M183) -> 7093.2578 | O183: 1500 | P183: 879.375 | Q183: 1033.7072 | R183: 3833.25 | S183: 1755 | T183: 0 | U183: 5373.0144 | V183: 0 | W183: =+SUM(O183:V183) -> 14374.347
A184: 2026 | B184: 46082 | C184: 31 | D184: lun | E184: 46090 | F184: 1189.1456 | G184: 188.56962 | H184: 252.29733 | I184: 504.14636 | J184: 1115.393 | K184: 2112.8143 | L184: 2735.0078 | M184: 34.386042 | N184: =+SUM(F184:M184) -> 8131.7601 | O184: 1500 | P184: 879.375 | Q184: 1030.0538 | R184: 3833.25 | S184: 1755 | T184: 0 | U184: 5518.464 | V184: 0 | W184: =+SUM(O184:V184) -> 14516.143
A185: 2026 | B185: 46082 | C185: 31 | D185: mar | E185: 46091 | F185: 1027.7232 | G185: 193.77925 | H185: 227.08163 | I185: 516.11802 | J185: 1112.1191 | K185: 1632.7709 | L185: 3602.8121 | M185: 25.231083 | N185: =+SUM(F185:M185) -> 8337.6353 | O185: 1500 | P185: 879.375 | Q185: 1026.0559 | R185: 3833.25 | S185: 1755 | T185: 0 | U185: 5677.6251 | V185: 0 | W185: =+SUM(O185:V185) -> 14671.306
A186: 2026 | B186: 46082 | C186: 31 | D186: mié | E186: 46092 | F186: 1142.6688 | G186: 187.92625 | H186: 219.89958 | I186: 179.04963 | J186: 1116.4835 | K186: 1995.729 | L186: 3289.8499 | M186: 18.7735 | N186: =+SUM(F186:M186) -> 8150.3802 | O186: 1500 | P186: 877.275 | Q186: 1000.881 | R186: 3833.25 | S186: 1755 | T186: 0 | U186: 5715.1325 | V186: 0 | W186: =+SUM(O186:V186) -> 14681.538
A187: 2026 | B187: 46082 | C187: 31 | D187: jue | E187: 46093 | F187: 1013.96 | G187: 199.38196 | H187: 225.38237 | I187: 572.64025 | J187: 1120.2761 | K187: 1714.791 | L187: 3642.2999 | M187: 21.461333 | N187: =+SUM(F187:M187) -> 8510.1929 | O187: 1500 | P187: 876.75 | Q187: 1035.0014 | R187: 3833.25 | S187: 1755 | T187: 0 | U187: 5679.7051 | V187: 0 | W187: =+SUM(O187:V187) -> 14679.706
... A225: 2026 | B225: 46113 | C225: 30 | D225: dom | E225: 46131 | F225: 1075.8319 | G225: 419.7935 | H225: 221.6675 | I225: 191.05363 | J225: 617.73358 | K225: 1550.9846 | L225: 2505.2516 | M225: 16.711125 | N225: =+SUM(F225:M225) -> 6599.0275 | O225: 1500 | P225: 879.9 | Q225: 954.065 | R225: 3787.65 | S225: 1755 | T225: 0 | U225: 5792.566 | V225: 0 | W225: =+SUM(O225:V225) -> 14669.181
A226: 2026 | B226: 46113 | C226: 30 | D226: =+Precios!C226 -> lun | E226: =+Precios!D226 -> 46132 | F226: 1397.9696 | G226: 961.19017 | H226: 212.83437 | I226: 402.18108 | J226: 617.84929 | K226: 1350.477 | L226: 2792.5511 | M226: 14.998167 | N226: =+SUM(F226:M226) -> 7750.0508 | O226: 1500 | P226: 870.45 | Q226: 954.065 | R226: 3681.3687 | S226: 1755 | T226: 0 | U226: 5131.9178 | V226: 0 | W226: =+SUM(O226:V226) -> 13892.801
A227: 2026 | B227: 46113 | C227: 30 | D227: =+Precios!C227 -> mar | E227: =+Precios!D227 -> 46133 | F227: 1395.6862 | G227: 583.67371 | H227: 219.62112 | I227: 667.19668 | J227: 618.22183 | K227: 1208.6394 | L227: 2784.5694 | M227: 19.145542 | N227: =+SUM(F227:M227) -> 7496.7539 | O227: 1500 | P227: 855.75 | Q227: 954.59004 | R227: 3485.6953 | S227: 1755 | T227: 0 | U227: 5194.3806 | V227: 0 | W227: =+SUM(O227:V227) -> 13745.416
A228: 2026 | B228: 46113 | C228: 30 | D228: =+Precios!C228 -> mié | E228: =+Precios!D228 -> 46134 | F228: 1310.6864 | G228: 567.30767 | H228: 226.82954 | I228: 369.70532 | J228: 618.23663 | K228: 1924.1896 | L228: 2416.7129 | M228: 17.38275 | N228: =+SUM(F228:M228) -> 7451.0507 | O228: 1500 | P228: 840 | Q228: 958.8775 | R228: 3617.6 | S228: 1755 | T228: 0 | U228: 5250.3364 | V228: 0 | W228: =+SUM(O228:V228) -> 13921.814
A229: 2026 | B229: 46113 | C229: 30 | D229: =+Precios!C229 -> jue | E229: =+Precios!D229 -> 46135 | F229: 1158.2615 | G229: 467.72837 | H229: 235.51454 | I229: 322.06081 | J229: 618.10492 | K229: 2151.9801 | L229: 1652.4463 | M229: 18.057958 | N229: =+SUM(F229:M229) -> 6624.1545 | O229: 1500 | P229: 825.3 | Q229: 961.86947 | R229: 3617.6 | S229: 1755 | T229: 0 | U229: 4990.0841 | V229: 0 | W229: =+SUM(O229:V229) -> 13649.854
A230: 2026 | B230: 46113 | C230: 30 | D230: =+Precios!C230 -> vie | E230: =+Precios!D230 -> 46136 | F230: 1164.1302 | G230: 479.1365 | H230: 237.53717 | I230: 474.09085 | J230: 618.50638 | K230: 1840.2405 | L230: 1864.0697 | M230: 17.591667 | N230: =+SUM(F230:M230) -> 6695.303 | O230: 1500 | P230: 808.5 | Q230: 970.69 | R230: 3617.6 | S230: 1755 | T230: 0 | U230: 4586.8161 | V230: 0 | W230: =+SUM(O230:V230) -> 13238.606
A231: 2026 | B231: 46113 | C231: 30 | D231: =+Precios!C231 -> sáb | E231: =+Precios!D231 -> 46137 | F231: 1093.437 | G231: 289.60254 | H231: 335.84629 | I231: 785.63785 | J231: 618.57763 | K231: 1729.5583 | L231: 1519.2565 | M231: 18.436625 | N231: =+SUM(F231:M231) -> 6390.3528 | O231: 1500 | P231: 795.9 | Q231: 961.24643 | R231: 3617.6 | S231: 1755 | T231: 0 | U231: 4450.6745 | V231: 0 | W231: =+SUM(O231:V231) -> 13080.421
A232: 2026 | B232: 46113 | C232: 30 | D232: =+Precios!C232 -> dom | E232: =+Precios!D232 -> 46138 | F232: 1154.3939 | G232: 211.42667 | H232: 236.99771 | I232: 248.85321 | J232: 618.19867 | K232: 2294.4988 | L232: 1411.422 | M232: 250.16121 | N232: =+SUM(F232:M232) -> 6425.9523 | O232: 1500 | P232: 790.65 | Q232: 961.765 | R232: 3617.6 | S232: 1755 | T232: 0 | U232: 4721.2092 | V232: 0 | W232: =+SUM(O232:V232) -> 13346.224
A233: 2026 | B233: 46113 | C233: 30 | D233: =+Precios!C233 -> lun | E233: =+Precios!D233 -> 46139 | F233: 1615.549 | G233: 148.28163 | H233: 319.50637 | I233: 1021.8986 | J233: 618.26275 | K233: 1545.4185 | L233: 1614.3787 | M233: 762.59733 | N233: =+SUM(F233:M233) -> 7645.8929 | O233: 1500 | P233: 759.54047 | Q233: 960.53589 | R233: 3617.6 | S233: 1755 | T233: 0 | U233: 4805.4257 | V233: 0 | W233: =+SUM(O233:V233) -> 13398.102
A234: 2026 | B234: 46113 | C234: 30 | D234: =+Precios!C234 -> mar | E234: =+Precios!D234 -> 46140 | F234: 1716.0695 | G234: 476.62413 | H234: 313.69004 | I234: 1219.9587 | J234: 618.5345 | K234: 1762.609 | L234: 1814.4933 | M234: 321.39438 | N234: =+SUM(F234:M234) -> 8243.3735 | O234: 1500 | P234: 759.71438 | Q234: 961.82166 | R234: 3597.65 | S234: 1755 | T234: 0 | U234: 4843.5863 | V234: 0 | W234: =+SUM(O234:V234) -> 13417.772
A235: 2026 | B235: 46113 | C235: 30 | D235: =+Precios!C235 -> mié | E235: =+Precios!D235 -> 46141 | F235: 1689.4162 | G235: 334.24967 | H235: 306.40279 | I235: 747.54233 | J235: 618.78921 | K235: 2234.176 | L235: 1752.0158 | M235: 738.30325 | N235: =+SUM(F235:M235) -> 8420.8952 | O235: 1500 | P235: 801.15 | Q235: 1018.6025 | R235: 3597.65 | S235: 1755 | T235: 0 | U235: 4904.2763 | V235: 0 | W235: =+SUM(O235:V235) -> 13576.679
A236: 2026 | B236: 46113 | C236: 30 | D236: =+Precios!C236 -> jue | E236: =+Precios!D236 -> 46142 | F236: 1824.2865 | G236: 113.09513 | H236: 245.555 | I236: 506.46487 | J236: 618.23738 | K236: 1610.4384 | L236: 1715.8837 | M236: 869.34537 | N236: =+SUM(F236:M236) -> 7503.3063 | O236: 1500 | P236: 809.025 | Q236: 1065.2263 | R236: 3597.65 | S236: 1755 | T236: 0 | U236: 4979.0041 | V236: 0 | W236: =+SUM(O236:V236) -> 13705.905
A237: 2026 | B237: 46143 | C237: 31 | D237: vie | E237: 46143 | F237: 1489.9904 | G237: 161.50292 | H237: 172.22042 | I237: 152.32458 | J237: 618.47583 | K237: 1962.4821 | L237: 1497.9083 | M237: 474.16167 | N237: =+SUM(F237:M237) -> 6529.0662 | O237: 1500 | P237: 824.25 | Q237: 1072.8156 | R237: 3597.65 | S237: 1755 | T237: 0 | U237: 4862.8333 | V237: 0 | W237: =+SUM(O237:V237) -> 13612.549
A238: 2026 | B238: 46143 | C238: 31 | D238: sáb | E238: 46144 | F238: 1512.1279 | G238: 153.475 | H238: 189.76042 | I238: 235.31065 | J238: 618.75 | K238: 1517.7767 | L238: 1918.3033 | M238: 519.98875 | N238: =+SUM(F238:M238) -> 6665.4927 | O238: 1500 | P238: 838.425 | Q238: 1072.9075 | R238: 3597.65 | S238: 1755 | T238: 0 | U238: 5159.6671 | V238: 0 | W238: =+SUM(O238:V238) -> 13923.65
A239: 2026 | B239: 46143 | C239: 31 | D239: dom | E239: 46145 | F239: 1240.8608 | G239: 103.92583 | H239: 165.73 | I239: 136.29729 | J239: 618.58667 | K239: 1894.4446 | L239: 1880.3342 | M239: 327.63 | N239: =+SUM(F239:M239) -> 6367.8094 | O239: 1500 | P239: 853.65 | Q239: 1072.82 | R239: 3597.65 | S239: 1755 | T239: 0 | U239: 5355.3429 | V239: 0 | W239: =+SUM(O239:V239) -> 14134.463
A240: 2026 | B240: 46143 | C240: 31 | D240: lun | E240: 46146 | F240: 1506.8446 | G240: 470.57583 | H240: 166.21417 | I240: 637.45198 | J240: 618.86875 | K240: 1608.7842 | L240: 2006.0246 | M240: 511.91833 | N240: =+SUM(F240:M240) -> 7526.6824 | O240: 1500 | P240: 863.78906 | Q240: 1067.045 | R240: 3433.4781 | S240: 1755 | T240: 0 | U240: 5000.0388 | V240: 0 | W240: =+SUM(O240:V240) -> 13619.351
A241: 2026 | B241: 46143 | C241: 31 | D241: mar | E241: 46147 | F241: 1627.1 | G241: 561.22917 | H241: 288.46792 | I241: 1222.6666 | J241: 617.41583 | K241: 1075.8117 | L241: 2142.7479 | M241: 714.06167 | N241: =+SUM(F241:M241) -> 8249.5008 | O241: 1500 | P241: 856.275 | Q241: 1065.0618 | R241: 3473.6552 | S241: 1755 | T241: 0 | U241: 4907.8375 | V241: 0 | W241: =+SUM(O241:V241) -> 13557.83
A242: 2026 | B242: 46143 | C242: 31 | D242: mié | E242: 46148 | F242: 1606.0892 | G242: 356.62792 | H242: 293.8925 | I242: 819.14977 | J242: 618.68125 | K242: 1208.2688 | L242: 2127.4542 | M242: 951.30792 | N242: =+SUM(F242:M242) -> 7981.4714 | O242: 1500 | P242: 810.32219 | Q242: 1053.703 | R242: 3597.65 | S242: 1755 | T242: 0 | U242: 4950.1608 | V242: 0 | W242: =+SUM(O242:V242) -> 13666.836
A243: 2026 | B243: 46143 | C243: 31 | D243: jue | E243: 46149 | F243: 1624.4288 | G243: 434.28917 | H243: 180.35 | I243: 236.88092 | J243: 618.6225 | K243: 2067.3625 | L243: 1951.235 | M243: 836.56 | N243: =+SUM(F243:M243) -> 7949.7288 | O243: 1500 | P243: 868.875 | Q243: 1068.8825 | R243: 3597.65 | S243: 1755 | T243: 0 | U243: 5264.6975 | V243: 0 | W243: =+SUM(O243:V243) -> 14055.105
...

Sheet Mono ASIG
B1: Mercado ASIGNADO | H1: $ ASIGNADA - ENERGIA $ | Q1: $ ASIGNADA - POTENCIA $ | Z1: $ ASIGNADA $
B2: PRECIOS UNITARIOS REPRESENTATIVOS
B3: Por Energía / Por Potencia
H5: VARIABLES | I5: VARIABLES | J5: VARIABLES | K5: VARIABLES | L5: VARIABLES | M5: VARIABLES | N5: VARIABLES | O5: VARIABLES | P5: VARIABLES | Q5: FIJOS | R5: FIJOS | S5: FIJOS | T5: FIJOS | U5: FIJOS | V5: FIJOS | W5: FIJOS | X5: FIJOS | Y5: FIJOS | Z5: FIJ + VAR | AA5: FIJ + VAR | AB5: FIJ + VAR | AC5: FIJ + VAR
E6: VALORES ECONOMICOS - ACUMULADO MES | H6: usd/MWh | I6: usd/MWh | J6: usd/MWh | K6: usd/MWh | L6: usd/MWh | M6: usd/MWh | N6: usd/MWh | O6: usd/MWh | P6: usd/dia | Q6: usd/MW mes | R6: usd/MW mes | S6: usd/MW mes | T6: usd/MW mes | U6: usd/MW mes | V6: usd/MW mes | W6: usd/MW mes | X6: usd/MW mes | Y6: =+P6 -> usd/dia | Z6: =+Y6 -> usd/dia | AA6: usd/Mwh | AB6: usd/Mwh | AC6: usd/Mwh
G7: MES | H7: YACYRETA | I7: SALTO GRANDE | J7: HIDRO NAC Resto | K7: HIDRO COM CONCESION | L7: NUCLEAR | M7: PPA RENOV | N7: PPA TERM | O7: IMPORTACION | P7: VAR ASIG | Q7: YACYRETA | R7: SALTO GRANDE | S7: HIDRO NAC Resto | T7: HIDRO COM CONCESION | U7: NUCLEAR | V7: PPA RENOV | W7: PPA TERM | X7: IMPORTACION | Y7: FIJOS ASIG | Z7: SUMA ASIG | AA7: MONO | AB7: POT | AC7: ENER
G8: =+'Fisico ASIG'!E8 -> 45962 | H8: =AVERAGEIFS(H$25:H$1048576,$D$25:$D$1048576,$G8) -> 28 | I8: =AVERAGEIFS(I$25:I$1048576,$D$25:$D$1048576,$G8) -> 4.7975185 | J8: =AVERAGEIFS(J$25:J$1048576,$D$25:$D$1048576,$G8) -> 5.8161641 | L8: =AVERAGEIFS(L$25:L$1048576,$D$25:$D$1048576,$G8) -> 27 | M8: =AVERAGEIFS(M$25:M$1048576,$D$25:$D$1048576,$G8) -> 71.5 | N8: =AVERAGEIFS(N$25:N$1048576,$D$25:$D$1048576,$G8) -> 38.068552 | O8: =AVERAGEIFS(O$25:O$1048576,$D$25:$D$1048576,$G8) -> 92.860415 | P8: =AVERAGEIFS(P$25:P$1048576,$D$25:$D$1048576,$G8) -> 7220427.9 | Q8: =AVERAGEIFS(Q$25:Q$1048576,$D$25:$D$1048576,$G8) -> 0 | R8: =AVERAGEIFS(R$25:R$1048576,$D$25:$D$1048576,$G8) -> 5497.7825 | S8: =AVERAGEIFS(S$25:S$1048576,$D$25:$D$1048576,$G8) -> 1540.5825 | U8: =AVERAGEIFS(U$25:U$1048576,$D$25:$D$1048576,$G8) -> 18000 | V8: =AVERAGEIFS(V$25:V$1048576,$D$25:$D$1048576,$G8) -> 0 | W8: =AVERAGEIFS(W$25:W$1048576,$D$25:$D$1048576,$G8) -> 21900 | X8: =AVERAGEIFS(X$25:X$1048576,$D$25:$D$1048576,$G8) -> 0 | Y8: =AVERAGEIFS(Y$25:Y$1048576,$D$25:$D$1048576,$G8) -> 5334795.8 | Z8: =+(P8+Y8) -> 12555224 | AA8: =+Z8/'Fisico ASIG'!N8/24 -> 61.760172 | AB8: =+$AB$21*Precios!R8*Precios!P8/Precios!W8/Precios!Q8 -> 13.384615 | AC8: =+AA8-AB8 -> 48.375557
G9: =+'Fisico ASIG'!E9 -> 45992 | H9: =AVERAGEIFS(H$25:H$1048576,$D$25:$D$1048576,$G9) -> 28 | I9: =AVERAGEIFS(I$25:I$1048576,$D$25:$D$1048576,$G9) -> 4.8642721 | J9: =AVERAGEIFS(J$25:J$1048576,$D$25:$D$1048576,$G9) -> 5.7816249 | L9: =AVERAGEIFS(L$25:L$1048576,$D$25:$D$1048576,$G9) -> 27 | M9: =AVERAGEIFS(M$25:M$1048576,$D$25:$D$1048576,$G9) -> 71.5 | N9: =AVERAGEIFS(N$25:N$1048576,$D$25:$D$1048576,$G9) -> 40.46591 | O9: =AVERAGEIFS(O$25:O$1048576,$D$25:$D$1048576,$G9) -> 104.20101 | P9: =AVERAGEIFS(P$25:P$1048576,$D$25:$D$1048576,$G9) -> 8384683.9 | Q9: =AVERAGEIFS(Q$25:Q$1048576,$D$25:$D$1048576,$G9) -> 0 | R9: =AVERAGEIFS(R$25:R$1048576,$D$25:$D$1048576,$G9) -> 5574.4373 | S9: =AVERAGEIFS(S$25:S$1048576,$D$25:$D$1048576,$G9) -> 1706.1611 | U9: =AVERAGEIFS(U$25:U$1048576,$D$25:$D$1048576,$G9) -> 18000 | V9: =AVERAGEIFS(V$25:V$1048576,$D$25:$D$1048576,$G9) -> 0 | W9: =AVERAGEIFS(W$25:W$1048576,$D$25:$D$1048576,$G9) -> 21900 | X9: =AVERAGEIFS(X$25:X$1048576,$D$25:$D$1048576,$G9) -> 0 | Y9: =AVERAGEIFS(Y$25:Y$1048576,$D$25:$D$1048576,$G9) -> 5515635.9 | Z9: =+(P9+Y9) -> 13900320 | AA9: =+Z9/'Fisico ASIG'!N9/24 -> 63.49639 | AB9: =+$AB$21*Precios!R9*Precios!P9/Precios!W9/Precios!Q9 -> 17.468983 | AC9: =+AA9-AB9 -> 46.027408
G10: =+'Fisico ASIG'!E10 -> 46023 | H10: =AVERAGEIFS(H$25:H$1048576,$D$25:$D$1048576,$G10) -> 28 | I10: =AVERAGEIFS(I$25:I$1048576,$D$25:$D$1048576,$G10) -> 5.0018454 | J10: =AVERAGEIFS(J$25:J$1048576,$D$25:$D$1048576,$G10) -> 6.5099399 | K10: =AVERAGEIFS(K$25:K$1048576,$D$25:$D$1048576,$G10) -> 7.5875 | L10: =AVERAGEIFS(L$25:L$1048576,$D$25:$D$1048576,$G10) -> 27 | M10: =AVERAGEIFS(M$25:M$1048576,$D$25:$D$1048576,$G10) -> 71.5 | N10: =AVERAGEIFS(N$25:N$1048576,$D$25:$D$1048576,$G10) -> 42.13139 | O10: =AVERAGEIFS(O$25:O$1048576,$D$25:$D$1048576,$G10) -> 80.830082 | ... Y10: =AVERAGEIFS(Y$25:Y$1048576,$D$25:$D$1048576,$G10) -> 5622846.9 | Z10: =+(P10+Y10) -> 14028881 | AA10: =+Z10/'Fisico ASIG'!N10/24 -> 64.531577 | AB10: =+$AB$21*Precios!R10*Precios!P10/Precios!W10/Precios!Q10 -> 14.996969 | AC10: =+AA10-AB10 -> 49.534608
G11: =+'Fisico ASIG'!E11 -> 46054 | H11: =AVERAGEIFS(H$25:H$1048576,$D$25:$D$1048576,$G11) -> 28 | I11: =AVERAGEIFS(I$25:I$1048576,$D$25:$D$1048576,$G11) -> 5.1392516 | J11: =AVERAGEIFS(J$25:J$1048576,$D$25:$D$1048576,$G11) -> 6.6887752 | K11: =AVERAGEIFS(K$25:K$1048576,$D$25:$D$1048576,$G11) -> 7.5875 | L11: =AVERAGEIFS(L$25:L$1048576,$D$25:$D$1048576,$G11) -> 27 | M11: =AVERAGEIFS(M$25:M$1048576,$D$25:$D$1048576,$G11) -> 71.5 | N11: =AVERAGEIFS(N$25:N$1048576,$D$25:$D$1048576,$G11) -> 41.039718 | O11: =AVERAGEIFS(O$25:O$1048576,$D$25:$D$1048576,$G11) -> 92.10906 | ... Y11: =AVERAGEIFS(Y$25:Y$1048576,$D$25:$D$1048576,$G11) -> 6227666.1 | Z11: =+(P11+Y11) -> 14495266 | AA11: =+Z11/'Fisico ASIG'!N11/24 -> 73.131269 | AB11: =+$AB$21*Precios!R11*Precios!P11/Precios!W11/Precios!Q11 -> 14.441444 | AC11: =+AA11-AB11 -> 58.689825
G12: =+'Fisico ASIG'!E12 -> 46082 | H12: =AVERAGEIFS(H$25:H$1048576,$D$25:$D$1048576,$G12) -> 28 | I12: =AVERAGEIFS(I$25:I$1048576,$D$25:$D$1048576,$G12) -> 5.2366365 | J12: =AVERAGEIFS(J$25:J$1048576,$D$25:$D$1048576,$G12) -> 5.8867926 | K12: =AVERAGEIFS(K$25:K$1048576,$D$25:$D$1048576,$G12) -> 6.8583333 | L12: =AVERAGEIFS(L$25:L$1048576,$D$25:$D$1048576,$G12) -> 27 | M12: =AVERAGEIFS(M$25:M$1048576,$D$25:$D$1048576,$G12) -> 71.5 | N12: =AVERAGEIFS(N$25:N$1048576,$D$25:$D$1048576,$G12) -> 46.488647 | O12: =AVERAGEIFS(O$25:O$1048576,$D$25:$D$1048576,$G12) -> 71.653023 | ... Y12: =AVERAGEIFS(Y$25:Y$1048576,$D$25:$D$1048576,$G12) -> 5289948.7 | Z12: =+(P12+Y12) -> 13267383 | AA12: =+Z12/'Fisico ASIG'!N12/24 -> 71.173352 | AB12: =+$AB$21*Precios!R12*Precios!P12/Precios!W12/Precios!Q12 -> 12.528037 | AC12: =+AA12-AB12 -> 58.645315
G13: =+'Fisico ASIG'!E13 -> 46113 | H13: =AVERAGEIFS(H$25:H$1048576,$D$25:$D$1048576,$G13) -> 28 | I13: =AVERAGEIFS(I$25:I$1048576,$D$25:$D$1048576,$G13) -> 5.2429398 | J13: =AVERAGEIFS(J$25:J$1048576,$D$25:$D$1048576,$G13) -> 5.8938784 | K13: =AVERAGEIFS(K$25:K$1048576,$D$25:$D$1048576,$G13) -> 6.8583333 | L13: =AVERAGEIFS(L$25:L$1048576,$D$25:$D$1048576,$G13) -> 27 | M13: =AVERAGEIFS(M$25:M$1048576,$D$25:$D$1048576,$G13) -> 71.5 | N13: =AVERAGEIFS(N$25:N$1048576,$D$25:$D$1048576,$G13) -> 52.112444 | O13: =AVERAGEIFS(O$25:O$1048576,$D$25:$D$1048576,$G13) -> 78.581543 | ... Y13: =AVERAGEIFS(Y$25:Y$1048576,$D$25:$D$1048576,$G13) -> 5276768 | Z13: =+(P13+Y13) -> 12964406 | AA13: =+Z13/'Fisico ASIG'!N13/24 -> 72.749403 | AB13: =+$AB$21*Precios!R13*Precios!P13/Precios!W13/Precios!Q13 -> 12.966822 | AC13: =+AA13-AB13 -> 59.782581
G14: =+'Fisico ASIG'!E14 -> 46143 | H14: =AVERAGEIFS(H$25:H$1048576,$D$25:$D$1048576,$G14) -> 28 | I14: =AVERAGEIFS(I$25:I$1048576,$D$25:$D$1048576,$G14) -> 5.1344035 | J14: =AVERAGEIFS(J$25:J$1048576,$D$25:$D$1048576,$G14) -> 5.7718668 | K14: =AVERAGEIFS(K$25:K$1048576,$D$25:$D$1048576,$G14) -> 6.8583333 | L14: =AVERAGEIFS(L$25:L$1048576,$D$25:$D$1048576,$G14) -> 27 | M14: =AVERAGEIFS(M$25:M$1048576,$D$25:$D$1048576,$G14) -> 71.5 | N14: =AVERAGEIFS(N$25:N$1048576,$D$25:$D$1048576,$G14) -> 99.970133 | O14: =AVERAGEIFS(O$25:O$1048576,$D$25:$D$1048576,$G14) -> 146.77674 | ... Y14: =AVERAGEIFS(Y$25:Y$1048576,$D$25:$D$1048576,$G14) -> 5125677.5 | Z14: =+(P14+Y14) -> 18830398 | AA14: =+Z14/'Fisico ASIG'!N14/24 -> 85.537689 | AB14: =+$AB$21*Precios!R14*Precios!P14/Precios!W14/Precios!Q14 -> 11.157385 | AC14: =+AA14-AB14 -> 74.380304
G15: =+'Fisico ASIG'!E15 -> 46174 | H15: =AVERAGEIFS(H$25:H$1048576,$D$25:$D$1048576,$G15) -> 28 | I15: =AVERAGEIFS(I$25:I$1048576,$D$25:$D$1048576,$G15) -> 4.8826051 | J15: =AVERAGEIFS(J$25:J$1048576,$D$25:$D$1048576,$G15) -> 5.4888062 | K15: =AVERAGEIFS(K$25:K$1048576,$D$25:$D$1048576,$G15) -> 6.8583333 | L15: =AVERAGEIFS(L$25:L$1048576,$D$25:$D$1048576,$G15) -> 27 | M15: =AVERAGEIFS(M$25:M$1048576,$D$25:$D$1048576,$G15) -> 71.5 | N15: =AVERAGEIFS(N$25:N$1048576,$D$25:$D$1048576,$G15) -> 120.01523 | O15: =AVERAGEIFS(O$25:O$1048576,$D$25:$D$1048576,$G15) -> 159.31814 | ... Y15: =AVERAGEIFS(Y$25:Y$1048576,$D$25:$D$1048576,$G15) -> 5731949.7 | Z15: =+(P15+Y15) -> 21996385 | AA15: =+Z15/'Fisico ASIG'!N15/24 -> 97.092179 | AB15: =+$AB$21*Precios!R15*Precios!P15/Precios!W15/Precios!Q15 -> 13.786852 | AC15: =+AA15-AB15 -> 83.305327
G16: =+'Fisico ASIG'!E16 -> 46204 | H16: =AVERAGEIFS(H$25:H$1048576,$D$25:$D$1048576,$G16) -> 28 | I16: =AVERAGEIFS(I$25:I$1048576,$D$25:$D$1048576,$G16) -> 4.8647821 | J16: =AVERAGEIFS(J$25:J$1048576,$D$25:$D$1048576,$G16) -> 5.4687705 | K16: =AVERAGEIFS(K$25:K$1048576,$D$25:$D$1048576,$G16) -> 6.8583333 | L16: =AVERAGEIFS(L$25:L$1048576,$D$25:$D$1048576,$G16) -> 27 | M16: =AVERAGEIFS(M$25:M$1048576,$D$25:$D$1048576,$G16) -> 71.5 | N16: =AVERAGEIFS(N$25:N$1048576,$D$25:$D$1048576,$G16) -> 104.78892 | O16: =AVERAGEIFS(O$25:O$1048576,$D$25:$D$1048576,$G16) -> 104.28886 | ... Y16: =AVERAGEIFS(Y$25:Y$1048576,$D$25:$D$1048576,$G16) -> 5679138.2 | Z16: =+(P16+Y16) -> 18427369 | AA16: =+Z16/'Fisico ASIG'!N16/24 -> 79.568531 | AB16: =+$AB$21*Precios!R16*Precios!P16/Precios!W16/Precios!Q16 -> 14.137513 | AC16: =+AA16-AB16 -> 65.431018
G17: =+'Fisico ASIG'!E17 -> 46235 | H17: =AVERAGEIFS(H$25:H$1048576,$D$25:$D$1048576,$G17) -> 28 | I17: =AVERAGEIFS(I$25:I$1048576,$D$25:$D$1048576,$G17) -> 4.7970524 | J17: =AVERAGEIFS(J$25:J$1048576,$D$25:$D$1048576,$G17) -> 5.3926318 | K17: =AVERAGEIFS(K$25:K$1048576,$D$25:$D$1048576,$G17) -> 6.8583333 | L17: =AVERAGEIFS(L$25:L$1048576,$D$25:$D$1048576,$G17) -> 27 | M17: =AVERAGEIFS(M$25:M$1048576,$D$25:$D$1048576,$G17) -> 71.5 | N17: =AVERAGEIFS(N$25:N$1048576,$D$25:$D$1048576,$G17) -> 122.14442 | O17: =AVERAGEIFS(O$25:O$1048576,$D$25:$D$1048576,$G17) -> 96.576661 | ... Y17: =AVERAGEIFS(Y$25:Y$1048576,$D$25:$D$1048576,$G17) -> 5707901.1 | Z17: =+(P17+Y17) -> 19941775 | AA17: =+Z17/'Fisico ASIG'!N17/24 -> 80.768274 | AB17: =+$AB$21*Precios!R17*Precios!P17/Precios!W17/Precios!Q17 -> 13.89839 | AC17: =+AA17-AB17 -> 66.869884
G18: =+'Fisico ASIG'!E18 -> 46266 | H18: =AVERAGEIFS(H$25:H$1048576,$D$25:$D$1048576,$G18) -> 28 | I18: =AVERAGEIFS(I$25:I$1048576,$D$25:$D$1048576,$G18) -> 4.7715982 | J18: =AVERAGEIFS(J$25:J$1048576,$D$25:$D$1048576,$G18) -> 5.3640173 | K18: =AVERAGEIFS(K$25:K$1048576,$D$25:$D$1048576,$G18) -> 6.8583333 | L18: =AVERAGEIFS(L$25:L$1048576,$D$25:$D$1048576,$G18) -> 27 | M18: =AVERAGEIFS(M$25:M$1048576,$D$25:$D$1048576,$G18) -> 71.5 | N18: =AVERAGEIFS(N$25:N$1048576,$D$25:$D$1048576,$G18) -> 71.395466 | O18: =AVERAGEIFS(O$25:O$1048576,$D$25:$D$1048576,$G18) -> 44.407473 | ... Y18: =AVERAGEIFS(Y$25:Y$1048576,$D$25:$D$1048576,$G18) -> 5631523.1 | Z18: =+(P18+Y18) -> 15081272 | AA18: =+Z18/'Fisico ASIG'!N18/24 -> 63.540031 | AB18: =+$AB$21*Precios!R18*Precios!P18/Precios!W18/Precios!Q18 -> 12.315987 | AC18: =+AA18-AB18 -> 51.224044
G19: =+'Fisico ASIG'!E19 -> 46296 | H19: =AVERAGEIFS(H$25:H$1048576,$D$25:$D$1048576,$G19) -> 28 | I19: =AVERAGEIFS(I$25:I$1048576,$D$25:$D$1048576,$G19) -> 4.7326797 | J19: =AVERAGEIFS(J$25:J$1048576,$D$25:$D$1048576,$G19) -> 5.3202669 | K19: =AVERAGEIFS(K$25:K$1048576,$D$25:$D$1048576,$G19) -> 6.8583333 | L19: =AVERAGEIFS(L$25:L$1048576,$D$25:$D$1048576,$G19) -> 27 | M19: =AVERAGEIFS(M$25:M$1048576,$D$25:$D$1048576,$G19) -> 71.5 | N19: =AVERAGEIFS(N$25:N$1048576,$D$25:$D$1048576,$G19) -> 47.44916 | O19: =AVERAGEIFS(O$25:O$1048576,$D$25:$D$1048576,$G19) -> 38.352 | ... Y19: =AVERAGEIFS(Y$25:Y$1048576,$D$25:$D$1048576,$G19) -> 5191390.7 | Z19: =+(P19+Y19) -> 12334287 | AA19: =+Z19/'Fisico ASIG'!N19/24 -> 54.835663 | AB19: =+$AB$21*Precios!R19*Precios!P19/Precios!W19/Precios!Q19 -> 11.736268 | AC19: =+AA19-AB19 -> 43.099395
AB21: 16
E22: VALORES ECONOMICOS - PASO DIARIO | H22: VARIABLES | I22: VARIABLES | J22: VARIABLES | K22: VARIABLES | L22: VARIABLES | M22: VARIABLES | N22: VARIABLES | O22: VARIABLES | P22: VARIABLES | Q22: FIJOS | R22: FIJOS | S22: FIJOS | T22: FIJOS | U22: FIJOS | V22: FIJOS | W22: FIJOS | X22: FIJOS | Y22: FIJOS | Z22: FIJ + VAR | AA22: FIJ + VAR | AB22: FIJ + VAR | AC22: FIJ + VAR | AI22: VARIABLES | AJ22: FIJOS | AK22: FIJOS | AL22: VARIABLES | AM22: FIJOS | AN22: VARIABLES | AO22: ADICIONALES Fondo Fiduciario | AP22: ADICIONALES Transporte | AQ22: ADICIONALES Costo Combustible
H23: usd/MWh | I23: usd/MWh | J23: usd/MWh | K23: usd/MWh | L23: usd/MWh | M23: usd/MWh | N23: usd/MWh | O23: usd/MWh | P23: usd/dia | Q23: usd/MW mes | R23: usd/MW mes | S23: usd/MW mes | T23: usd/MW mes | U23: usd/MW mes | V23: usd/MW mes | W23: usd/MW mes | X23: usd/MW mes | Y23: =+P23 -> usd/dia | Z23: =+Y23 -> usd/dia | AA23: usd/Mwh | AB23: usd/Mwh | AC23: usd/Mwh | AI23: $/MWh | AJ23: $/MW mes | AK23: K | AL23: usd/MWh | AM23: usd/MW mes | AN23: usd/MWh | AO23: usd/MWh | AP23: usd/MWh | AQ23: usd/MWh
A24: TC fin de mes | B24: TC quincena | C24: AÑO | D24: MES | E24: # dias/mes | F24: TIPO dia | G24: DIA | H24: YACYRETA | I24: SALTO GRANDE | J24: HIDRO NAC Resto | K24: HIDRO COM CONCESION | L24: NUCLEAR | M24: PPA RENOV | N24: PPA TERM | O24: IMPORTACION | P24: VAR ASIG | Q24: YACYRETA | R24: SALTO GRANDE | S24: HIDRO NAC Resto | T24: HIDRO COM CONCESION | U24: NUCLEAR | V24: PPA RENOV | W24: PPA TERM | X24: IMPORTACION | Y24: FIJOS ASIG | Z24: SUMA ASIG | AA24: MONO | AB24: POT | AC24: ENER | AD24: ADIC | AI24: SALTO GRANDE | AJ24: SALTO GRANDE | AK24: SALTO GRANDE | AL24: HIDRO NAC | AM24: HIDRO NAC | AN24: PPA TERM | AO24: TER TOTAL | AP24: TER TOTAL | AQ24: TER TOTAL
A25: 1443 | B25: 1425.667 | C25: =YEAR(G25) -> 2025 | D25: =+'Fisico ASIG'!B25 -> 45931 | E25: 31 | F25: mié. | G25: 45931 | H25: 28 | I25: =AI25/A25 -> 4.6604297 | J25: =+AL25/A25 -> 5.8474012 | L25: 27 | M25: 71.5 | N25: =+AN25+AO25 -> 36.081407 | O25: 29.338123 | P25: =SUMPRODUCT(H25:O25,'Fisico ASIG'!F25:M25)*24 -> 7228969.7 | Q25: 0 | R25: =+AJ25*AK25/A25 -> 5340.3962 | S25: =+AM25/A25 -> 1548.8565 | U25: 18000 | V25: 0 | W25: 21900 | X25: 0 | Y25: =SUMPRODUCT(Q25:X25,'Fisico ASIG'!O25:V25)/E25 -> 4835534.9 | Z25: =+(P25+Y25) -> 12064505 | AA25: =+Z25/'Fisico ASIG'!N25/24 -> 61.946815 | AB25: =+$AB$21*375/0.52/730 -> 15.806112 | AC25: =+AA25-AB25 -> 46.140703 | AD25: 10 | AI25: 6725 | AJ25: 5351522 | AK25: =1.2*1.2 -> 1.44 | AL25: =4060+1627*1.4+2100 -> 8437.8 | AM25: 2235000 | AN25: 34.179304 | AO25: =0.075*0.9*(AN25-6) -> 1.902103
A26: 1443 | B26: 1425.667 | C26: =YEAR(G26) -> 2025 | D26: =+'Fisico ASIG'!B26 -> 45931 | E26: 31 | F26: jue. | G26: =+ G25+1 -> 45932 | H26: 28 | I26: =AI26/A26 -> 4.6604297 | J26: =+AL26/A26 -> 5.8474012 | L26: 27 | M26: 71.5 | N26: =+AN26+AO26 -> 36.546443 | O26: 28.82441 | P26: =SUMPRODUCT(H26:O26,'Fisico ASIG'!F26:M26)*24 -> 7182715.7 | Q26: 0 | R26: =+AJ26*AK26/A26 -> 5340.3962 | S26: =+AM26/A26 -> 1548.8565 | U26: 18000 | V26: 0 | W26: 21900 | X26: 0 | Y26: =SUMPRODUCT(Q26:X26,'Fisico ASIG'!O26:V26)/E26 -> 4867222.9 | Z26: =+(P26+Y26) -> 12049939 | AA26: =+Z26/'Fisico ASIG'!N26/24 -> 60.116829 | AB26: =+$AB$21*375/0.52/730 -> 15.806112 | AC26: =+AA26-AB26 -> 44.310717 | AI26: 6725 | AJ26: 5351522 | AK26: =1.2*1.2 -> 1.44 | AL26: =4060+1627*1.4+2100 -> 8437.8 | AM26: 2235000 | AN26: 34.614935 | AO26: =0.075*0.9*(AN26-6) -> 1.9315081
A27: 1443 | B27: 1425.667 | C27: =YEAR(G27) -> 2025 | D27: =+'Fisico ASIG'!B27 -> 45931 | E27: 31 | F27: vie. | G27: =+ G26+1 -> 45933 | H27: 28 | I27: =AI27/A27 -> 4.6604297 | J27: =+AL27/A27 -> 5.8474012 | L27: 27 | M27: 71.5 | N27: =+AN27+AO27 -> 36.06404 | O27: 30.095803 | P27: =SUMPRODUCT(H27:O27,'Fisico ASIG'!F27:M27)*24 -> 7113038.1 | Q27: 0 | R27: =+AJ27*AK27/A27 -> 5340.3962 | S27: =+AM27/A27 -> 1548.8565 | U27: 18000 | V27: 0 | W27: 21900 | X27: 0 | Y27: =SUMPRODUCT(Q27:X27,'Fisico ASIG'!O27:V27)/E27 -> 4929643.6 | Z27: =+(P27+Y27) -> 12042682 | AA27: =+Z27/'Fisico ASIG'!N27/24 -> 58.649 | AB27: =+$AB$21*375/0.52/730 -> 15.806112 | AC27: =+AA27-AB27 -> 42.842888 | AI27: 6725 | AJ27: 5351522 | AK27: =1.2*1.2 -> 1.44 | AL27: =4060+1627*1.4+2100 -> 8437.8 | AM27: 2235000 | AN27: 34.163035 | AO27: =0.075*0.9*(AN27-6) -> 1.9010049
A28: 1443 | B28: 1425.667 | C28: =YEAR(G28) -> 2025 | D28: =+'Fisico ASIG'!B28 -> 45931 | E28: 31 | F28: sáb. | G28: =+ G27+1 -> 45934 | H28: 28 | I28: =AI28/A28 -> 4.6604297 | J28: =+AL28/A28 -> 5.8474012 | L28: 27 | M28: 71.5 | N28: =+AN28+AO28 -> 38.065209 | O28: 28.443739 | P28: =SUMPRODUCT(H28:O28,'Fisico ASIG'!F28:M28)*24 -> 6948831 | Q28: 0 | R28: =+AJ28*AK28/A28 -> 5340.3962 | S28: =+AM28/A28 -> 1548.8565 | U28: 18000 | V28: 0 | W28: 21900 | X28: 0 | Y28: =SUMPRODUCT(Q28:X28,'Fisico ASIG'!O28:V28)/E28 -> 5276855.4 | Z28: =+(P28+Y28) -> 12225686 | AA28: =+Z28/'Fisico ASIG'!N28/24 -> 61.22392 | AB28: =+$AB$21*375/0.52/730 -> 15.806112 | AC28: =+AA28-AB28 -> 45.417808 | AI28: 6725 | AJ28: 5351522 | AK28: =1.2*1.2 -> 1.44 | AL28: =4060+1627*1.4+2100 -> 8437.8 | AM28: 2235000 | AN28: 36.037666 | AO28: =0.075*0.9*(AN28-6) -> 2.0275425
A29: 1443 | B29: 1425.667 | C29: =YEAR(G29) -> 2025 | D29: =+'Fisico ASIG'!B29 -> 45931 | E29: 31 | F29: dom. | G29: =+ G28+1 -> 45935 | H29: 28 | I29: =AI29/A29 -> 4.6604297 | J29: =+AL29/A29 -> 5.8474012 | L29: 27 | M29: 71.5 | N29: =+AN29+AO29 -> 36.794739 | O29: 28.623559 | P29: =SUMPRODUCT(H29:O29,'Fisico ASIG'!F29:M29)*24 -> 5992713.6 | Q29: 0 | R29: =+AJ29*AK29/A29 -> 5340.3962 | S29: =+AM29/A29 -> 1548.8565 | U29: 18000 | V29: 0 | W29: 21900 | X29: 0 | Y29: =SUMPRODUCT(Q29:X29,'Fisico ASIG'!O29:V29)/E29 -> 5333649.1 | Z29: =+(P29+Y29) -> 11326363 | AA29: =+Z29/'Fisico ASIG'!N29/24 -> 63.180646 | AB29: =+$AB$21*375/0.52/730 -> 15.806112 | AC29: =+AA29-AB29 -> 47.374535 | AI29: 6725 | AJ29: 5351522 | AK29: =1.2*1.2 -> 1.44 | AL29: =4060+1627*1.4+2100 -> 8437.8 | AM29: 2235000 | AN29: 34.847531 | AO29: =0.075*0.9*(AN29-6) -> 1.9472083
A30: 1443 | B30: 1425.667 | C30: =YEAR(G30) -> 2025 | D30: =+'Fisico ASIG'!B30 -> 45931 | E30: 31 | F30: lun. | G30: =+ G29+1 -> 45936 | H30: 28 | I30: =AI30/A30 -> 4.6604297 | J30: =+AL30/A30 -> 5.8474012 | L30: 27 | M30: 71.5 | N30: =+AN30+AO30 -> 37.169232 | O30: 28.337218 | P30: =SUMPRODUCT(H30:O30,'Fisico ASIG'!F30:M30)*24 -> 7060630.4 | Q30: 0 | R30: =+AJ30*AK30/A30 -> 5340.3962 | S30: =+AM30/A30 -> 1548.8565 | U30: 18000 | V30: 0 | W30: 21900 | X30: 0 | Y30: =SUMPRODUCT(Q30:X30,'Fisico ASIG'!O30:V30)/E30 -> 5453912.5 | Z30: =+(P30+Y30) -> 12514543 | AA30: =+Z30/'Fisico ASIG'!N30/24 -> 61.080366 | AB30: =+$AB$21*375/0.52/730 -> 15.806112 | AC30: =+AA30-AB30 -> 45.274254 | AI30: 6725 | AJ30: 5351522 | AK30: =1.2*1.2 -> 1.44 | AL30: =4060+1627*1.4+2100 -> 8437.8 | AM30: 2235000 | AN30: 35.198344 | AO30: =0.075*0.9*(AN30-6) -> 1.9708882
A31: 1443 | B31: 1425.667 | C31: =YEAR(G31) -> 2025 | D31: =+'Fisico ASIG'!B31 -> 45931 | E31: 31 | F31: mar. | G31: =+ G30+1 -> 45937 | H31: 28 | I31: =AI31/A31 -> 4.6604297 | J31: =+AL31/A31 -> 5.8474012 | L31: 27 | M31: 71.5 | N31: =+AN31+AO31 -> 36.548062 | O31: 28.447498 | P31: =SUMPRODUCT(H31:O31,'Fisico ASIG'!F31:M31)*24 -> 7011375.4 | Q31: 0 | R31: =+AJ31*AK31/A31 -> 5340.3962 | S31: =+AM31/A31 -> 1548.8565 | U31: 18000 | V31: 0 | W31: 21900 | X31: 0 | Y31: =SUMPRODUCT(Q31:X31,'Fisico ASIG'!O31:V31)/E31 -> 5512786.2 | Z31: =+(P31+Y31) -> 12524162 | AA31: =+Z31/'Fisico ASIG'!N31/24 -> 63.155935 | AB31: =+$AB$21*375/0.52/730 -> 15.806112 | AC31: =+AA31-AB31 -> 47.349823 | AI31: 6725 | AJ31: 5351522 | AK31: =1.2*1.2 -> 1.44 | AL31: =4060+1627*1.4+2100 -> 8437.8 | AM31: 2235000 | AN31: 34.616452 | AO31: =0.075*0.9*(AN31-6) -> 1.9316105
A32: 1443 | B32: 1425.667 | C32: =YEAR(G32) -> 2025 | D32: =+'Fisico ASIG'!B32 -> 45931 | E32: 31 | F32: mié. | G32: =+ G31+1 -> 45938 | H32: 28 | I32: =AI32/A32 -> 4.6604297 | J32: =+AL32/A32 -> 5.8474012 | L32: 27 | M32: 71.5 | N32: =+AN32+AO32 -> 35.644185 | O32: 30.912775 | P32: =SUMPRODUCT(H32:O32,'Fisico ASIG'!F32:M32)*24 -> 7656990.9 | Q32: 0 | R32: =+AJ32*AK32/A32 -> 5340.3962 | S32: =+AM32/A32 -> 1548.8565 | U32: 18000 | V32: 0 | W32: 21900 | X32: 0 | Y32: =SUMPRODUCT(Q32:X32,'Fisico ASIG'!O32:V32)/E32 -> 5521496.1 | Z32: =+(P32+Y32) -> 13178487 | AA32: =+Z32/'Fisico ASIG'!N32/24 -> 65.376973 | AB32: =+$AB$21*375/0.52/730 -> 15.806112 | AC32: =+AA32-AB32 -> 49.570861 | AI32: 6725 | AJ32: 5351522 | AK32: =1.2*1.2 -> 1.44 | AL32: =4060+1627*1.4+2100 -> 8437.8 | AM32: 2235000 | AN32: 33.769728 | AO32: =0.075*0.9*(AN32-6) -> 1.8744567
A33: 1443 | B33: 1425.667 | C33: =YEAR(G33) -> 2025 | D33: =+'Fisico ASIG'!B33 -> 45931 | E33: 31 | F33: jue. | G33: =+ G32+1 -> 45939 | H33: 28 | I33: =AI33/A33 -> 4.6604297 | J33: =+AL33/A33 -> 5.8474012 | L33: 27 | M33: 71.5 | N33: =+AN33+AO33 -> 35.633307 | O33: 29.065081 | P33: =SUMPRODUCT(H33:O33,'Fisico ASIG'!F33:M33)*24 -> 7325813.3 | Q33: 0 | R33: =+AJ33*AK33/A33 -> 5340.3962 | S33: =+AM33/A33 -> 1548.8565 | U33: 18000 | V33: 0 | W33: 21900 | X33: 0 | Y33: =SUMPRODUCT(Q33:X33,'Fisico ASIG'!O33:V33)/E33 -> 5435440.7 | Z33: =+(P33+Y33) -> 12761254 | AA33: =+Z33/'Fisico ASIG'!N33/24 -> 63.346287 | AB33: =+$AB$21*375/0.52/730 -> 15.806112 | AC33: =+AA33-AB33 -> 47.540176 | AI33: 6725 | AJ33: 5351522 | AK33: =1.2*1.2 -> 1.44 | AL33: =4060+1627*1.4+2100 -> 8437.8 | AM33: 2235000 | AN33: 33.759539 | AO33: =0.075*0.9*(AN33-6) -> 1.8737689
A34: 1443 | B34: 1425.667 | C34: =YEAR(G34) -> 2025 | D34: =+'Fisico ASIG'!B34 -> 45931 | E34: 31 | F34: vie. | G34: =+ G33+1 -> 45940 | H34: 28 | I34: =AI34/A34 -> 4.6604297 | J34: =+AL34/A34 -> 5.8474012 | L34: 27 | M34: 71.5 | N34: =+AN34+AO34 -> 36.52238 | O34: 28.370983 | P34: =SUMPRODUCT(H34:O34,'Fisico ASIG'!F34:M34)*24 -> 6268402.7 | Q34: 0 | R34: =+AJ34*AK34/A34 -> 5340.3962 | S34: =+AM34/A34 -> 1548.8565 | U34: 18000 | V34: 0 | W34: 21900 | X34: 0 | Y34: =SUMPRODUCT(Q34:X34,'Fisico ASIG'!O34:V34)/E34 -> 5409616 | Z34: =+(P34+Y34) -> 11678019 | AA34: =+Z34/'Fisico ASIG'!N34/24 -> 63.163796 | AB34: =+$AB$21*375/0.52/730 -> 15.806112 | AC34: =+AA34-AB34 -> 47.357684 | AI34: 6725 | AJ34: 5351522 | AK34: =1.2*1.2 -> 1.44 | AL34: =4060+1627*1.4+2100 -> 8437.8 | AM34: 2235000 | AN34: 34.592393 | AO34: =0.075*0.9*(AN34-6) -> 1.9299866
A35: 1443 | B35: 1425.667 | C35: =YEAR(G35) -> 2025 | D35: =+'Fisico ASIG'!B35 -> 45931 | E35: 31 | F35: sáb. | G35: =+ G34+1 -> 45941 | H35: 28 | I35: =AI35/A35 -> 4.6604297 | J35: =+AL35/A35 -> 5.8474012 | L35: 27 | M35: 71.5 | N35: =+AN35+AO35 -> 37.393914 | O35: 28.043782 | P35: =SUMPRODUCT(H35:O35,'Fisico ASIG'!F35:M35)*24 -> 6379318.4 | Q35: 0 | R35: =+AJ35*AK35/A35 -> 5340.3962 | S35: =+AM35/A35 -> 1548.8565 | U35: 18000 | V35: 0 | W35: 21900 | X35: 0 | Y35: =SUMPRODUCT(Q35:X35,'Fisico ASIG'!O35:V35)/E35 -> 5447059.5 | Z35: =+(P35+Y35) -> 11826378 | AA35: =+Z35/'Fisico ASIG'!N35/24 -> 62.649776 | AB35: =+$AB$21*375/0.52/730 -> 15.806112 | AC35: =+AA35-AB35 -> 46.843664 | AI35: 6725 | AJ35: 5351522 | AK35: =1.2*1.2 -> 1.44 | AL35: =4060+1627*1.4+2100 -> 8437.8 | AM35: 2235000 | AN35: 35.408819 | AO35: =0.075*0.9*(AN35-6) -> 1.9850953
A36: 1443 | B36: 1425.667 | C36: =YEAR(G36) -> 2025 | D36: =+'Fisico ASIG'!B36 -> 45931 | E36: 31 | F36: dom. | G36: =+ G35+1 -> 45942 | H36: 28 | I36: =AI36/A36 -> 4.6604297 | J36: =+AL36/A36 -> 5.8474012 | L36: 27 | M36: 71.5 | N36: =+AN36+AO36 -> 36.798932 | O36: 32.057297 | P36: =SUMPRODUCT(H36:O36,'Fisico ASIG'!F36:M36)*24 -> 6917671.2 | Q36: 0 | R36: =+AJ36*AK36/A36 -> 5340.3962 | S36: =+AM36/A36 -> 1548.8565 | U36: 18000 | V36: 0 | W36: 21900 | X36: 0 | Y36: =SUMPRODUCT(Q36:X36,'Fisico ASIG'!O36:V36)/E36 -> 5485644 | Z36: =+(P36+Y36) -> 12403315 | AA36: =+Z36/'Fisico ASIG'!N36/24 -> 68.841525 | AB36: =+$AB$21*375/0.52/730 -> 15.806112 | AC36: =+AA36-AB36 -> 53.035413 | AI36: 6725 | AJ36: 5351522 | AK36: =1.2*1.2 -> 1.44 | AL36: =4060+1627*1.4+2100 -> 8437.8 | AM36: 2235000 | AN36: 34.851459 | AO36: =0.075*0.9*(AN36-6) -> 1.9474735
A37: 1443 | B37: 1429.75 | C37: =YEAR(G37) -> 2025 | D37: =+'Fisico ASIG'!B37 -> 45931 | E37: 31 | F37: lun. | G37: =+ G36+1 -> 45943 | H37: 28 | I37: =AI37/A37 -> 4.6604297 | J37: =+AL37/A37 -> 5.8474012 | L37: 27 | M37: 71.5 | N37: =+AN37+AO37 -> 35.658401 | O37: 28.206491 | P37: =SUMPRODUCT(H37:O37,'Fisico ASIG'!F37:M37)*24 -> 7467515.1 | Q37: 0 | R37: =+AJ37*AK37/A37 -> 5340.3962 | S37: =+AM37/A37 -> 1548.8565 | U37: 18000 | V37: 0 | W37: 21900 | X37: 0 | Y37: =SUMPRODUCT(Q37:X37,'Fisico ASIG'!O37:V37)/E37 -> 5416194.4 | Z37: =+(P37+Y37) -> 12883709 | AA37: =+Z37/'Fisico ASIG'!N37/24 -> 61.633753 | AB37: =+$AB$21*375/0.52/730 -> 15.806112 | AC37: =+AA37-AB37 -> 45.827641 | AI37: 6725 | AJ37: 5351522 | AK37: =1.2*1.2 -> 1.44 | AL37: =4060+1627*1.4+2100 -> 8437.8 | AM37: 2235000 | AN37: 33.783046 | AO37: =0.075*0.9*(AN37-6) -> 1.8753556
... A85: 1450.75 | B85: 1419.333 | C85: =YEAR(G85) -> 2025 | D85: =+'Fisico ASIG'!B85 -> 45962 | E85: 30 | F85: dom | G85: =+ G84+1 -> 45991 | H85: 28 | I85: =AI85/A85 -> 4.7975185 | J85: =+AL85/A85 -> 5.8161641 | L85: 27 | M85: 71.5 | N85: =+AN85+AO85 -> 39.746549 | O85: 119.79456 | P85: =SUMPRODUCT(H85:O85,'Fisico ASIG'!F85:M85)*24 -> 6243786.6 | Q85: 0 | R85: =+AJ85*AK85/A85 -> 5497.7825 | S85: =+AM85/A85 -> 1540.5825 | U85: 18000 | V85: 0 | W85: 21900 | X85: 0 | Y85: =SUMPRODUCT(Q85:X85,'Fisico ASIG'!O85:V85)/E85 -> 5342841.5 | Z85: =+(P85+Y85) -> 11586628 | AA85: =+Z85/'Fisico ASIG'!N85/24 -> 71.721664 | AB85: =+$AB$21*375/0.52/730 -> 15.806112 | AC85: =+AA85-AB85 -> 55.915552 | AI85: 6960 | AJ85: 5538825 | AK85: =1.2*1.2 -> 1.44 | AL85: =4060+1627*1.4+2100 -> 8437.8 | AM85: 2235000 | AN85: 37.612693 | AO85: =0.075*0.9*(AN85-6) -> 2.1338568
A86: 1459.4167 | B86: 1442.833 | C86: =YEAR(G86) -> 2025 | D86: =+'Fisico ASIG'!B86 -> 45992 | E86: 31 | F86: lun | G86: =+ G85+1 -> 45992 | H86: 28 | I86: =AI86/A86 -> 4.8642721 | J86: =+AL86/A86 -> 5.7816249 | L86: 27 | M86: 71.5 | N86: =+AN86+AO86+AP86 -> 39.747935 | O86: 119.85763 | P86: =SUMPRODUCT(H86:O86,'Fisico ASIG'!F86:M86)*24 -> 7267741.8 | Q86: 0 | R86: =+AJ86*AK86/A86 -> 5574.4373 | S86: =+AM86/A86 -> 1706.1611 | U86: 18000 | V86: 0 | W86: 21900 | X86: 0 | Y86: =SUMPRODUCT(Q86:X86,'Fisico ASIG'!O86:V86)/E86 -> 5271790.6 | Z86: =+(P86+Y86) -> 12539532 | AA86: =+Z86/'Fisico ASIG'!N86/24 -> 64.022508 | AB86: =+$AB$21*375/0.52/730 -> 15.806112 | AC86: =+AA86-AB86 -> 48.216396 | AI86: 7099 | AJ86: 5649602 | AK86: =1.2*1.2 -> 1.44 | AL86: =4060+1627*1.4+2100 -> 8437.8 | AM86: 2490000 | AN86: 35.5531 | AO86: =0.075*0.9*(AN86-6) -> 1.9948343 | AP86: 2.2
A87: =+A86 -> 1459.4167 | B87: 1442.833 | C87: =YEAR(G87) -> 2025 | D87: =+'Fisico ASIG'!B87 -> 45992 | E87: 31 | F87: mar | G87: =+ G86+1 -> 45993 | H87: 28 | I87: =AI87/A87 -> 4.8642721 | J87: =+AL87/A87 -> 5.7816249 | L87: 27 | M87: 71.5 | N87: =+AN87+AO87+AP87 -> 39.335716 | O87: 119.87989 | P87: =SUMPRODUCT(H87:O87,'Fisico ASIG'!F87:M87)*24 -> 7815966.7 | Q87: 0 | R87: =+AJ87*AK87/A87 -> 5574.4373 | S87: =+AM87/A87 -> 1706.1611 | U87: 18000 | V87: 0 | W87: 21900 | X87: 0 | Y87: =SUMPRODUCT(Q87:X87,'Fisico ASIG'!O87:V87)/E87 -> 5462287.7 | Z87: =+(P87+Y87) -> 13278254 | AA87: =+Z87/'Fisico ASIG'!N87/24 -> 65.403461 | AB87: =+$AB$21*375/0.52/730 -> 15.806112 | AC87: =+AA87-AB87 -> 49.59735 | AI87: 7099 | AJ87: 5649602 | AK87: =1.2*1.2 -> 1.44 | AL87: =4060+1627*1.4+2100 -> 8437.8 | AM87: 2490000 | AN87: 35.166947 | AO87: =0.075*0.9*(AN87-6) -> 1.9687689 | AP87: 2.2
A88: =+A87 -> 1459.4167 | B88: 1442.833 | C88: =YEAR(G88) -> 2025 | D88: =+'Fisico ASIG'!B88 -> 45992 | E88: 31 | F88: mié | G88: =+ G87+1 -> 45994 | H88: 28 | I88: =AI88/A88 -> 4.8642721 | J88: =+AL88/A88 -> 5.7816249 | L88: 27 | M88: 71.5 | N88: =+AN88+AO88+AP88 -> 39.802818 | O88: 119.908 | P88: =SUMPRODUCT(H88:O88,'Fisico ASIG'!F88:M88)*24 -> 7897226.9 | Q88: 0 | R88: =+AJ88*AK88/A88 -> 5574.4373 | S88: =+AM88/A88 -> 1706.1611 | U88: 18000 | V88: 0 | W88: 21900 | X88: 0 | Y88: =SUMPRODUCT(Q88:X88,'Fisico ASIG'!O88:V88)/E88 -> 5445203.1 | Z88: =+(P88+Y88) -> 13342430 | AA88: =+Z88/'Fisico ASIG'!N88/24 -> 60.136069 | AB88: =+$AB$21*375/0.52/730 -> 15.806112 | AC88: =+AA88-AB88 -> 44.329957 | AI88: 7099 | AJ88: 5649602 | AK88: =1.2*1.2 -> 1.44 | AL88: =4060+1627*1.4+2100 -> 8437.8 | AM88: 2490000 | AN88: 35.604514 | AO88: =0.075*0.9*(AN88-6) -> 1.9983047 | AP88: 2.2
A89: =+A88 -> 1459.4167 | B89: 1442.833 | C89: =YEAR(G89) -> 2025 | D89: =+'Fisico ASIG'!B89 -> 45992 | E89: 31 | F89: jue | G89: =+ G88+1 -> 45995 | H89: 28 | I89: =AI89/A89 -> 4.8642721 | J89: =+AL89/A89 -> 5.7816249 | L89: 27 | M89: 71.5 | N89: =+AN89+AO89+AP89 -> 41.236444 | O89: 119.90084 | P89: =SUMPRODUCT(H89:O89,'Fisico ASIG'!F89:M89)*24 -> 8599134.1 | Q89: 0 | R89: =+AJ89*AK89/A89 -> 5574.4373 | S89: =+AM89/A89 -> 1706.1611 | U89: 18000 | V89: 0 | W89: 21900 | X89: 0 | Y89: =SUMPRODUCT(Q89:X89,'Fisico ASIG'!O89:V89)/E89 -> 5443133.2 | Z89: =+(P89+Y89) -> 14042267 | AA89: =+Z89/'Fisico ASIG'!N89/24 -> 58.429944 | AB89: =+$AB$21*375/0.52/730 -> 15.806112 | AC89: =+AA89-AB89 -> 42.623832 | AI89: 7099 | AJ89: 5649602 | AK89: =1.2*1.2 -> 1.44 | AL89: =4060+1627*1.4+2100 -> 8437.8 | AM89: 2490000 | AN89: 36.947488 | AO89: =0.075*0.9*(AN89-6) -> 2.0889554 | AP89: 2.2
A90: =+A89 -> 1459.4167 | B90: 1442.833 | C90: =YEAR(G90) -> 2025 | D90: =+'Fisico ASIG'!B90 -> 45992 | E90: 31 | F90: vie | G90: =+ G89+1 -> 45996 | H90: 28 | I90: =AI90/A90 -> 4.8642721 | J90: =+AL90/A90 -> 5.7816249 | L90: 27 | M90: 71.5 | N90: =+AN90+AO90+AP90 -> 40.772181 | O90: 119.77507 | P90: =SUMPRODUCT(H90:O90,'Fisico ASIG'!F90:M90)*24 -> 8837894.2 | Q90: 0 | R90: =+AJ90*AK90/A90 -> 5574.4373 | S90: =+AM90/A90 -> 1706.1611 | U90: 18000 | V90: 0 | W90: 21900 | X90: 0 | Y90: =SUMPRODUCT(Q90:X90,'Fisico ASIG'!O90:V90)/E90 -> 5460529.8 | Z90: =+(P90+Y90) -> 14298424 | AA90: =+Z90/'Fisico ASIG'!N90/24 -> 57.10996 | AB90: =+$AB$21*375/0.52/730 -> 15.806112 | AC90: =+AA90-AB90 -> 41.303849 | AI90: 7099 | AJ90: 5649602 | AK90: =1.2*1.2 -> 1.44 | AL90: =4060+1627*1.4+2100 -> 8437.8 | AM90: 2490000 | AN90: 36.512582 | AO90: =0.075*0.9*(AN90-6) -> 2.0595993 | AP90: 2.2
A91: =+A90 -> 1459.4167 | B91: 1442.833 | C91: =YEAR(G91) -> 2025 | D91: =+'Fisico ASIG'!B91 -> 45992 | E91: 31 | F91: sáb | G91: =+ G90+1 -> 45997 | H91: 28 | I91: =AI91/A91 -> 4.8642721 | J91: =+AL91/A91 -> 5.7816249 | L91: 27 | M91: 71.5 | N91: =+AN91+AO91+AP91 -> 44.094524 | O91: 119.78213 | P91: =SUMPRODUCT(H91:O91,'Fisico ASIG'!F91:M91)*24 -> 8698127.9 | Q91: 0 | R91: =+AJ91*AK91/A91 -> 5574.4373 | S91: =+AM91/A91 -> 1706.1611 | U91: 18000 | V91: 0 | W91: 21900 | X91: 0 | Y91: =SUMPRODUCT(Q91:X91,'Fisico ASIG'!O91:V91)/E91 -> 5451691.2 | Z91: =+(P91+Y91) -> 14149819 | AA91: =+Z91/'Fisico ASIG'!N91/24 -> 61.338369 | AB91: =+$AB$21*375/0.52/730 -> 15.806112 | AC91: =+AA91-AB91 -> 45.532258 | AI91: 7099 | AJ91: 5649602 | AK91: =1.2*1.2 -> 1.44 | AL91: =4060+1627*1.4+2100 -> 8437.8 | AM91: 2490000 | AN91: 39.624847 | AO91: =0.075*0.9*(AN91-6) -> 2.2696771 | AP91: 2.2
A92: =+A91 -> 1459.4167 | B92: 1442.833 | C92: =YEAR(G92) -> 2025 | D92: =+'Fisico ASIG'!B92 -> 45992 | E92: 31 | F92: dom | G92: =+ G91+1 -> 45998 | H92: 28 | I92: =AI92/A92 -> 4.8642721 | J92: =+AL92/A92 -> 5.7816249 | L92: 27 | M92: 71.5 | N92: =+AN92+AO92+AP92 -> 42.36981 | O92: 119.50076 | P92: =SUMPRODUCT(H92:O92,'Fisico ASIG'!F92:M92)*24 -> 7526555.9 | Q92: 0 | R92: =+AJ92*AK92/A92 -> 5574.4373 | S92: =+AM92/A92 -> 1706.1611 | U92: 18000 | V92: 0 | W92: 21900 | X92: 0 | Y92: =SUMPRODUCT(Q92:X92,'Fisico ASIG'!O92:V92)/E92 -> 5455034.9 | Z92: =+(P92+Y92) -> 12981591 | AA92: =+Z92/'Fisico ASIG'!N92/24 -> 65.415919 | AB92: =+$AB$21*375/0.52/730 -> 15.806112 | AC92: =+AA92-AB92 -> 49.609808 | AI92: 7099 | AJ92: 5649602 | AK92: =1.2*1.2 -> 1.44 | AL92: =4060+1627*1.4+2100 -> 8437.8 | AM92: 2490000 | AN92: 38.009189 | AO92: =0.075*0.9*(AN92-6) -> 2.1606203 | AP92: 2.2
A93: =+A92 -> 1459.4167 | B93: 1442.833 | C93: =YEAR(G93) -> 2025 | D93: =+'Fisico ASIG'!B93 -> 45992 | E93: 31 | F93: lun | G93: =+ G92+1 -> 45999 | H93: 28 | I93: =AI93/A93 -> 4.8642721 | J93: =+AL93/A93 -> 5.7816249 | L93: 27 | M93: 71.5 | N93: =+AN93+AO93+AP93 -> 38.557943 | O93: 119.54179 | P93: =SUMPRODUCT(H93:O93,'Fisico ASIG'!F93:M93)*24 -> 6749539.6 | Q93: 0 | R93: =+AJ93*AK93/A93 -> 5574.4373 | S93: =+AM93/A93 -> 1706.1611 | U93: 18000 | V93: 0 | W93: 21900 | X93: 0 | Y93: =SUMPRODUCT(Q93:X93,'Fisico ASIG'!O93:V93)/E93 -> 5476209.2 | Z93: =+(P93+Y93) -> 12225749 | AA93: =+Z93/'Fisico ASIG'!N93/24 -> 69.521917 | AB93: =+$AB$21*375/0.52/730 -> 15.806112 | AC93: =+AA93-AB93 -> 53.715805 | AI93: 7099 | AJ93: 5649602 | AK93: =1.2*1.2 -> 1.44 | AL93: =4060+1627*1.4+2100 -> 8437.8 | AM93: 2490000 | AN93: 34.438355 | AO93: =0.075*0.9*(AN93-6) -> 1.9195889 | AP93: 2.2
A94: =+A93 -> 1459.4167 | B94: 1442.833 | C94: =YEAR(G94) -> 2025 | D94: =+'Fisico ASIG'!B94 -> 45992 | E94: 31 | F94: mar | G94: =+ G93+1 -> 46000 | H94: 28 | I94: =AI94/A94 -> 4.8642721 | J94: =+AL94/A94 -> 5.7816249 | L94: 27 | M94: 71.5 | N94: =+AN94+AO94+AP94 -> 41.086002 | O94: 119.69511 | P94: =SUMPRODUCT(H94:O94,'Fisico ASIG'!F94:M94)*24 -> 7935321.6 | Q94: 0 | R94: =+AJ94*AK94/A94 -> 5574.4373 | S94: =+AM94/A94 -> 1706.1611 | U94: 18000 | V94: 0 | W94: 21900 | X94: 0 | Y94: =SUMPRODUCT(Q94:X94,'Fisico ASIG'!O94:V94)/E94 -> 5452525.2 | Z94: =+(P94+Y94) -> 13387847 | AA94: =+Z94/'Fisico ASIG'!N94/24 -> 63.943977 | AB94: =+$AB$21*375/0.52/730 -> 15.806112 | AC94: =+AA94-AB94 -> 48.137865 | AI94: 7099 | AJ94: 5649602 | AK94: =1.2*1.2 -> 1.44 | AL94: =4060+1627*1.4+2100 -> 8437.8 | AM94: 2490000 | AN94: 36.806559 | AO94: =0.075*0.9*(AN94-6) -> 2.0794427 | AP94: 2.2
A95: =+A94 -> 1459.4167 | B95: 1442.833 | C95: =YEAR(G95) -> 2025 | D95: =+'Fisico ASIG'!B95 -> 45992 | E95: 31 | F95: mié | G95: =+ G94+1 -> 46001 | H95: 28 | I95: =AI95/A95 -> 4.8642721 | J95: =+AL95/A95 -> 5.7816249 | L95: 27 | M95: 71.5 | N95: =+AN95+AO95+AP95 -> 41.3069 | O95: 39.612429 | P95: =SUMPRODUCT(H95:O95,'Fisico ASIG'!F95:M95)*24 -> 8095446.8 | Q95: 0 | R95: =+AJ95*AK95/A95 -> 5574.4373 | S95: =+AM95/A95 -> 1706.1611 | U95: 18000 | V95: 0 | W95: 21900 | X95: 0 | Y95: =SUMPRODUCT(Q95:X95,'Fisico ASIG'!O95:V95)/E95 -> 5399667.4 | Z95: =+(P95+Y95) -> 13495114 | AA95: =+Z95/'Fisico ASIG'!N95/24 -> 59.940251 | AB95: =+$AB$21*375/0.52/730 -> 15.806112 | AC95: =+AA95-AB95 -> 44.134139 | AI95: 7099 | AJ95: 5649602 | AK95: =1.2*1.2 -> 1.44 | AL95: =4060+1627*1.4+2100 -> 8437.8 | AM95: 2490000 | AN95: 37.013489 | AO95: =0.075*0.9*(AN95-6) -> 2.0934105 | AP95: 2.2
A96: =+A95 -> 1459.4167 | B96: 1442.833 | C96: =YEAR(G96) -> 2025 | D96: =+'Fisico ASIG'!B96 -> 45992 | E96: 31 | F96: jue | G96: =+ G95+1 -> 46002 | H96: 28 | I96: =AI96/A96 -> 4.8642721 | J96: =+AL96/A96 -> 5.7816249 | L96: 27 | M96: 71.5 | N96: =+AN96+AO96+AP96 -> 40.239234 | O96: 119.70485 | P96: =SUMPRODUCT(H96:O96,'Fisico ASIG'!F96:M96)*24 -> 8625525 | Q96: 0 | R96: =+AJ96*AK96/A96 -> 5574.4373 | S96: =+AM96/A96 -> 1706.1611 | U96: 18000 | V96: 0 | W96: 21900 | X96: 0 | Y96: =SUMPRODUCT(Q96:X96,'Fisico ASIG'!O96:V96)/E96 -> 5534778.7 | Z96: =+(P96+Y96) -> 14160304 | AA96: =+Z96/'Fisico ASIG'!N96/24 -> 62.351925 | AB96: =+$AB$21*375/0.52/730 -> 15.806112 | AC96: =+AA96-AB96 -> 46.545814 | AI96: 7099 | AJ96: 5649602 | AK96: =1.2*1.2 -> 1.44 | AL96: =4060+1627*1.4+2100 -> 8437.8 | AM96: 2490000 | AN96: 36.013334 | AO96: =0.075*0.9*(AN96-6) -> 2.0259001 | AP96: 2.2
A97: =+A96 -> 1459.4167 | B97: 1442.833 | C97: =YEAR(G97) -> 2025 | D97: =+'Fisico ASIG'!B97 -> 45992 | E97: 31 | F97: vie | G97: =+ G96+1 -> 46003 | H97: 28 | I97: =AI97/A97 -> 4.8642721 | J97: =+AL97/A97 -> 5.7816249 | L97: 27 | M97: 71.5 | N97: =+AN97+AO97+AP97 -> 41.240295 | O97: 100.68402 | P97: =SUMPRODUCT(H97:O97,'Fisico ASIG'!F97:M97)*24 -> 10267830 | Q97: 0 | R97: =+AJ97*AK97/A97 -> 5574.4373 | S97: =+AM97/A97 -> 1706.1611 | U97: 18000 | V97: 0 | W97: 21900 | X97: 0 | Y97: =SUMPRODUCT(Q97:X97,'Fisico ASIG'!O97:V97)/E97 -> 5538776.1 | Z97: =+(P97+Y97) -> 15806606 | AA97: =+Z97/'Fisico ASIG'!N97/24 -> 63.615281 | AB97: =+$AB$21*375/0.52/730 -> 15.806112 | AC97: =+AA97-AB97 -> 47.809169 | AI97: 7099 | AJ97: 5649602 | AK97: =1.2*1.2 -> 1.44 | AL97: =4060+1627*1.4+2100 -> 8437.8 | AM97: 2490000 | AN97: 36.951096 | AO97: =0.075*0.9*(AN97-6) -> 2.089199 | AP97: 2.2
A98: =+A97 -> 1459.4167 | B98: 1442.833 | C98: =YEAR(G98) -> 2025 | D98: =+'Fisico ASIG'!B98 -> 45992 | E98: 31 | F98: sáb | G98: =+ G97+1 -> 46004 | H98: 28 | I98: =AI98/A98 -> 4.8642721 | J98: =+AL98/A98 -> 5.7816249 | L98: 27 | M98: 71.5 | N98: =+AN98+AO98+AP98 -> 40.556602 | O98: 101.33759 | P98: =SUMPRODUCT(H98:O98,'Fisico ASIG'!F98:M98)*24 -> 9670071.8 | Q98: 0 | R98: =+AJ98*AK98/A98 -> 5574.4373 | S98: =+AM98/A98 -> 1706.1611 | U98: 18000 | V98: 0 | W98: 21900 | X98: 0 | Y98: =SUMPRODUCT(Q98:X98,'Fisico ASIG'!O98:V98)/E98 -> 5606032.5 | Z98: =+(P98+Y98) -> 15276104 | AA98: =+Z98/'Fisico ASIG'!N98/24 -> 64.188813 | AB98: =+$AB$21*375/0.52/730 -> 15.806112 | AC98: =+AA98-AB98 -> 48.382702 | AI98: 7099 | AJ98: 5649602 | AK98: =1.2*1.2 -> 1.44 | AL98: =4060+1627*1.4+2100 -> 8437.8 | AM98: 2490000 | AN98: 36.310634 | AO98: =0.075*0.9*(AN98-6) -> 2.0459678 | AP98: 2.2
... A106: =+A105 -> 1459.4167 | B106: 1437.417 | C106: =YEAR(G106) -> 2025 | D106: =+'Fisico ASIG'!B106 -> 45992 | E106: 31 | F106: dom | G106: =+ G105+1 -> 46012 | H106: 28 | I106: =AI106/A106 -> 4.8642721 | J106: =+AL106/A106 -> 5.7816249 | L106: 27 | M106: 71.5 | N106: =+AN106+AO106+AP106 -> 39.650835 | O106: 119.74903 | P106: =SUMPRODUCT(H106:O106,'Fisico ASIG'!F106:M106)*24 -> 7736931.1 | Q106: 0 | R106: =+AJ106*AK106/A106 -> 5574.4373 | S106: =+AM106/A106 -> 1706.1611 | U106: 18000 | V106: 0 | W106: 21900 | X106: 0 | Y106: =SUMPRODUCT(Q106:X106,'Fisico ASIG'!O106:V106)/E106 -> 5473987.4 | Z106: =+(P106+Y106) -> 13210918 | AA106: =+Z106/'Fisico ASIG'!N106/24 -> 69.787774 | AB106: =+$AB$21*375/0.52/730 -> 15.806112 | AC106: =+AA106-AB106 -> 53.981663 | AI106: 7099 | AJ106: 5649602 | AK106: =1.2*1.2 -> 1.44 | AL106: =4060+1627*1.4+2100 -> 8437.8 | AM106: 2490000 | AN106: 35.46214 | AO106: =0.075*0.9*(AN106-6) -> 1.9886945 | AP106: 2.2
A107: =+A106 -> 1459.4167 | B107: 1437.417 | C107: =YEAR(G107) -> 2025 | D107: =+'Fisico ASIG'!B107 -> 45992 | E107: 31 | F107: lun | G107: 46013 | H107: 28 | I107: =AI107/A107 -> 4.8642721 | J107: =+AL107/A107 -> 5.7816249 | L107: 27 | M107: 71.5 | N107: =+AN107+AO107+AP107 -> 38.703821 | O107: 119.88905 | P107: =SUMPRODUCT(H107:O107,'Fisico ASIG'!F107:M107)*24 -> 8142109.7 | Q107: 0 | R107: =+AJ107*AK107/A107 -> 5574.4373 | S107: =+AM107/A107 -> 1706.1611 | U107: 18000 | V107: 0 | W107: 21900 | X107: 0 | Y107: =SUMPRODUCT(Q107:X107,'Fisico ASIG'!O107:V107)/E107 -> 5461613.2 | Z107: =+(P107+Y107) -> 13603723 | AA107: =+Z107/'Fisico ASIG'!N107/24 -> 65.328749 | AB107: =+$AB$21*375/0.52/730 -> 15.806112 | AC107: =+AA107-AB107 -> 49.522637 | AI107: 7099 | AJ107: 5649602 | AK107: =1.2*1.2 -> 1.44 | AL107: =4060+1627*1.4+2100 -> 8437.8 | AM107: 2490000 | AN107: 34.575008 | AO107: =0.075*0.9*(AN107-6) -> 1.928813 | AP107: 2.2
A108: =+A107 -> 1459.4167 | B108: 1437.417 | C108: =YEAR(G108) -> 2025 | D108: =+'Fisico ASIG'!B108 -> 45992 | E108: 31 | F108: mar | G108: 46014 | H108: 28 | I108: =AI108/A108 -> 4.8642721 | J108: =+AL108/A108 -> 5.7816249 | L108: 27 | M108: 71.5 | N108: =+AN108+AO108+AP108 -> 40.15137 | O108: 119.83885 | P108: =SUMPRODUCT(H108:O108,'Fisico ASIG'!F108:M108)*24 -> 9342403.9 | Q108: 0 | R108: =+AJ108*AK108/A108 -> 5574.4373 | S108: =+AM108/A108 -> 1706.1611 | U108: 18000 | V108: 0 | W108: 21900 | X108: 0 | Y108: =SUMPRODUCT(Q108:X108,'Fisico ASIG'!O108:V108)/E108 -> 5569416.8 | Z108: =+(P108+Y108) -> 14911821 | AA108: =+Z108/'Fisico ASIG'!N108/24 -> 60.802257 | AB108: =+$AB$21*375/0.52/730 -> 15.806112 | AC108: =+AA108-AB108 -> 44.996145 | AI108: 7099 | AJ108: 5649602 | AK108: =1.2*1.2 -> 1.44 | AL108: =4060+1627*1.4+2100 -> 8437.8 | AM108: 2490000 | AN108: 35.931026 | AO108: =0.075*0.9*(AN108-6) -> 2.0203442 | AP108: 2.2
A109: =+A108 -> 1459.4167 | B109: 1437.417 | C109: =YEAR(G109) -> 2025 | D109: =+'Fisico ASIG'!B109 -> 45992 | E109: 31 | F109: mié | G109: 46015 | H109: 28 | I109: =AI109/A109 -> 4.8642721 | J109: =+AL109/A109 -> 5.7816249 | L109: 27 | M109: 71.5 | N109: =+AN109+AO109+AP109 -> 39.820976 | O109: 119.83959 | P109: =SUMPRODUCT(H109:O109,'Fisico ASIG'!F109:M109)*24 -> 9244047.3 | Q109: 0 | R109: =+AJ109*AK109/A109 -> 5574.4373 | S109: =+AM109/A109 -> 1706.1611 | U109: 18000 | V109: 0 | W109: 21900 | X109: 0 | Y109: =SUMPRODUCT(Q109:X109,'Fisico ASIG'!O109:V109)/E109 -> 5570853.7 | Z109: =+(P109+Y109) -> 14814901 | AA109: =+Z109/'Fisico ASIG'!N109/24 -> 60.369524 | AB109: =+$AB$21*375/0.52/730 -> 15.806112 | AC109: =+AA109-AB109 -> 44.563412 | AI109: 7099 | AJ109: 5649602 | AK109: =1.2*1.2 -> 1.44 | AL109: =4060+1627*1.4+2100 -> 8437.8 | AM109: 2490000 | AN109: 35.621523 | AO109: =0.075*0.9*(AN109-6) -> 1.9994528 | AP109: 2.2
A110: =+A109 -> 1459.4167 | B110: 1437.417 | C110: =YEAR(G110) -> 2025 | D110: =+'Fisico ASIG'!B110 -> 45992 | E110: 31 | F110: jue | G110: 46016 | H110: 28 | I110: =AI110/A110 -> 4.8642721 | J110: =+AL110/A110 -> 5.7816249 | L110: 27 | M110: 71.5 | N110: =+AN110+AO110+AP110 -> 39.135511 | O110: 120 | P110: =SUMPRODUCT(H110:O110,'Fisico ASIG'!F110:M110)*24 -> 6963726.3 | Q110: 0 | R110: =+AJ110*AK110/A110 -> 5574.4373 | S110: =+AM110/A110 -> 1706.1611 | U110: 18000 | V110: 0 | W110: 21900 | X110: 0 | Y110: =SUMPRODUCT(Q110:X110,'Fisico ASIG'!O110:V110)/E110 -> 5529595.6 | Z110: =+(P110+Y110) -> 12493322 | AA110: =+Z110/'Fisico ASIG'!N110/24 -> 67.776056 | AB110: =+$AB$21*375/0.52/730 -> 15.806112 | AC110: =+AA110-AB110 -> 51.969945 | AI110: 7099 | AJ110: 5649602 | AK110: =1.2*1.2 -> 1.44 | AL110: =4060+1627*1.4+2100 -> 8437.8 | AM110: 2490000 | AN110: 34.979402 | AO110: =0.075*0.9*(AN110-6) -> 1.9561096 | AP110: 2.2
A111: =+A110 -> 1459.4167 | B111: 1437.417 | C111: =YEAR(G111) -> 2025 | D111: =+'Fisico ASIG'!B111 -> 45992 | E111: 31 | F111: vie | G111: 46017 | H111: 28 | I111: =AI111/A111 -> 4.8642721 | J111: =+AL111/A111 -> 5.7816249 | L111: 27 | M111: 71.5 | N111: =+AN111+AO111+AP111 -> 39.242795 | O111: 119.86592 | P111: =SUMPRODUCT(H111:O111,'Fisico ASIG'!F111:M111)*24 -> 8688614.7 | Q111: 0 | R111: =+AJ111*AK111/A111 -> 5574.4373 | S111: =+AM111/A111 -> 1706.1611 | U111: 18000 | V111: 0 | W111: 21900 | X111: 0 | Y111: =SUMPRODUCT(Q111:X111,'Fisico ASIG'!O111:V111)/E111 -> 5513668.2 | Z111: =+(P111+Y111) -> 14202283 | AA111: =+Z111/'Fisico ASIG'!N111/24 -> 61.168835 | AB111: =+$AB$21*375/0.52/730 -> 15.806112 | AC111: =+AA111-AB111 -> 45.362724 | AI111: 7099 | AJ111: 5649602 | AK111: =1.2*1.2 -> 1.44 | AL111: =4060+1627*1.4+2100 -> 8437.8 | AM111: 2490000 | AN111: 35.079902 | AO111: =0.075*0.9*(AN111-6) -> 1.9628934 | AP111: 2.2
A112: =+A111 -> 1459.4167 | B112: 1437.417 | C112: =YEAR(G112) -> 2025 | D112: =+'Fisico ASIG'!B112 -> 45992 | E112: 31 | F112: sáb | G112: 46018 | H112: 28 | I112: =AI112/A112 -> 4.8642721 | J112: =+AL112/A112 -> 5.7816249 | L112: 27 | M112: 71.5 | N112: =+AN112+AO112+AP112 -> 38.747279 | O112: 114.01266 | P112: =SUMPRODUCT(H112:O112,'Fisico ASIG'!F112:M112)*24 -> 8403102.4 | Q112: 0 | R112: =+AJ112*AK112/A112 -> 5574.4373 | S112: =+AM112/A112 -> 1706.1611 | U112: 18000 | V112: 0 | W112: 21900 | X112: 0 | Y112: =SUMPRODUCT(Q112:X112,'Fisico ASIG'!O112:V112)/E112 -> 5469837.7 | Z112: =+(P112+Y112) -> 13872940 | AA112: =+Z112/'Fisico ASIG'!N112/24 -> 60.679224 | AB112: =+$AB$21*375/0.52/730 -> 15.806112 | AC112: =+AA112-AB112 -> 44.873112 | AI112: 7099 | AJ112: 5649602 | AK112: =1.2*1.2 -> 1.44 | AL112: =4060+1627*1.4+2100 -> 8437.8 | AM112: 2490000 | AN112: 34.615718 | AO112: =0.075*0.9*(AN112-6) -> 1.931561 | AP112: 2.2
A113: =+A112 -> 1459.4167 | B113: 1437.417 | C113: =YEAR(G113) -> 2025 | D113: =+'Fisico ASIG'!B113 -> 45992 | E113: 31 | F113: dom | G113: 46019 | H113: 28 | I113: =AI113/A113 -> 4.8642721 | J113: =+AL113/A113 -> 5.7816249 | L113: 27 | M113: 71.5 | N113: =+AN113+AO113+AP113 -> 38.594079 | O113: 66.899441 | P113: =SUMPRODUCT(H113:O113,'Fisico ASIG'!F113:M113)*24 -> 7356754.8 | Q113: 0 | R113: =+AJ113*AK113/A113 -> 5574.4373 | S113: =+AM113/A113 -> 1706.1611 | U113: 18000 | V113: 0 | W113: 21900 | X113: 0 | Y113: =SUMPRODUCT(Q113:X113,'Fisico ASIG'!O113:V113)/E113 -> 5600788.5 | Z113: =+(P113+Y113) -> 12957543 | AA113: =+Z113/'Fisico ASIG'!N113/24 -> 67.390299 | AB113: =+$AB$21*375/0.52/730 -> 15.806112 | AC113: =+AA113-AB113 -> 51.584187 | AI113: 7099 | AJ113: 5649602 | AK113: =1.2*1.2 -> 1.44 | AL113: =4060+1627*1.4+2100 -> 8437.8 | AM113: 2490000 | AN113: 34.472205 | AO113: =0.075*0.9*(AN113-6) -> 1.9218738 | AP113: 2.2
A114: =+A113 -> 1459.4167 | B114: 1450.417 | C114: =YEAR(G114) -> 2025 | D114: =+'Fisico ASIG'!B114 -> 45992 | E114: 31 | F114: lun | G114: =+G113+1 -> 46020 | H114: 28 | I114: =AI114/A114 -> 4.8642721 | J114: =+AL114/A114 -> 5.7816249 | L114: 27 | M114: 71.5 | N114: =+AN114+AO114+AP114 -> 45.777367 | O114: 88.714526 | P114: =SUMPRODUCT(H114:O114,'Fisico ASIG'!F114:M114)*24 -> 10576729 | Q114: 0 | R114: =+AJ114*AK114/A114 -> 5574.4373 | S114: =+AM114/A114 -> 1706.1611 | U114: 18000 | V114: 0 | W114: 21900 | X114: 0 | Y114: =SUMPRODUCT(Q114:X114,'Fisico ASIG'!O114:V114)/E114 -> 5564867.3 | Z114: =+(P114+Y114) -> 16141596 | AA114: =+Z114/'Fisico ASIG'!N114/24 -> 66.639511 | AB114: =+$AB$21*375/0.52/730 -> 15.806112 | AC114: =+AA114-AB114 -> 50.833399 | AI114: 7099 | AJ114: 5649602 | AK114: =1.2*1.2 -> 1.44 | AL114: =4060+1627*1.4+2100 -> 8437.8 | AM114: 2490000 | AN114: 41.201281 | AO114: =0.075*0.9*(AN114-6) -> 2.3760864 | AP114: 2.2
A115: =+A114 -> 1459.4167 | B115: 1450.417 | C115: =YEAR(G115) -> 2025 | D115: =+'Fisico ASIG'!B115 -> 45992 | E115: 31 | F115: mar | G115: =+G114+1 -> 46021 | H115: 28 | I115: =AI115/A115 -> 4.8642721 | J115: =+AL115/A115 -> 5.7816249 | L115: 27 | M115: 71.5 | N115: =+AN115+AO115+AP115 -> 49.846938 | O115: 79.578475 | P115: =SUMPRODUCT(H115:O115,'Fisico ASIG'!F115:M115)*24 -> 10716812 | Q115: 0 | R115: =+AJ115*AK115/A115 -> 5574.4373 | S115: =+AM115/A115 -> 1706.1611 | U115: 18000 | V115: 0 | W115: 21900 | X115: 0 | Y115: =SUMPRODUCT(Q115:X115,'Fisico ASIG'!O115:V115)/E115 -> 5712543.4 | Z115: =+(P115+Y115) -> 16429355 | AA115: =+Z115/'Fisico ASIG'!N115/24 -> 63.025879 | AB115: =+$AB$21*375/0.52/730 -> 15.806112 | AC115: =+AA115-AB115 -> 47.219768 | AI115: 7099 | AJ115: 5649602 | AK115: =1.2*1.2 -> 1.44 | AL115: =4060+1627*1.4+2100 -> 8437.8 | AM115: 2490000 | AN115: 45.013525 | AO115: =0.075*0.9*(AN115-6) -> 2.6334129 | AP115: 2.2
A116: =+A115 -> 1459.4167 | B116: 1450.417 | C116: =YEAR(G116) -> 2025 | D116: =+'Fisico ASIG'!B116 -> 45992 | E116: 31 | F116: mié | G116: =+G115+1 -> 46022 | H116: 28 | I116: =AI116/A116 -> 4.8642721 | J116: =+AL116/A116 -> 5.7816249 | L116: 27 | M116: 71.5 | N116: =+AN116+AO116+AP116 -> 41.763925 | O116: 48.71428 | P116: =SUMPRODUCT(H116:O116,'Fisico ASIG'!F116:M116)*24 -> 9562693.3 | Q116: 0 | R116: =+AJ116*AK116/A116 -> 5574.4373 | S116: =+AM116/A116 -> 1706.1611 | U116: 18000 | V116: 0 | W116: 21900 | X116: 0 | Y116: =SUMPRODUCT(Q116:X116,'Fisico ASIG'!O116:V116)/E116 -> 5542680.1 | Z116: =+(P116+Y116) -> 15105373 | AA116: =+Z116/'Fisico ASIG'!N116/24 -> 58.57096 | AB116: =+$AB$21*375/0.52/730 -> 15.806112 | AC116: =+AA116-AB116 -> 42.764849 | AI116: 7099 | AJ116: 5649602 | AK116: =1.2*1.2 -> 1.44 | AL116: =4060+1627*1.4+2100 -> 8437.8 | AM116: 2490000 | AN116: 37.441616 | AO116: =0.075*0.9*(AN116-6) -> 2.1223091 | AP116: 2.2
A117: =+'Mono SPOT MAT'!A117 -> 1447.6657 | B117: 1450.417 | C117: =YEAR(G117) -> 2026 | D117: =+'Fisico ASIG'!B117 -> 46023 | E117: 31 | F117: =+'Fisico ASIG'!D117 -> jue | G117: =+'Fisico ASIG'!E117 -> 46023 | H117: 28 | I117: =AI117/A117 -> 5.0018454 | J117: =+AL117/A117 -> 6.5099399 | L117: 27 | M117: 71.5 | N117: =+AN117+AO117+AP117+AQ117 -> 40.677889 | O117: 34.478271 | P117: =SUMPRODUCT(H117:O117,'Fisico ASIG'!F117:M117)*24 -> 7875779.8 | Q117: 0 | R117: =+AJ117*AK117/A117 -> 5732.0798 | S117: =+AM117/A117 -> 1775.2717 | U117: 18000 | V117: 0 | W117: 21900 | X117: 0 | Y117: =SUMPRODUCT(Q117:X117,'Fisico ASIG'!O117:V117)/E117 -> 5579344.8 | Z117: =+(P117+Y117) -> 13455125 | AA117: =+Z117/'Fisico ASIG'!N117/24 -> 64.068085 | AB117: =+$AB$21*375/0.52/730 -> 15.806112 | AC117: =+AA117-AB117 -> 48.261973 | AH117: Res. 34 => | AI117: 7241 | AJ117: 5762594 | AK117: =1.2*1.2 -> 1.44 | AL117: =4403+1752*1.4+(4403*2*5*1.4)/24 -> 9424.2167 | AM117: 2570000 | AN117: 37.688889 | AO117: =0.075*0.9*(AN117-6) -> 2.139 | AP117: 0 | AQ117: 0.85
A118: =+A117 -> 1447.6657 | B118: 1450.417 | C118: =YEAR(G118) -> 2026 | D118: =+'Fisico ASIG'!B118 -> 46023 | E118: 31 | F118: =+'Fisico ASIG'!D118 -> vie | G118: =+'Fisico ASIG'!E118 -> 46024 | H118: 28 | I118: =AI118/A118 -> 5.0018454 | J118: =+AL118/A118 -> 6.5099399 | L118: 27 | M118: 71.5 | N118: =+AN118+AO118+AP118+AQ118 -> 41.748865 | O118: 55.348343 | P118: =SUMPRODUCT(H118:O118,'Fisico ASIG'!F118:M118)*24 -> 7837056.5 | Q118: 0 | R118: =+AJ118*AK118/A118 -> 5732.0798 | S118: =+AM118/A118 -> 1775.2717 | U118: 18000 | V118: 0 | W118: 21900 | X118: 0 | Y118: =SUMPRODUCT(Q118:X118,'Fisico ASIG'!O118:V118)/E118 -> 5596205.1 | Z118: =+(P118+Y118) -> 13433262 | AA118: =+Z118/'Fisico ASIG'!N118/24 -> 62.876543 | AB118: =+$AB$21*375/0.52/730 -> 15.806112 | AC118: =+AA118-AB118 -> 47.070431 | AI118: 7241 | AJ118: 5762594 | AK118: =1.2*1.2 -> 1.44 | AL118: =4403+1752*1.4+(4403*2*5*1.4)/24 -> 9424.2167 | AM118: 2570000 | AN118: 38.692145 | AO118: =0.075*0.9*(AN118-6) -> 2.2067198 | AP118: 0 | AQ118: 0.85
A119: =+A118 -> 1447.6657 | B119: 1450.417 | C119: =YEAR(G119) -> 2026 | D119: =+'Fisico ASIG'!B119 -> 46023 | E119: 31 | F119: =+'Fisico ASIG'!D119 -> sáb | G119: =+'Fisico ASIG'!E119 -> 46025 | H119: 28 | I119: =AI119/A119 -> 5.0018454 | J119: =+AL119/A119 -> 6.5099399 | L119: 27 | M119: 71.5 | N119: =+AN119+AO119+AP119+AQ119 -> 41.75909 | O119: 38.717722 | P119: =SUMPRODUCT(H119:O119,'Fisico ASIG'!F119:M119)*24 -> 6363708.3 | Q119: 0 | R119: =+AJ119*AK119/A119 -> 5732.0798 | S119: =+AM119/A119 -> 1775.2717 | U119: 18000 | V119: 0 | W119: 21900 | X119: 0 | Y119: =SUMPRODUCT(Q119:X119,'Fisico ASIG'!O119:V119)/E119 -> 5613373.6 | Z119: =+(P119+Y119) -> 11977082 | AA119: =+Z119/'Fisico ASIG'!N119/24 -> 65.956512 | AB119: =+$AB$21*375/0.52/730 -> 15.806112 | AC119: =+AA119-AB119 -> 50.1504 | AI119: 7241 | AJ119: 5762594 | AK119: =1.2*1.2 -> 1.44 | AL119: =4403+1752*1.4+(4403*2*5*1.4)/24 -> 9424.2167 | AM119: 2570000 | AN119: 38.701724 | AO119: =0.075*0.9*(AN119-6) -> 2.2073664 | AP119: 0 | AQ119: 0.85
A120: =+A119 -> 1447.6657 | B120: 1450.417 | C120: =YEAR(G120) -> 2026 | D120: =+'Fisico ASIG'!B120 -> 46023 | E120: 31 | F120: =+'Fisico ASIG'!D120 -> dom | G120: =+'Fisico ASIG'!E120 -> 46026 | H120: 28 | I120: =AI120/A120 -> 5.0018454 | J120: =+AL120/A120 -> 6.5099399 | L120: 27 | M120: 71.5 | N120: =+AN120+AO120+AP120+AQ120 -> 41.383591 | O120: 37.456303 | P120: =SUMPRODUCT(H120:O120,'Fisico ASIG'!F120:M120)*24 -> 5892245.3 | Q120: 0 | R120: =+AJ120*AK120/A120 -> 5732.0798 | S120: =+AM120/A120 -> 1775.2717 | U120: 18000 | V120: 0 | W120: 21900 | X120: 0 | Y120: =SUMPRODUCT(Q120:X120,'Fisico ASIG'!O120:V120)/E120 -> 5623507 | Z120: =+(P120+Y120) -> 11515752 | AA120: =+Z120/'Fisico ASIG'!N120/24 -> 65.893342 | AB120: =+$AB$21*375/0.52/730 -> 15.806112 | AC120: =+AA120-AB120 -> 50.08723 | AI120: 7241 | AJ120: 5762594 | AK120: =1.2*1.2 -> 1.44 | AL120: =4403+1752*1.4+(4403*2*5*1.4)/24 -> 9424.2167 | AM120: 2570000 | AN120: 38.349968 | AO120: =0.075*0.9*(AN120-6) -> 2.1836228 | AP120: 0 | AQ120: 0.85
A121: =+A120 -> 1447.6657 | B121: 1450.417 | C121: =YEAR(G121) -> 2026 | D121: =+'Fisico ASIG'!B121 -> 46023 | E121: 31 | F121: =+'Fisico ASIG'!D121 -> lun | G121: =+'Fisico ASIG'!E121 -> 46027 | H121: 28 | I121: =AI121/A121 -> 5.0018454 | J121: =+AL121/A121 -> 6.5099399 | L121: 27 | M121: 71.5 | N121: =+AN121+AO121+AP121+AQ121 -> 40.249682 | O121: 59.126244 | P121: =SUMPRODUCT(H121:O121,'Fisico ASIG'!F121:M121)*24 -> 7808237.4 | Q121: 0 | R121: =+AJ121*AK121/A121 -> 5732.0798 | S121: =+AM121/A121 -> 1775.2717 | U121: 18000 | V121: 0 | W121: 21900 | X121: 0 | Y121: =SUMPRODUCT(Q121:X121,'Fisico ASIG'!O121:V121)/E121 -> 5621171 | Z121: =+(P121+Y121) -> 13429408 | AA121: =+Z121/'Fisico ASIG'!N121/24 -> 64.231325 | AB121: =+$AB$21*375/0.52/730 -> 15.806112 | AC121: =+AA121-AB121 -> 48.425213 | AI121: 7241 | AJ121: 5762594 | AK121: =1.2*1.2 -> 1.44 | AL121: =4403+1752*1.4+(4403*2*5*1.4)/24 -> 9424.2167 | AM121: 2570000 | AN121: 37.287758 | AO121: =0.075*0.9*(AN121-6) -> 2.1119237 | AP121: 0 | AQ121: 0.85
A122: =+A121 -> 1447.6657 | B122: 1450.417 | C122: =YEAR(G122) -> 2026 | D122: =+'Fisico ASIG'!B122 -> 46023 | E122: 31 | F122: =+'Fisico ASIG'!D122 -> mar | G122: =+'Fisico ASIG'!E122 -> 46028 | H122: 28 | I122: =AI122/A122 -> 5.0018454 | J122: =+AL122/A122 -> 6.5099399 | L122: 27 | M122: 71.5 | N122: =+AN122+AO122+AP122+AQ122 -> 40.992008 | O122: 49.217655 | P122: =SUMPRODUCT(H122:O122,'Fisico ASIG'!F122:M122)*24 -> 8509077.1 | Q122: 0 | R122: =+AJ122*AK122/A122 -> 5732.0798 | S122: =+AM122/A122 -> 1775.2717 | U122: 18000 | V122: 0 | W122: 21900 | X122: 0 | Y122: =SUMPRODUCT(Q122:X122,'Fisico ASIG'!O122:V122)/E122 -> 5620620.4 | Z122: =+(P122+Y122) -> 14129698 | AA122: =+Z122/'Fisico ASIG'!N122/24 -> 61.637048 | AB122: =+$AB$21*375/0.52/730 -> 15.806112 | AC122: =+AA122-AB122 -> 45.830936 | AI122: 7241 | AJ122: 5762594 | AK122: =1.2*1.2 -> 1.44 | AL122: =4403+1752*1.4+(4403*2*5*1.4)/24 -> 9424.2167 | AM122: 2570000 | AN122: 37.983146 | AO122: =0.075*0.9*(AN122-6) -> 2.1588624 | AP122: 0 | AQ122: 0.85
A123: =+A122 -> 1447.6657 | B123: 1450.417 | C123: =YEAR(G123) -> 2026 | D123: =+'Fisico ASIG'!B123 -> 46023 | E123: 31 | F123: =+'Fisico ASIG'!D123 -> mié | G123: =+'Fisico ASIG'!E123 -> 46029 | H123: 28 | I123: =AI123/A123 -> 5.0018454 | J123: =+AL123/A123 -> 6.5099399 | L123: 27 | M123: 71.5 | N123: =+AN123+AO123+AP123+AQ123 -> 40.500689 | O123: 41.707085 | P123: =SUMPRODUCT(H123:O123,'Fisico ASIG'!F123:M123)*24 -> 7950459.9 | Q123: 0 | R123: =+AJ123*AK123/A123 -> 5732.0798 | S123: =+AM123/A123 -> 1775.2717 | U123: 18000 | V123: 0 | W123: 21900 | X123: 0 | Y123: =SUMPRODUCT(Q123:X123,'Fisico ASIG'!O123:V123)/E123 -> 5623066.6 | Z123: =+(P123+Y123) -> 13573526 | AA123: =+Z123/'Fisico ASIG'!N123/24 -> 62.485193 | AB123: =+$AB$21*375/0.52/730 -> 15.806112 | AC123: =+AA123-AB123 -> 46.679081 | AI123: 7241 | AJ123: 5762594 | AK123: =1.2*1.2 -> 1.44 | AL123: =4403+1752*1.4+(4403*2*5*1.4)/24 -> 9424.2167 | AM123: 2570000 | AN123: 37.522894 | AO123: =0.075*0.9*(AN123-6) -> 2.1277953 | AP123: 0 | AQ123: 0.85
A124: =+A123 -> 1447.6657 | B124: 1450.417 | C124: =YEAR(G124) -> 2026 | D124: =+'Fisico ASIG'!B124 -> 46023 | E124: 31 | F124: =+'Fisico ASIG'!D124 -> jue | G124: =+'Fisico ASIG'!E124 -> 46030 | H124: 28 | I124: =AI124/A124 -> 5.0018454 | J124: =+AL124/A124 -> 6.5099399 | L124: 27 | M124: 71.5 | N124: =+AN124+AO124+AP124+AQ124 -> 40.626466 | O124: 43.099014 | P124: =SUMPRODUCT(H124:O124,'Fisico ASIG'!F124:M124)*24 -> 7288278.7 | Q124: 0 | R124: =+AJ124*AK124/A124 -> 5732.0798 | S124: =+AM124/A124 -> 1775.2717 | U124: 18000 | V124: 0 | W124: 21900 | X124: 0 | Y124: =SUMPRODUCT(Q124:X124,'Fisico ASIG'!O124:V124)/E124 -> 5476147.2 | Z124: =+(P124+Y124) -> 12764426 | AA124: =+Z124/'Fisico ASIG'!N124/24 -> 64.891477 | AB124: =+$AB$21*375/0.52/730 -> 15.806112 | AC124: =+AA124-AB124 -> 49.085366 | AI124: 7241 | AJ124: 5762594 | AK124: =1.2*1.2 -> 1.44 | AL124: =4403+1752*1.4+(4403*2*5*1.4)/24 -> 9424.2167 | AM124: 2570000 | AN124: 37.640718 | AO124: =0.075*0.9*(AN124-6) -> 2.1357484 | AP124: 0 | AQ124: 0.85
A125: =+A124 -> 1447.6657 | B125: 1450.417 | C125: =YEAR(G125) -> 2026 | D125: =+'Fisico ASIG'!B125 -> 46023 | E125: 31 | F125: =+'Fisico ASIG'!D125 -> vie | G125: =+'Fisico ASIG'!E125 -> 46031 | H125: 28 | I125: =AI125/A125 -> 5.0018454 | J125: =+AL125/A125 -> 6.5099399 | K125: =3.5+1.9+(3.5*2*5+3.5*5)/24 -> 7.5875 | L125: 27 | M125: 71.5 | N125: =+AN125+AO125+AP125+AQ125 -> 40.143533 | O125: 42.839745 | P125: =SUMPRODUCT(H125:O125,'Fisico ASIG'!F125:M125)*24 -> 6834393.7 | Q125: 0 | R125: =+AJ125*AK125/A125 -> 5732.0798 | S125: =+AM125/A125 -> 2832.1456 | T125: =+(4000*1759+465*1759*1.2)/(4000+465) -> 1795.6376 | U125: 18000 | V125: 0 | W125: 21900 | X125: 0 | Y125: =SUMPRODUCT(Q125:X125,'Fisico ASIG'!O125:V125)/E125 -> 5510736.3 | Z125: =+(P125+Y125) -> 12345130 | AA125: =+Z125/'Fisico ASIG'!N125/24 -> 66.192726 | AB125: =+$AB$21*375/0.52/730 -> 15.806112 | AC125: =+AA125-AB125 -> 50.386614 | AI125: 7241 | AJ125: 5762594 | AK125: =1.2*1.2 -> 1.44 | AL125: =4403+1752*1.4+(4403*2*5*1.4)/24 -> 9424.2167 | AM125: 4100000 | AN125: 37.188321 | AO125: =0.075*0.9*(AN125-6) -> 2.1052117 | AP125: 0 | AQ125: 0.85
A126: =+A125 -> 1447.6657 | B126: 1450.417 | C126: =YEAR(G126) -> 2026 | D126: =+'Fisico ASIG'!B126 -> 46023 | E126: 31 | F126: =+'Fisico ASIG'!D126 -> sáb | G126: =+'Fisico ASIG'!E126 -> 46032 | H126: 28 | I126: =AI126/A126 -> 5.0018454 | J126: =+AL126/A126 -> 6.5099399 | K126: =3.5+1.9+(3.5*2*5+3.5*5)/24 -> 7.5875 | L126: 27 | M126: 71.5 | N126: =+AN126+AO126+AP126+AQ126 -> 41.078684 | O126: 41.847109 | P126: =SUMPRODUCT(H126:O126,'Fisico ASIG'!F126:M126)*24 -> 6527369.1 | Q126: 0 | R126: =+AJ126*AK126/A126 -> 5732.0798 | S126: =+AM126/A126 -> 2832.1456 | T126: =+(4000*1759+465*1759*1.2)/(4000+465) -> 1795.6376 | U126: 18000 | V126: 0 | W126: 21900 | X126: 0 | Y126: =SUMPRODUCT(Q126:X126,'Fisico ASIG'!O126:V126)/E126 -> 5333311 | Z126: =+(P126+Y126) -> 11860680 | AA126: =+Z126/'Fisico ASIG'!N126/24 -> 65.607898 | AB126: =+$AB$21*375/0.52/730 -> 15.806112 | AC126: =+AA126-AB126 -> 49.801787 | AI126: 7241 | AJ126: 5762594 | AK126: =1.2*1.2 -> 1.44 | AL126: =4403+1752*1.4+(4403*2*5*1.4)/24 -> 9424.2167 | AM126: 4100000 | AN126: 38.064341 | AO126: =0.075*0.9*(AN126-6) -> 2.164343 | AP126: 0 | AQ126: 0.85
A127: =+A126 -> 1447.6657 | B127: 1450.417 | C127: =YEAR(G127) -> 2026 | D127: =+'Fisico ASIG'!B127 -> 46023 | E127: 31 | F127: =+'Fisico ASIG'!D127 -> dom | G127: =+'Fisico ASIG'!E127 -> 46033 | H127: 28 | I127: =AI127/A127 -> 5.0018454 | J127: =+AL127/A127 -> 6.5099399 | K127: =3.5+1.9+(3.5*2*5+3.5*5)/24 -> 7.5875 | L127: 27 | M127: 71.5 | N127: =+AN127+AO127+AP127+AQ127 -> 42.926599 | O127: 65.044002 | P127: =SUMPRODUCT(H127:O127,'Fisico ASIG'!F127:M127)*24 -> 7263787.3 | Q127: 0 | R127: =+AJ127*AK127/A127 -> 5732.0798 | S127: =+AM127/A127 -> 2832.1456 | T127: =+(4000*1759+465*1759*1.2)/(4000+465) -> 1795.6376 | U127: 18000 | V127: 0 | W127: 21900 | X127: 0 | Y127: =SUMPRODUCT(Q127:X127,'Fisico ASIG'!O127:V127)/E127 -> 5341711.2 | Z127: =+(P127+Y127) -> 12605498 | AA127: =+Z127/'Fisico ASIG'!N127/24 -> 66.510212 | AB127: =+$AB$21*375/0.52/730 -> 15.806112 | AC127: =+AA127-AB127 -> 50.7041 | AI127: 7241 | AJ127: 5762594 | AK127: =1.2*1.2 -> 1.44 | AL127: =4403+1752*1.4+(4403*2*5*1.4)/24 -> 9424.2167 | AM127: 4100000 | AN127: 39.795409 | AO127: =0.075*0.9*(AN127-6) -> 2.2811901 | AP127: 0 | AQ127: 0.85
A128: =+A127 -> 1447.6657 | B128: 1472.735 | C128: =YEAR(G128) -> 2026 | D128: =+'Fisico ASIG'!B128 -> 46023 | E128: 31 | F128: =+'Fisico ASIG'!D128 -> lun | G128: =+'Fisico ASIG'!E128 -> 46034 | H128: 28 | I128: =AI128/A128 -> 5.0018454 | J128: =+AL128/A128 -> 6.5099399 | K128: =3.5+1.9+(3.5*2*5+3.5*5)/24 -> 7.5875 | L128: 27 | M128: 71.5 | N128: =+AN128+AO128+AP128+AQ128 -> 41.596524 | O128: 54.788848 | P128: =SUMPRODUCT(H128:O128,'Fisico ASIG'!F128:M128)*24 -> 8694997.4 | Q128: 0 | R128: =+AJ128*AK128/A128 -> 5732.0798 | S128: =+AM128/A128 -> 2832.1456 | T128: =+(4000*1759+465*1759*1.2)/(4000+465) -> 1795.6376 | U128: 18000 | V128: 0 | W128: 21900 | X128: 0 | Y128: =SUMPRODUCT(Q128:X128,'Fisico ASIG'!O128:V128)/E128 -> 5653179.6 | Z128: =+(P128+Y128) -> 14348177 | AA128: =+Z128/'Fisico ASIG'!N128/24 -> 58.906847 | AB128: =+$AB$21*375/0.52/730 -> 15.806112 | AC128: =+AA128-AB128 -> 43.100735 | AI128: 7241 | AJ128: 5762594 | AK128: =1.2*1.2 -> 1.44 | AL128: =4403+1752*1.4+(4403*2*5*1.4)/24 -> 9424.2167 | AM128: 4100000 | AN128: 38.549437 | AO128: =0.075*0.9*(AN128-6) -> 2.197087 | AP128: 0 | AQ128: 0.85
A129: =+A128 -> 1447.6657 | B129: 1472.735 | C129: =YEAR(G129) -> 2026 | D129: =+'Fisico ASIG'!B129 -> 46023 | E129: 31 | F129: =+'Fisico ASIG'!D129 -> mar | G129: =+'Fisico ASIG'!E129 -> 46035 | H129: 28 | I129: =AI129/A129 -> 5.0018454 | J129: =+AL129/A129 -> 6.5099399 | K129: =3.5+1.9+(3.5*2*5+3.5*5)/24 -> 7.5875 | L129: 27 | M129: 71.5 | N129: =+AN129+AO129+AP129+AQ129 -> 40.283767 | O129: 43.855747 | P129: =SUMPRODUCT(H129:O129,'Fisico ASIG'!F129:M129)*24 -> 8664464.8 | Q129: 0 | R129: =+AJ129*AK129/A129 -> 5732.0798 | S129: =+AM129/A129 -> 2832.1456 | T129: =+(4000*1759+465*1759*1.2)/(4000+465) -> 1795.6376 | U129: 18000 | V129: 0 | W129: 21900 | X129: 0 | Y129: =SUMPRODUCT(Q129:X129,'Fisico ASIG'!O129:V129)/E129 -> 5818269.4 | Z129: =+(P129+Y129) -> 14482734 | AA129: =+Z129/'Fisico ASIG'!N129/24 -> 58.514232 | AB129: =+$AB$21*375/0.52/730 -> 15.806112 | AC129: =+AA129-AB129 -> 42.708121 | AI129: 7241 | AJ129: 5762594 | AK129: =1.2*1.2 -> 1.44 | AL129: =4403+1752*1.4+(4403*2*5*1.4)/24 -> 9424.2167 | AM129: 4100000 | AN129: 37.319688 | AO129: =0.075*0.9*(AN129-6) -> 2.114079 | AP129: 0 | AQ129: 0.85
A130: =+A129 -> 1447.6657 | B130: 1472.735 | C130: =YEAR(G130) -> 2026 | D130: =+'Fisico ASIG'!B130 -> 46023 | E130: 31 | F130: =+'Fisico ASIG'!D130 -> mié | G130: =+'Fisico ASIG'!E130 -> 46036 | H130: 28 | I130: =AI130/A130 -> 5.0018454 | J130: =+AL130/A130 -> 6.5099399 | K130: =3.5+1.9+(3.5*2*5+3.5*5)/24 -> 7.5875 | L130: 27 | M130: 71.5 | N130: =+AN130+AO130+AP130+AQ130 -> 44.779551 | O130: 119.86067 | P130: =SUMPRODUCT(H130:O130,'Fisico ASIG'!F130:M130)*24 -> 10007944 | Q130: 0 | R130: =+AJ130*AK130/A130 -> 5732.0798 | S130: =+AM130/A130 -> 2832.1456 | T130: =+(4000*1759+465*1759*1.2)/(4000+465) -> 1795.6376 | U130: 18000 | V130: 0 | W130: 21900 | X130: 0 | Y130: =SUMPRODUCT(Q130:X130,'Fisico ASIG'!O130:V130)/E130 -> 5736095.4 | Z130: =+(P130+Y130) -> 15744040 | AA130: =+Z130/'Fisico ASIG'!N130/24 -> 61.559816 | AB130: =+$AB$21*375/0.52/730 -> 15.806112 | AC130: =+AA130-AB130 -> 45.753704 | AI130: 7241 | AJ130: 5762594 | AK130: =1.2*1.2 -> 1.44 | AL130: =4403+1752*1.4+(4403*2*5*1.4)/24 -> 9424.2167 | AM130: 4100000 | AN130: 41.531195 | AO130: =0.075*0.9*(AN130-6) -> 2.3983557 | AP130: 0 | AQ130: 0.85
A131: =+A130 -> 1447.6657 | B131: 1472.735 | C131: =YEAR(G131) -> 2026 | D131: =+'Fisico ASIG'!B131 -> 46023 | E131: 31 | F131: =+'Fisico ASIG'!D131 -> jue | G131: =+'Fisico ASIG'!E131 -> 46037 | H131: 28 | I131: =AI131/A131 -> 5.0018454 | J131: =+AL131/A131 -> 6.5099399 | K131: =3.5+1.9+(3.5*2*5+3.5*5)/24 -> 7.5875 | L131: 27 | M131: 71.5 | N131: =+AN131+AO131+AP131+AQ131 -> 45.88304 | O131: 119.86452 | P131: =SUMPRODUCT(H131:O131,'Fisico ASIG'!F131:M131)*24 -> 10296195 | Q131: 0 | R131: =+AJ131*AK131/A131 -> 5732.0798 | S131: =+AM131/A131 -> 2832.1456 | T131: =+(4000*1759+465*1759*1.2)/(4000+465) -> 1795.6376 | U131: 18000 | V131: 0 | W131: 21900 | X131: 0 | Y131: =SUMPRODUCT(Q131:X131,'Fisico ASIG'!O131:V131)/E131 -> 5655472.1 | Z131: =+(P131+Y131) -> 15951667 | AA131: =+Z131/'Fisico ASIG'!N131/24 -> 63.711514 | AB131: =+$AB$21*375/0.52/730 -> 15.806112 | AC131: =+AA131-AB131 -> 47.905402 | AI131: 7241 | AJ131: 5762594 | AK131: =1.2*1.2 -> 1.44 | AL131: =4403+1752*1.4+(4403*2*5*1.4)/24 -> 9424.2167 | AM131: 4100000 | AN131: 42.564908 | AO131: =0.075*0.9*(AN131-6) -> 2.4681313 | AP131: 0 | AQ131: 0.85
A132: =+A131 -> 1447.6657 | B132: 1472.735 | C132: =YEAR(G132) -> 2026 | D132: =+'Fisico ASIG'!B132 -> 46023 | E132: 31 | F132: =+'Fisico ASIG'!D132 -> vie | G132: =+'Fisico ASIG'!E132 -> 46038 | H132: 28 | I132: =AI132/A132 -> 5.0018454 | J132: =+AL132/A132 -> 6.5099399 | K132: =3.5+1.9+(3.5*2*5+3.5*5)/24 -> 7.5875 | L132: 27 | M132: 71.5 | N132: =+AN132+AO132+AP132+AQ132 -> 47.039556 | O132: 119.89926 | P132: =SUMPRODUCT(H132:O132,'Fisico ASIG'!F132:M132)*24 -> 9398492.2 | Q132: 0 | R132: =+AJ132*AK132/A132 -> 5732.0798 | S132: =+AM132/A132 -> 2832.1456 | T132: =+(4000*1759+465*1759*1.2)/(4000+465) -> 1795.6376 | U132: 18000 | V132: 0 | W132: 21900 | X132: 0 | Y132: =SUMPRODUCT(Q132:X132,'Fisico ASIG'!O132:V132)/E132 -> 5304539.1 | Z132: =+(P132+Y132) -> 14703031 | AA132: =+Z132/'Fisico ASIG'!N132/24 -> 66.98377 | AB132: =+$AB$21*375/0.52/730 -> 15.806112 | AC132: =+AA132-AB132 -> 51.177659 | AI132: 7241 | AJ132: 5762594 | AK132: =1.2*1.2 -> 1.44 | AL132: =4403+1752*1.4+(4403*2*5*1.4)/24 -> 9424.2167 | AM132: 4100000 | AN132: 43.648296 | AO132: =0.075*0.9*(AN132-6) -> 2.54126 | AP132: 0 | AQ132: 0.85
A133: =+A132 -> 1447.6657 | B133: 1472.735 | C133: =YEAR(G133) -> 2026 | D133: =+'Fisico ASIG'!B133 -> 46023 | E133: 31 | F133: =+'Fisico ASIG'!D133 -> sáb | G133: =+'Fisico ASIG'!E133 -> 46039 | H133: 28 | I133: =AI133/A133 -> 5.0018454 | J133: =+AL133/A133 -> 6.5099399 | K133: =3.5+1.9+(3.5*2*5+3.5*5)/24 -> 7.5875 | L133: 27 | M133: 71.5 | N133: =+AN133+AO133+AP133+AQ133 -> 42.698781 | O133: 119.86486 | P133: =SUMPRODUCT(H133:O133,'Fisico ASIG'!F133:M133)*24 -> 8695143.6 | Q133: 0 | R133: =+AJ133*AK133/A133 -> 5732.0798 | S133: =+AM133/A133 -> 2832.1456 | T133: =+(4000*1759+465*1759*1.2)/(4000+465) -> 1795.6376 | U133: 18000 | V133: 0 | W133: 21900 | X133: 0 | Y133: =SUMPRODUCT(Q133:X133,'Fisico ASIG'!O133:V133)/E133 -> 5188722.1 | Z133: =+(P133+Y133) -> 13883866 | AA133: =+Z133/'Fisico ASIG'!N133/24 -> 64.926266 | AB133: =+$AB$21*375/0.52/730 -> 15.806112 | AC133: =+AA133-AB133 -> 49.120154 | AI133: 7241 | AJ133: 5762594 | AK133: =1.2*1.2 -> 1.44 | AL133: =4403+1752*1.4+(4403*2*5*1.4)/24 -> 9424.2167 | AM133: 4100000 | AN133: 39.581997 | AO133: =0.075*0.9*(AN133-6) -> 2.2667848 | AP133: 0 | AQ133: 0.85
A134: =+A133 -> 1447.6657 | B134: 1472.735 | C134: =YEAR(G134) -> 2026 | D134: =+'Fisico ASIG'!B134 -> 46023 | E134: 31 | F134: =+'Fisico ASIG'!D134 -> dom | G134: =+'Fisico ASIG'!E134 -> 46040 | H134: 28 | I134: =AI134/A134 -> 5.0018454 | J134: =+AL134/A134 -> 6.5099399 | K134: =3.5+1.9+(3.5*2*5+3.5*5)/24 -> 7.5875 | L134: 27 | M134: 71.5 | N134: =+AN134+AO134+AP134+AQ134 -> 40.793931 | O134: 30.579942 | P134: =SUMPRODUCT(H134:O134,'Fisico ASIG'!F134:M134)*24 -> 6715585.8 | Q134: 0 | R134: =+AJ134*AK134/A134 -> 5732.0798 | S134: =+AM134/A134 -> 2832.1456 | T134: =+(4000*1759+465*1759*1.2)/(4000+465) -> 1795.6376 | U134: 18000 | V134: 0 | W134: 21900 | X134: 0 | Y134: =SUMPRODUCT(Q134:X134,'Fisico ASIG'!O134:V134)/E134 -> 5348791.8 | Z134: =+(P134+Y134) -> 12064378 | AA134: =+Z134/'Fisico ASIG'!N134/24 -> 69.563969 | AB134: =+$AB$21*375/0.52/730 -> 15.806112 | AC134: =+AA134-AB134 -> 53.757857 | AI134: 7241 | AJ134: 5762594 | AK134: =1.2*1.2 -> 1.44 | AL134: =4403+1752*1.4+(4403*2*5*1.4)/24 -> 9424.2167 | AM134: 4100000 | AN134: 37.797593 | AO134: =0.075*0.9*(AN134-6) -> 2.1463376 | AP134: 0 | AQ134: 0.85
A135: =+A134 -> 1447.6657 | B135: 1472.735 | C135: =YEAR(G135) -> 2026 | D135: =+'Fisico ASIG'!B135 -> 46023 | E135: 31 | F135: =+'Fisico ASIG'!D135 -> lun | G135: =+'Fisico ASIG'!E135 -> 46041 | H135: 28 | I135: =AI135/A135 -> 5.0018454 | J135: =+AL135/A135 -> 6.5099399 | K135: =3.5+1.9+(3.5*2*5+3.5*5)/24 -> 7.5875 | L135: 27 | M135: 71.5 | N135: =+AN135+AO135+AP135+AQ135 -> 39.732725 | O135: 112.63788 | P135: =SUMPRODUCT(H135:O135,'Fisico ASIG'!F135:M135)*24 -> 7529919.4 | Q135: 0 | R135: =+AJ135*AK135/A135 -> 5732.0798 | S135: =+AM135/A135 -> 2832.1456 | T135: =+(4000*1759+465*1759*1.2)/(4000+465) -> 1795.6376 | U135: 18000 | V135: 0 | W135: 21900 | X135: 0 | Y135: =SUMPRODUCT(Q135:X135,'Fisico ASIG'!O135:V135)/E135 -> 5562953.6 | Z135: =+(P135+Y135) -> 13092873 | AA135: =+Z135/'Fisico ASIG'!N135/24 -> 71.846355 | AB135: =+$AB$21*375/0.52/730 -> 15.806112 | AC135: =+AA135-AB135 -> 56.040243 | AI135: 7241 | AJ135: 5762594 | AK135: =1.2*1.2 -> 1.44 | AL135: =4403+1752*1.4+(4403*2*5*1.4)/24 -> 9424.2167 | AM135: 4100000 | AN135: 36.80349 | AO135: =0.075*0.9*(AN135-6) -> 2.0792356 | AP135: 0 | AQ135: 0.85
A136: =+A135 -> 1447.6657 | B136: 1472.735 | C136: =YEAR(G136) -> 2026 | D136: =+'Fisico ASIG'!B136 -> 46023 | E136: 31 | F136: =+'Fisico ASIG'!D136 -> mar | G136: =+'Fisico ASIG'!E136 -> 46042 | H136: 28 | I136: =AI136/A136 -> 5.0018454 | J136: =+AL136/A136 -> 6.5099399 | K136: =3.5+1.9+(3.5*2*5+3.5*5)/24 -> 7.5875 | L136: 27 | M136: 71.5 | N136: =+AN136+AO136+AP136+AQ136 -> 40.357673 | O136: 119.86128 | P136: =SUMPRODUCT(H136:O136,'Fisico ASIG'!F136:M136)*24 -> 7586444.6 | Q136: 0 | R136: =+AJ136*AK136/A136 -> 5732.0798 | S136: =+AM136/A136 -> 2832.1456 | T136: =+(4000*1759+465*1759*1.2)/(4000+465) -> 1795.6376 | U136: 18000 | V136: 0 | W136: 21900 | X136: 0 | Y136: =SUMPRODUCT(Q136:X136,'Fisico ASIG'!O136:V136)/E136 -> 5771203.1 | Z136: =+(P136+Y136) -> 13357648 | AA136: =+Z136/'Fisico ASIG'!N136/24 -> 70.539763 | AB136: =+$AB$21*375/0.52/730 -> 15.806112 | AC136: =+AA136-AB136 -> 54.733651 | AI136: 7241 | AJ136: 5762594 | AK136: =1.2*1.2 -> 1.44 | AL136: =4403+1752*1.4+(4403*2*5*1.4)/24 -> 9424.2167 | AM136: 4100000 | AN136: 37.388921 | AO136: =0.075*0.9*(AN136-6) -> 2.1187522 | AP136: 0 | AQ136: 0.85
... A146: =+A145 -> 1447.6657 | B146: 1472.735 | C146: =YEAR(G146) -> 2026 | D146: =+'Fisico ASIG'!B146 -> 46023 | E146: 31 | F146: =+'Fisico ASIG'!D146 -> vie | G146: =+'Fisico ASIG'!E146 -> 46052 | H146: 28 | I146: =AI146/A146 -> 5.0018454 | J146: =+AL146/A146 -> 6.5099399 | K146: =3.5+1.9+(3.5*2*5+3.5*5)/24 -> 7.5875 | L146: 27 | M146: 71.5 | N146: =+AN146+AO146+AP146+AQ146 -> 45.923559 | O146: 115.10715 | P146: =SUMPRODUCT(H146:O146,'Fisico ASIG'!F146:M146)*24 -> 10378655 | Q146: 0 | R146: =+AJ146*AK146/A146 -> 5732.0798 | S146: =+AM146/A146 -> 2832.1456 | T146: =+(4000*1759+465*1759*1.2)/(4000+465) -> 1795.6376 | U146: 18000 | V146: 0 | W146: 21900 | X146: 0 | Y146: =SUMPRODUCT(Q146:X146,'Fisico ASIG'!O146:V146)/E146 -> 5753753.7 | Z146: =+(P146+Y146) -> 16132409 | AA146: =+Z146/'Fisico ASIG'!N146/24 -> 68.821863 | AB146: =+$AB$21*375/0.52/730 -> 15.806112 | AC146: =+AA146-AB146 -> 53.015751 | AI146: 7241 | AJ146: 5762594 | AK146: =1.2*1.2 -> 1.44 | AL146: =4403+1752*1.4+(4403*2*5*1.4)/24 -> 9424.2167 | AM146: 4100000 | AN146: 42.602866 | AO146: =0.075*0.9*(AN146-6) -> 2.4706934 | AP146: 0 | AQ146: 0.85
A147: =+A138 -> 1447.6657 | B147: 1472.735 | C147: =YEAR(G147) -> 2026 | D147: =+'Fisico ASIG'!B147 -> 46023 | E147: 31 | F147: =+'Fisico ASIG'!D147 -> sáb | G147: =+'Fisico ASIG'!E147 -> 46053 | H147: 28 | I147: =AI147/A147 -> 5.0018454 | J147: =+AL147/A147 -> 6.5099399 | K147: =3.5+1.9+(3.5*2*5+3.5*5)/24 -> 7.5875 | L147: 27 | M147: 71.5 | N147: =+AN147+AO147+AP147+AQ147 -> 45.476543 | O147: 115.09717 | P147: =SUMPRODUCT(H147:O147,'Fisico ASIG'!F147:M147)*24 -> 9996232 | Q147: 0 | R147: =+AJ147*AK147/A147 -> 5732.0798 | S147: =+AM147/A147 -> 2832.1456 | T147: =+(4000*1759+465*1759*1.2)/(4000+465) -> 1795.6376 | U147: 18000 | V147: 0 | W147: 21900 | X147: 0 | Y147: =SUMPRODUCT(Q147:X147,'Fisico ASIG'!O147:V147)/E147 -> 5735859.5 | Z147: =+(P147+Y147) -> 15732091 | AA147: =+Z147/'Fisico ASIG'!N147/24 -> 73.51756 | AB147: =+$AB$21*375/0.52/730 -> 15.806112 | AC147: =+AA147-AB147 -> 57.711449 | AI147: 7241 | AJ147: 5762594 | AK147: =1.2*1.2 -> 1.44 | AL147: =4403+1752*1.4+(4403*2*5*1.4)/24 -> 9424.2167 | AM147: 4100000 | AN147: 42.184115 | AO147: =0.075*0.9*(AN147-6) -> 2.4424278 | AP147: 0 | AQ147: 0.85
A148: 1408.96 | B148: 1472.735 | C148: =YEAR(G148) -> 2026 | D148: =+'Fisico ASIG'!B148 -> 46054 | E148: 28 | F148: =+'Fisico ASIG'!D148 -> dom | G148: =+'Fisico ASIG'!E148 -> 46054 | H148: 28 | I148: =AI148/A148 -> 5.1392516 | J148: =+AL148/A148 -> 6.6887752 | K148: =3.5+1.9+(3.5*2*5+3.5*5)/24 -> 7.5875 | L148: 27 | M148: 71.5 | N148: =+AN148+AO148+AP148+AQ148 -> 43.395581 | O148: 121.96282 | P148: =SUMPRODUCT(H148:O148,'Fisico ASIG'!F148:M148)*24 -> 9473633.2 | Q148: 0 | R148: =+AJ148*AK148/A148 -> 5889.5464 | S148: =+AM148/A148 -> 2909.9478 | T148: =+(4000*1759+465*1759*1.2)/(4000+465) -> 1795.6376 | U148: 18000 | V148: 0 | W148: 21900 | X148: 0 | Y148: =SUMPRODUCT(Q148:X148,'Fisico ASIG'!O148:V148)/E148 -> 6240519.8 | Z148: =+(P148+Y148) -> 15714153 | AA148: =+Z148/'Fisico ASIG'!N148/24 -> 79.435128 | AB148: =+$AB$21*336/0.52/672*1.1 -> 16.923077 | AC148: =+AA148-AB148 -> 62.512051 | AI148: 7241 | AJ148: 5762594 | AK148: =1.2*1.2 -> 1.44 | AL148: =4403+1752*1.4+(4403*2*5*1.4)/24 -> 9424.2167 | AM148: 4100000 | AN148: 40.234737 | AO148: =0.075*0.9*(AN148-6) -> 2.3108447 | AP148: 0 | AQ148: 0.85
A149: =+A148 -> 1408.96 | B149: 1438.46 | C149: =YEAR(G149) -> 2026 | D149: =+'Fisico ASIG'!B149 -> 46054 | E149: 28 | F149: =+'Fisico ASIG'!D149 -> lun | G149: =+'Fisico ASIG'!E149 -> 46055 | H149: 28 | I149: =AI149/A149 -> 5.1392516 | J149: =+AL149/A149 -> 6.6887752 | K149: =3.5+1.9+(3.5*2*5+3.5*5)/24 -> 7.5875 | L149: 27 | M149: 71.5 | N149: =+AN149+AO149+AP149+AQ149 -> 39.801818 | O149: 121.94672 | P149: =SUMPRODUCT(H149:O149,'Fisico ASIG'!F149:M149)*24 -> 10131285 | Q149: 0 | R149: =+AJ149*AK149/A149 -> 5889.5464 | S149: =+AM149/A149 -> 2909.9478 | T149: =+(4000*1759+465*1759*1.2)/(4000+465) -> 1795.6376 | U149: 18000 | V149: 0 | W149: 21900 | X149: 0 | Y149: =SUMPRODUCT(Q149:X149,'Fisico ASIG'!O149:V149)/E149 -> 6279364.4 | Z149: =+(P149+Y149) -> 16410649 | AA149: =+Z149/'Fisico ASIG'!N149/24 -> 69.64472 | AB149: =+$AB$21*336/0.52/672*1.1 -> 16.923077 | AC149: =+AA149-AB149 -> 52.721643 | AI149: 7241 | AJ149: 5762594 | AK149: =1.2*1.2 -> 1.44 | AL149: =4403+1752*1.4+(4403*2*5*1.4)/24 -> 9424.2167 | AM149: 4100000 | AN149: 36.868213 | AO149: =0.075*0.9*(AN149-6) -> 2.0836044 | AP149: 0 | AQ149: 0.85
A150: =+A149 -> 1408.96 | B150: 1438.46 | C150: =YEAR(G150) -> 2026 | D150: =+'Fisico ASIG'!B150 -> 46054 | E150: 28 | F150: =+'Fisico ASIG'!D150 -> mar | G150: =+'Fisico ASIG'!E150 -> 46056 | H150: 28 | I150: =AI150/A150 -> 5.1392516 | J150: =+AL150/A150 -> 6.6887752 | K150: =3.5+1.9+(3.5*2*5+3.5*5)/24 -> 7.5875 | L150: 27 | M150: 71.5 | N150: =+AN150+AO150+AP150+AQ150 -> 43.618647 | O150: 121.95752 | P150: =SUMPRODUCT(H150:O150,'Fisico ASIG'!F150:M150)*24 -> 10246277 | Q150: 0 | R150: =+AJ150*AK150/A150 -> 5889.5464 | S150: =+AM150/A150 -> 2909.9478 | T150: =+(4000*1759+465*1759*1.2)/(4000+465) -> 1795.6376 | U150: 18000 | V150: 0 | W150: 21900 | X150: 0 | Y150: =SUMPRODUCT(Q150:X150,'Fisico ASIG'!O150:V150)/E150 -> 6267087.1 | Z150: =+(P150+Y150) -> 16513364 | AA150: =+Z150/'Fisico ASIG'!N150/24 -> 66.876128 | AB150: =+$AB$21*336/0.52/672*1.1 -> 16.923077 | AC150: =+AA150-AB150 -> 49.953051 | AI150: 7241 | AJ150: 5762594 | AK150: =1.2*1.2 -> 1.44 | AL150: =4403+1752*1.4+(4403*2*5*1.4)/24 -> 9424.2167 | AM150: 4100000 | AN150: 40.443698 | AO150: =0.075*0.9*(AN150-6) -> 2.3249496 | AP150: 0 | AQ150: 0.85
A151: =+A150 -> 1408.96 | B151: 1438.46 | C151: =YEAR(G151) -> 2026 | D151: =+'Fisico ASIG'!B151 -> 46054 | E151: 28 | F151: =+'Fisico ASIG'!D151 -> mié | G151: =+'Fisico ASIG'!E151 -> 46057 | H151: 28 | I151: =AI151/A151 -> 5.1392516 | J151: =+AL151/A151 -> 6.6887752 | K151: =3.5+1.9+(3.5*2*5+3.5*5)/24 -> 7.5875 | L151: 27 | M151: 71.5 | N151: =+AN151+AO151+AP151+AQ151 -> 46.208916 | O151: 121.96324 | P151: =SUMPRODUCT(H151:O151,'Fisico ASIG'!F151:M151)*24 -> 10489788 | Q151: 0 | R151: =+AJ151*AK151/A151 -> 5889.5464 | S151: =+AM151/A151 -> 2909.9478 | T151: =+(4000*1759+465*1759*1.2)/(4000+465) -> 1795.6376 | U151: 18000 | V151: 0 | W151: 21900 | X151: 0 | Y151: =SUMPRODUCT(Q151:X151,'Fisico ASIG'!O151:V151)/E151 -> 6279737.5 | Z151: =+(P151+Y151) -> 16769525 | AA151: =+Z151/'Fisico ASIG'!N151/24 -> 78.487661 | AB151: =+$AB$21*336/0.52/672*1.1 -> 16.923077 | AC151: =+AA151-AB151 -> 61.564584 | AI151: 7241 | AJ151: 5762594 | AK151: =1.2*1.2 -> 1.44 | AL151: =4403+1752*1.4+(4403*2*5*1.4)/24 -> 9424.2167 | AM151: 4100000 | AN151: 42.870179 | AO151: =0.075*0.9*(AN151-6) -> 2.4887371 | AP151: 0 | AQ151: 0.85
A152: =+A151 -> 1408.96 | B152: 1438.46 | C152: =YEAR(G152) -> 2026 | D152: =+'Fisico ASIG'!B152 -> 46054 | E152: 28 | F152: =+'Fisico ASIG'!D152 -> jue | G152: =+'Fisico ASIG'!E152 -> 46058 | H152: 28 | I152: =AI152/A152 -> 5.1392516 | J152: =+AL152/A152 -> 6.6887752 | K152: =3.5+1.9+(3.5*2*5+3.5*5)/24 -> 7.5875 | L152: 27 | M152: 71.5 | N152: =+AN152+AO152+AP152+AQ152 -> 42.20541 | O152: 121.96259 | P152: =SUMPRODUCT(H152:O152,'Fisico ASIG'!F152:M152)*24 -> 10570175 | Q152: 0 | R152: =+AJ152*AK152/A152 -> 5889.5464 | S152: =+AM152/A152 -> 2909.9478 | T152: =+(4000*1759+465*1759*1.2)/(4000+465) -> 1795.6376 | U152: 18000 | V152: 0 | W152: 21900 | X152: 0 | Y152: =SUMPRODUCT(Q152:X152,'Fisico ASIG'!O152:V152)/E152 -> 6333224.1 | Z152: =+(P152+Y152) -> 16903399 | AA152: =+Z152/'Fisico ASIG'!N152/24 -> 79.127153 | AB152: =+$AB$21*336/0.52/672*1.1 -> 16.923077 | AC152: =+AA152-AB152 -> 62.204076 | AI152: 7241 | AJ152: 5762594 | AK152: =1.2*1.2 -> 1.44 | AL152: =4403+1752*1.4+(4403*2*5*1.4)/24 -> 9424.2167 | AM152: 4100000 | AN152: 39.119822 | AO152: =0.075*0.9*(AN152-6) -> 2.235588 | AP152: 0 | AQ152: 0.85
A153: =+A152 -> 1408.96 | B153: 1438.46 | C153: =YEAR(G153) -> 2026 | D153: =+'Fisico ASIG'!B153 -> 46054 | E153: 28 | F153: =+'Fisico ASIG'!D153 -> vie | G153: =+'Fisico ASIG'!E153 -> 46059 | H153: 28 | I153: =AI153/A153 -> 5.1392516 | J153: =+AL153/A153 -> 6.6887752 | K153: =3.5+1.9+(3.5*2*5+3.5*5)/24 -> 7.5875 | L153: 27 | M153: 71.5 | N153: =+AN153+AO153+AP153+AQ153 -> 39.141643 | O153: 121.96127 | P153: =SUMPRODUCT(H153:O153,'Fisico ASIG'!F153:M153)*24 -> 9948751 | Q153: 0 | R153: =+AJ153*AK153/A153 -> 5889.5464 | S153: =+AM153/A153 -> 2909.9478 | T153: =+(4000*1759+465*1759*1.2)/(4000+465) -> 1795.6376 | U153: 18000 | V153: 0 | W153: 21900 | X153: 0 | Y153: =SUMPRODUCT(Q153:X153,'Fisico ASIG'!O153:V153)/E153 -> 6343841.1 | Z153: =+(P153+Y153) -> 16292592 | AA153: =+Z153/'Fisico ASIG'!N153/24 -> 80.974168 | AB153: =+$AB$21*336/0.52/672*1.1 -> 16.923077 | AC153: =+AA153-AB153 -> 64.051091 | AI153: 7241 | AJ153: 5762594 | AK153: =1.2*1.2 -> 1.44 | AL153: =4403+1752*1.4+(4403*2*5*1.4)/24 -> 9424.2167 | AM153: 4100000 | AN153: 36.249782 | AO153: =0.075*0.9*(AN153-6) -> 2.0418603 | AP153: 0 | AQ153: 0.85
A154: =+A153 -> 1408.96 | B154: 1438.46 | C154: =YEAR(G154) -> 2026 | D154: =+'Fisico ASIG'!B154 -> 46054 | E154: 28 | F154: =+'Fisico ASIG'!D154 -> sáb | G154: =+'Fisico ASIG'!E154 -> 46060 | H154: 28 | I154: =AI154/A154 -> 5.1392516 | J154: =+AL154/A154 -> 6.6887752 | K154: =3.5+1.9+(3.5*2*5+3.5*5)/24 -> 7.5875 | L154: 27 | M154: 71.5 | N154: =+AN154+AO154+AP154+AQ154 -> 39.323806 | O154: 74.424251 | P154: =SUMPRODUCT(H154:O154,'Fisico ASIG'!F154:M154)*24 -> 7033534.5 | Q154: 0 | R154: =+AJ154*AK154/A154 -> 5889.5464 | S154: =+AM154/A154 -> 2909.9478 | T154: =+(4000*1759+465*1759*1.2)/(4000+465) -> 1795.6376 | U154: 18000 | V154: 0 | W154: 21900 | X154: 0 | Y154: =SUMPRODUCT(Q154:X154,'Fisico ASIG'!O154:V154)/E154 -> 6278981.1 | Z154: =+(P154+Y154) -> 13312516 | AA154: =+Z154/'Fisico ASIG'!N154/24 -> 73.957868 | AB154: =+$AB$21*336/0.52/672*1.1 -> 16.923077 | AC154: =+AA154-AB154 -> 57.034791 | AI154: 7241 | AJ154: 5762594 | AK154: =1.2*1.2 -> 1.44 | AL154: =4403+1752*1.4+(4403*2*5*1.4)/24 -> 9424.2167 | AM154: 4100000 | AN154: 36.420427 | AO154: =0.075*0.9*(AN154-6) -> 2.0533788 | AP154: 0 | AQ154: 0.85
A155: =+A154 -> 1408.96 | B155: 1438.46 | C155: =YEAR(G155) -> 2026 | D155: =+'Fisico ASIG'!B155 -> 46054 | E155: 28 | F155: =+'Fisico ASIG'!D155 -> dom | G155: =+'Fisico ASIG'!E155 -> 46061 | H155: 28 | I155: =AI155/A155 -> 5.1392516 | J155: =+AL155/A155 -> 6.6887752 | K155: =3.5+1.9+(3.5*2*5+3.5*5)/24 -> 7.5875 | L155: 27 | M155: 71.5 | N155: =+AN155+AO155+AP155+AQ155 -> 40.420252 | O155: 112.90445 | P155: =SUMPRODUCT(H155:O155,'Fisico ASIG'!F155:M155)*24 -> 7076441.7 | Q155: 0 | R155: =+AJ155*AK155/A155 -> 5889.5464 | S155: =+AM155/A155 -> 2909.9478 | T155: =+(4000*1759+465*1759*1.2)/(4000+465) -> 1795.6376 | U155: 18000 | V155: 0 | W155: 21900 | X155: 0 | Y155: =SUMPRODUCT(Q155:X155,'Fisico ASIG'!O155:V155)/E155 -> 6192464.3 | Z155: =+(P155+Y155) -> 13268906 | AA155: =+Z155/'Fisico ASIG'!N155/24 -> 74.987166 | AB155: =+$AB$21*336/0.52/672*1.1 -> 16.923077 | AC155: =+AA155-AB155 -> 58.064089 | AI155: 7241 | AJ155: 5762594 | AK155: =1.2*1.2 -> 1.44 | AL155: =4403+1752*1.4+(4403*2*5*1.4)/24 -> 9424.2167 | AM155: 4100000 | AN155: 37.447543 | AO155: =0.075*0.9*(AN155-6) -> 2.1227091 | AP155: 0 | AQ155: 0.85
A156: =+A155 -> 1408.96 | B156: 1438.46 | C156: =YEAR(G156) -> 2026 | D156: =+'Fisico ASIG'!B156 -> 46054 | E156: 28 | F156: =+'Fisico ASIG'!D156 -> lun | G156: =+'Fisico ASIG'!E156 -> 46062 | H156: 28 | I156: =AI156/A156 -> 5.1392516 | J156: =+AL156/A156 -> 6.6887752 | K156: =3.5+1.9+(3.5*2*5+3.5*5)/24 -> 7.5875 | L156: 27 | M156: 71.5 | N156: =+AN156+AO156+AP156+AQ156 -> 40.793141 | O156: 40.922764 | P156: =SUMPRODUCT(H156:O156,'Fisico ASIG'!F156:M156)*24 -> 8540264.8 | Q156: 0 | R156: =+AJ156*AK156/A156 -> 5889.5464 | S156: =+AM156/A156 -> 2909.9478 | T156: =+(4000*1759+465*1759*1.2)/(4000+465) -> 1795.6376 | U156: 18000 | V156: 0 | W156: 21900 | X156: 0 | Y156: =SUMPRODUCT(Q156:X156,'Fisico ASIG'!O156:V156)/E156 -> 6331806.4 | Z156: =+(P156+Y156) -> 14872071 | AA156: =+Z156/'Fisico ASIG'!N156/24 -> 70.944141 | AB156: =+$AB$21*336/0.52/672*1.1 -> 16.923077 | AC156: =+AA156-AB156 -> 54.021064 | AI156: 7241 | AJ156: 5762594 | AK156: =1.2*1.2 -> 1.44 | AL156: =4403+1752*1.4+(4403*2*5*1.4)/24 -> 9424.2167 | AM156: 4100000 | AN156: 37.796853 | AO156: =0.075*0.9*(AN156-6) -> 2.1462876 | AP156: 0 | AQ156: 0.85
A157: =+A156 -> 1408.96 | B157: 1438.46 | C157: =YEAR(G157) -> 2026 | D157: =+'Fisico ASIG'!B157 -> 46054 | E157: 28 | F157: =+'Fisico ASIG'!D157 -> mar | G157: =+'Fisico ASIG'!E157 -> 46063 | H157: 28 | I157: =AI157/A157 -> 5.1392516 | J157: =+AL157/A157 -> 6.6887752 | K157: =3.5+1.9+(3.5*2*5+3.5*5)/24 -> 7.5875 | L157: 27 | M157: 71.5 | N157: =+AN157+AO157+AP157+AQ157 -> 41.250513 | O157: 121.88973 | P157: =SUMPRODUCT(H157:O157,'Fisico ASIG'!F157:M157)*24 -> 9355853.6 | Q157: 0 | R157: =+AJ157*AK157/A157 -> 5889.5464 | S157: =+AM157/A157 -> 2909.9478 | T157: =+(4000*1759+465*1759*1.2)/(4000+465) -> 1795.6376 | U157: 18000 | V157: 0 | W157: 21900 | X157: 0 | Y157: =SUMPRODUCT(Q157:X157,'Fisico ASIG'!O157:V157)/E157 -> 6329891.9 | Z157: =+(P157+Y157) -> 15685746 | AA157: =+Z157/'Fisico ASIG'!N157/24 -> 70.391017 | AB157: =+$AB$21*336/0.52/672*1.1 -> 16.923077 | AC157: =+AA157-AB157 -> 53.46794 | AI157: 7241 | AJ157: 5762594 | AK157: =1.2*1.2 -> 1.44 | AL157: =4403+1752*1.4+(4403*2*5*1.4)/24 -> 9424.2167 | AM157: 4100000 | AN157: 38.225305 | AO157: =0.075*0.9*(AN157-6) -> 2.1752081 | AP157: 0 | AQ157: 0.85
A158: =+A157 -> 1408.96 | B158: 1438.46 | C158: =YEAR(G158) -> 2026 | D158: =+'Fisico ASIG'!B158 -> 46054 | E158: 28 | F158: =+'Fisico ASIG'!D158 -> mié | G158: =+'Fisico ASIG'!E158 -> 46064 | H158: 28 | I158: =AI158/A158 -> 5.1392516 | J158: =+AL158/A158 -> 6.6887752 | K158: =3.5+1.9+(3.5*2*5+3.5*5)/24 -> 7.5875 | L158: 27 | M158: 71.5 | N158: =+AN158+AO158+AP158+AQ158 -> 41.366607 | O158: 65.093516 | P158: =SUMPRODUCT(H158:O158,'Fisico ASIG'!F158:M158)*24 -> 9019247.9 | Q158: 0 | R158: =+AJ158*AK158/A158 -> 5889.5464 | S158: =+AM158/A158 -> 2909.9478 | T158: =+(4000*1759+465*1759*1.2)/(4000+465) -> 1795.6376 | U158: 18000 | V158: 0 | W158: 21900 | X158: 0 | Y158: =SUMPRODUCT(Q158:X158,'Fisico ASIG'!O158:V158)/E158 -> 6353116.2 | Z158: =+(P158+Y158) -> 15372364 | AA158: =+Z158/'Fisico ASIG'!N158/24 -> 74.778556 | AB158: =+$AB$21*336/0.52/672*1.1 -> 16.923077 | AC158: =+AA158-AB158 -> 57.855479 | AI158: 7241 | AJ158: 5762594 | AK158: =1.2*1.2 -> 1.44 | AL158: =4403+1752*1.4+(4403*2*5*1.4)/24 -> 9424.2167 | AM158: 4100000 | AN158: 38.334058 | AO158: =0.075*0.9*(AN158-6) -> 2.1825489 | AP158: 0 | AQ158: 0.85
A159: =+A158 -> 1408.96 | B159: 1438.46 | C159: =YEAR(G159) -> 2026 | D159: =+'Fisico ASIG'!B159 -> 46054 | E159: 28 | F159: =+'Fisico ASIG'!D159 -> jue | G159: =+'Fisico ASIG'!E159 -> 46065 | H159: 28 | I159: =AI159/A159 -> 5.1392516 | J159: =+AL159/A159 -> 6.6887752 | K159: =3.5+1.9+(3.5*2*5+3.5*5)/24 -> 7.5875 | L159: 27 | M159: 71.5 | N159: =+AN159+AO159+AP159+AQ159 -> 40.288198 | O159: 77.250121 | P159: =SUMPRODUCT(H159:O159,'Fisico ASIG'!F159:M159)*24 -> 8612086.7 | Q159: 0 | R159: =+AJ159*AK159/A159 -> 5889.5464 | S159: =+AM159/A159 -> 2909.9478 | T159: =+(4000*1759+465*1759*1.2)/(4000+465) -> 1795.6376 | U159: 18000 | V159: 0 | W159: 21900 | X159: 0 | Y159: =SUMPRODUCT(Q159:X159,'Fisico ASIG'!O159:V159)/E159 -> 6383457.5 | Z159: =+(P159+Y159) -> 14995544 | AA159: =+Z159/'Fisico ASIG'!N159/24 -> 72.157891 | AB159: =+$AB$21*336/0.52/672*1.1 -> 16.923077 | AC159: =+AA159-AB159 -> 55.234814 | AI159: 7241 | AJ159: 5762594 | AK159: =1.2*1.2 -> 1.44 | AL159: =4403+1752*1.4+(4403*2*5*1.4)/24 -> 9424.2167 | AM159: 4100000 | AN159: 37.323839 | AO159: =0.075*0.9*(AN159-6) -> 2.1143591 | AP159: 0 | AQ159: 0.85
A160: =+A159 -> 1408.96 | B160: 1438.46 | C160: =YEAR(G160) -> 2026 | D160: =+'Fisico ASIG'!B160 -> 46054 | E160: 28 | F160: =+'Fisico ASIG'!D160 -> vie | G160: =+'Fisico ASIG'!E160 -> 46066 | H160: 28 | I160: =AI160/A160 -> 5.1392516 | J160: =+AL160/A160 -> 6.6887752 | K160: =3.5+1.9+(3.5*2*5+3.5*5)/24 -> 7.5875 | L160: 27 | M160: 71.5 | N160: =+AN160+AO160+AP160+AQ160 -> 39.925548 | O160: 119.92252 | P160: =SUMPRODUCT(H160:O160,'Fisico ASIG'!F160:M160)*24 -> 7099952.7 | Q160: 0 | R160: =+AJ160*AK160/A160 -> 5889.5464 | S160: =+AM160/A160 -> 2909.9478 | T160: =+(4000*1759+465*1759*1.2)/(4000+465) -> 1795.6376 | U160: 18000 | V160: 0 | W160: 21900 | X160: 0 | Y160: =SUMPRODUCT(Q160:X160,'Fisico ASIG'!O160:V160)/E160 -> 6342915.4 | Z160: =+(P160+Y160) -> 13442868 | AA160: =+Z160/'Fisico ASIG'!N160/24 -> 72.668278 | AB160: =+$AB$21*336/0.52/672*1.1 -> 16.923077 | AC160: =+AA160-AB160 -> 55.745201 | AI160: 7241 | AJ160: 5762594 | AK160: =1.2*1.2 -> 1.44 | AL160: =4403+1752*1.4+(4403*2*5*1.4)/24 -> 9424.2167 | AM160: 4100000 | AN160: 36.98412 | AO160: =0.075*0.9*(AN160-6) -> 2.0914281 | AP160: 0 | AQ160: 0.85
... A175: =+A174 -> 1408.96 | B175: 1423.364 | C175: =YEAR(G175) -> 2026 | D175: =+'Fisico ASIG'!B175 -> 46054 | E175: 28 | F175: =+'Fisico ASIG'!D175 -> sáb | G175: =+'Fisico ASIG'!E175 -> 46081 | H175: 28 | I175: =AI175/A175 -> 5.1392516 | J175: =+AL175/A175 -> 6.6887752 | K175: =3.5+1.9+(3.5*2*5+3.5*5)/24 -> 7.5875 | L175: 27 | M175: 71.5 | N175: =+AN175+AO175+AP175+AQ175 -> 40.528894 | O175: 45.37573 | P175: =SUMPRODUCT(H175:O175,'Fisico ASIG'!F175:M175)*24 -> 7571344.8 | Q175: 0 | R175: =+AJ175*AK175/A175 -> 5889.5464 | S175: =+AM175/A175 -> 2909.9478 | T175: =+(4000*1759+465*1759*1.2)/(4000+465) -> 1795.6376 | U175: 18000 | V175: 0 | W175: 21900 | X175: 0 | Y175: =SUMPRODUCT(Q175:X175,'Fisico ASIG'!O175:V175)/E175 -> 5907362.4 | Z175: =+(P175+Y175) -> 13478707 | AA175: =+Z175/'Fisico ASIG'!N175/24 -> 74.788518 | AB175: =+$AB$21*336/0.52/672*1.1 -> 16.923077 | AC175: =+AA175-AB175 -> 57.865441 | AI175: 7241 | AJ175: 5762594 | AK175: =1.2*1.2 -> 1.44 | AL175: =4403+1752*1.4+(4403*2*5*1.4)/24 -> 9424.2167 | AM175: 4100000 | AN175: 37.549315 | AO175: =0.075*0.9*(AN175-6) -> 2.1295788 | AP175: 0 | AQ175: 0.85
A176: 1382.7578 | B176: 1423.364 | C176: 2026 | D176: =+'Fisico ASIG'!B176 -> 46082 | E176: 31 | F176: dom | G176: 46082 | H176: 28 | I176: =AI176/A176 -> 5.2366365 | J176: =+AL176/A176 -> 5.8867926 | K176: =3.5+1.9+(3.5*1*5+3.5*5)/24 -> 6.8583333 | L176: 27 | M176: 71.5 | N176: =+AN176+AO176+AP176+AQ176 -> 39.231239 | O176: 41.484312 | P176: =SUMPRODUCT(H176:O176,'Fisico ASIG'!F176:M176)*24 -> 7347097.5 | Q176: 0 | R176: =+AJ176*AK176/A176 -> 6001.1488 | S176: =+AM176/A176 -> 2965.089 | T176: =+(4000*1759+465*1759*1.2)/(4000+465) -> 1795.6376 | U176: 18000 | V176: 0 | W176: 21900 | X176: 0 | Y176: =SUMPRODUCT(Q176:X176,'Fisico ASIG'!O176:V176)/E176 -> 5277419.5 | Z176: =+(P176+Y176) -> 12624517 | AA176: =+Z176/'Fisico ASIG'!N176/24 -> 72.57159 | AB176: =+$AB$21*0.9*Precios!$P$12/0.61/Precios!$Q$12 -> 11.866737 | AC176: =+AA176-AB176 -> 60.704853 | AI176: 7241 | AJ176: 5762594 | AK176: =1.2*1.2 -> 1.44 | AL176: =4403+1752*1.4+(4403*1*5*1.4)/24 -> 8140.0083 | AM176: 4100000 | AN176: 36.333714 | AO176: =0.075*0.9*(AN176-6) -> 2.0475257 | AP176: 0 | AQ176: 0.85
A177: 1382.7578 | B177: 1367.236 | C177: 2026 | D177: =+'Fisico ASIG'!B177 -> 46082 | E177: 31 | F177: lun | G177: 46083 | H177: 28 | I177: =AI177/A177 -> 5.2366365 | J177: =+AL177/A177 -> 5.8867926 | K177: =3.5+1.9+(3.5*1*5+3.5*5)/24 -> 6.8583333 | L177: 27 | M177: 71.5 | N177: =+AN177+AO177+AP177+AQ177 -> 40.860157 | O177: 76.070782 | P177: =SUMPRODUCT(H177:O177,'Fisico ASIG'!F177:M177)*24 -> 8020162.9 | Q177: 0 | R177: =+AJ177*AK177/A177 -> 6001.1488 | S177: =+AM177/A177 -> 2965.089 | T177: =+(4000*1759+465*1759*1.2)/(4000+465) -> 1795.6376 | U177: 18000 | V177: 0 | W177: 21900 | X177: 0 | Y177: =SUMPRODUCT(Q177:X177,'Fisico ASIG'!O177:V177)/E177 -> 5267334.8 | Z177: =+(P177+Y177) -> 13287498 | AA177: =+Z177/'Fisico ASIG'!N177/24 -> 67.05529 | AB177: =+$AB$21*0.9*Precios!$P$12/0.61/Precios!$Q$12 -> 11.866737 | AC177: =+AA177-AB177 -> 55.188553 | AI177: 7241 | AJ177: 5762594 | AK177: =1.2*1.2 -> 1.44 | AL177: =4403+1752*1.4+(4403*1*5*1.4)/24 -> 8140.0083 | AM177: 4100000 | AN177: 37.859632 | AO177: =0.075*0.9*(AN177-6) -> 2.1505251 | AP177: 0 | AQ177: 0.85
A178: 1382.7578 | B178: 1367.236 | C178: 2026 | D178: =+'Fisico ASIG'!B178 -> 46082 | E178: 31 | F178: mar | G178: 46084 | H178: 28 | I178: =AI178/A178 -> 5.2366365 | J178: =+AL178/A178 -> 5.8867926 | K178: =3.5+1.9+(3.5*1*5+3.5*5)/24 -> 6.8583333 | L178: 27 | M178: 71.5 | N178: =+AN178+AO178+AP178+AQ178 -> 40.967452 | O178: 68.954859 | P178: =SUMPRODUCT(H178:O178,'Fisico ASIG'!F178:M178)*24 -> 7741728.5 | Q178: 0 | R178: =+AJ178*AK178/A178 -> 6001.1488 | S178: =+AM178/A178 -> 2965.089 | T178: =+(4000*1759+465*1759*1.2)/(4000+465) -> 1795.6376 | U178: 18000 | V178: 0 | W178: 21900 | X178: 0 | Y178: =SUMPRODUCT(Q178:X178,'Fisico ASIG'!O178:V178)/E178 -> 5315695.3 | Z178: =+(P178+Y178) -> 13057424 | AA178: =+Z178/'Fisico ASIG'!N178/24 -> 71.997034 | AB178: =+$AB$21*0.9*Precios!$P$12/0.61/Precios!$Q$12 -> 11.866737 | AC178: =+AA178-AB178 -> 60.130297 | AI178: 7241 | AJ178: 5762594 | AK178: =1.2*1.2 -> 1.44 | AL178: =4403+1752*1.4+(4403*1*5*1.4)/24 -> 8140.0083 | AM178: 4100000 | AN178: 37.960142 | AO178: =0.075*0.9*(AN178-6) -> 2.1573096 | AP178: 0 | AQ178: 0.85
A179: 1382.7578 | B179: 1367.236 | C179: 2026 | D179: =+'Fisico ASIG'!B179 -> 46082 | E179: 31 | F179: mié | G179: 46085 | H179: 28 | I179: =AI179/A179 -> 5.2366365 | J179: =+AL179/A179 -> 5.8867926 | K179: =3.5+1.9+(3.5*1*5+3.5*5)/24 -> 6.8583333 | L179: 27 | M179: 71.5 | N179: =+AN179+AO179+AP179+AQ179 -> 40.716558 | O179: 80.55812 | P179: =SUMPRODUCT(H179:O179,'Fisico ASIG'!F179:M179)*24 -> 8415873 | Q179: 0 | R179: =+AJ179*AK179/A179 -> 6001.1488 | S179: =+AM179/A179 -> 2965.089 | T179: =+(4000*1759+465*1759*1.2)/(4000+465) -> 1795.6376 | U179: 18000 | V179: 0 | W179: 21900 | X179: 0 | Y179: =SUMPRODUCT(Q179:X179,'Fisico ASIG'!O179:V179)/E179 -> 5330361.3 | Z179: =+(P179+Y179) -> 13746234 | AA179: =+Z179/'Fisico ASIG'!N179/24 -> 67.302767 | AB179: =+$AB$21*0.9*Precios!$P$12/0.61/Precios!$Q$12 -> 11.866737 | AC179: =+AA179-AB179 -> 55.43603 | AI179: 7241 | AJ179: 5762594 | AK179: =1.2*1.2 -> 1.44 | AL179: =4403+1752*1.4+(4403*1*5*1.4)/24 -> 8140.0083 | AM179: 4100000 | AN179: 37.725113 | AO179: =0.075*0.9*(AN179-6) -> 2.1414451 | AP179: 0 | AQ179: 0.85
...

Sheet Fisico SPOT MAT
C1: Mercado SPOT / MAT | H1: SPOT - ENERGIA | N1: SPOT - POTENCIA | T1: MAT - ENERGIA | Y1: MAT - POTENCIA
C2: Energía Generada por tipo
C3: Potencia disponible por día
H5: ENERGIA | I5: ENERGIA | J5: ENERGIA | K5: ENERGIA | L5: ENERGIA | M5: ENERGIA | N5: POTENCIA | O5: POTENCIA | P5: POTENCIA | Q5: POTENCIA | R5: POTENCIA | S5: POTENCIA | T5: ENERGIA | U5: ENERGIA | V5: ENERGIA | W5: ENERGIA | X5: ENERGIA | Y5: POTENCIA | Z5: POTENCIA | AA5: POTENCIA | AB5: POTENCIA | AC5: ENERGIA
E6: VALORES FISICOS | G6: promedio [MW] | H6: MW med | I6: MW med | J6: MW med | K6: MW med | L6: MW med | M6: MW med | N6: MW med | O6: MW med | P6: MW med | Q6: MW med | R6: MW med | S6: MW med | T6: MW med d | U6: MW med d | V6: MW med d | W6: MW med d | X6: MW med d | Y6: MW disp | Z6: MW disp | AA6: MW disp | AB6: MW disp | AC6: MW disp
E7: HRP | G7: MES | H7: TERM SPOT | I7: TERM FON 1 | J7: HIDRO PROV | K7: HIDRO COM | L7: RENOV | M7: SUMA SPOT | N7: TERM SPOT | O7: TERM FON 1 | P7: HIDRO PROV | Q7: HIDRO COM | R7: RENOV | S7: SUMA SPOT | T7: TERM MATE | U7: HIDRO MAT FUTA | V7: RESTO HIDRO MAT | W7: RENOV MAT | X7: SUMA MAT | Y7: TERM MAT | Z7: HIDRO MAT | AA7: RENOV MAT | AB7: SUMA MAT | AC7: SUMA MAT sin Futa
E8: =SUMIFS(E$25:E$1048576,$D$25:$D$1048576,$G8) -> 348 | G8: =+'Fisico ASIG'!E8 -> 45962 | H8: =AVERAGEIFS(H$25:H$1048576,$D$25:$D$1048576,$G8) -> 4121.9222 | I8: =AVERAGEIFS(I$25:I$1048576,$D$25:$D$1048576,$G8) -> 901.46539 | J8: =AVERAGEIFS(J$25:J$1048576,$D$25:$D$1048576,$G8) -> 320.07786 | L8: =AVERAGEIFS(L$25:L$1048576,$D$25:$D$1048576,$G8) -> 0 | M8: =SUM(H8:L8) -> 5343.4654 | N8: =AVERAGEIFS(N$25:N$1048576,$D$25:$D$1048576,$G8) -> 11446.16 | O8: =AVERAGEIFS(O$25:O$1048576,$D$25:$D$1048576,$G8) -> 1125.6524 | P8: =AVERAGEIFS(P$25:P$1048576,$D$25:$D$1048576,$G8) -> 924.23671 | R8: =AVERAGEIFS(R$25:R$1048576,$D$25:$D$1048576,$G8) -> 0 | S8: =SUM(N8:R8) -> 13496.049 | T8: =AVERAGEIFS(T$25:T$1048576,$D$25:$D$1048576,$G8) -> 0 | U8: =AVERAGEIFS(U$25:U$1048576,$D$25:$D$1048576,$G8) -> 287.79044 | W8: =AVERAGEIFS(W$25:W$1048576,$D$25:$D$1048576,$G8) -> 1356.7029 | X8: =SUM(T8:W8) -> 1644.4933 | Y8: =AVERAGEIFS(Y$25:Y$1048576,$D$25:$D$1048576,$G8) -> 0 | Z8: =AVERAGEIFS(Z$25:Z$1048576,$D$25:$D$1048576,$G8) -> 420.56365 | AA8: =AVERAGEIFS(AA$25:AA$1048576,$D$25:$D$1048576,$G8) -> 0 | AB8: =SUM(Y8:AA8) -> 420.56365 | AC8: =+T8+V8+W8 -> 1356.7029
E9: =SUMIFS(E$25:E$1048576,$D$25:$D$1048576,$G9) -> 384 | G9: =+'Fisico ASIG'!E9 -> 45992 | H9: =AVERAGEIFS(H$25:H$1048576,$D$25:$D$1048576,$G9) -> 6325.778 | I9: =AVERAGEIFS(I$25:I$1048576,$D$25:$D$1048576,$G9) -> 856.23294 | J9: =AVERAGEIFS(J$25:J$1048576,$D$25:$D$1048576,$G9) -> 342.06469 | L9: =AVERAGEIFS(L$25:L$1048576,$D$25:$D$1048576,$G9) -> 0 | M9: =SUM(H9:L9) -> 7524.0756 | N9: =AVERAGEIFS(N$25:N$1048576,$D$25:$D$1048576,$G9) -> 12168.723 | O9: =AVERAGEIFS(O$25:O$1048576,$D$25:$D$1048576,$G9) -> 1173.5581 | P9: =AVERAGEIFS(P$25:P$1048576,$D$25:$D$1048576,$G9) -> 983.24265 | R9: =AVERAGEIFS(R$25:R$1048576,$D$25:$D$1048576,$G9) -> 0 | S9: =SUM(N9:R9) -> 14325.524 | T9: =AVERAGEIFS(T$25:T$1048576,$D$25:$D$1048576,$G9) -> 0 | U9: =AVERAGEIFS(U$25:U$1048576,$D$25:$D$1048576,$G9) -> 227.45209 | W9: =AVERAGEIFS(W$25:W$1048576,$D$25:$D$1048576,$G9) -> 1436.1624 | X9: =SUM(T9:W9) -> 1663.6145 | Y9: =AVERAGEIFS(Y$25:Y$1048576,$D$25:$D$1048576,$G9) -> 0 | Z9: =AVERAGEIFS(Z$25:Z$1048576,$D$25:$D$1048576,$G9) -> 525 | AA9: =AVERAGEIFS(AA$25:AA$1048576,$D$25:$D$1048576,$G9) -> 0 | AB9: =SUM(Y9:AA9) -> 525 | AC9: =+T9+V9+W9 -> 1436.1624
